date,ticker,close,volume
2025-09-25,NBIS,107.94000244140625,19658800
2025-09-26,NBIS,107.69999694824219,14915100
2025-09-29,NBIS,110.22000122070312,12067000
2025-09-30,NBIS,112.2699966430664,20425100
2025-10-01,NBIS,115.61000061035156,12008100
2025-10-02,NBIS,125.87000274658203,26887700
2025-10-03,NBIS,127.9800033569336,21351300
2025-10-06,NBIS,124.94000244140625,16311100
2025-10-07,NBIS,117.69999694824219,19574000
2025-10-08,NBIS,122.0,18005900
2025-10-09,NBIS,132.63999938964844,18124600
2025-10-10,NBIS,129.5800018310547,28268500
2025-10-13,NBIS,135.4600067138672,12788900
2025-10-14,NBIS,128.14999389648438,13109200
2025-10-15,NBIS,125.83000183105469,11708300
2025-10-16,NBIS,123.04000091552734,14207700
2025-10-17,NBIS,113.44000244140625,21366500
2025-10-20,NBIS,109.0,17799500
2025-10-21,NBIS,104.27999877929688,18455900
2025-10-22,NBIS,98.62000274658203,26631500
2025-10-23,NBIS,106.16000366210938,15803800
2025-10-24,NBIS,117.26000213623047,17411900
2025-10-27,NBIS,125.43000030517578,16809800
2025-10-28,NBIS,121.83000183105469,13455500
2025-10-29,NBIS,125.0999984741211,13952800
2025-10-30,NBIS,124.18000030517578,12204400
2025-10-31,NBIS,130.82000732421875,13389000
2025-11-03,NBIS,120.47000122070312,17247000
2025-11-04,NBIS,110.54000091552734,17818200
2025-11-05,NBIS,117.0,13977700
2025-11-06,NBIS,109.44000244140625,17314400
2025-11-07,NBIS,111.27999877929688,17614100
2025-11-10,NBIS,109.94999694824219,21363600
2025-11-11,NBIS,102.22000122070312,45261100
2025-11-12,NBIS,94.36000061035156,35913500
2025-11-13,NBIS,88.62999725341797,41803000
2025-11-14,NBIS,83.54000091552734,31948000
2025-11-17,NBIS,85.9800033569336,23478700
2025-11-18,NBIS,90.54000091552734,26661600
2025-11-19,NBIS,95.06999969482422,22040600
2025-11-20,NBIS,84.63999938964844,35775700
2025-11-21,NBIS,83.26000213623047,34963200
2025-11-24,NBIS,91.9000015258789,51066800
2025-11-25,NBIS,88.87999725341797,15021200
2025-11-26,NBIS,94.69000244140625,13545000
2025-11-28,NBIS,94.87000274658203,6018800
2025-12-01,NBIS,100.1500015258789,14462900
2025-12-02,NBIS,96.44999694824219,11332700
2025-12-03,NBIS,98.91999816894531,11307500
2025-12-04,NBIS,102.80000305175781,11234100
2025-12-05,NBIS,98.04000091552734,13041100
2025-12-08,NBIS,100.33000183105469,8737800
2025-12-09,NBIS,96.41000366210938,10060000
2025-12-10,NBIS,93.58999633789062,10080700
2025-12-11,NBIS,94.27999877929688,11896100
2025-12-12,NBIS,87.69000244140625,14990600
2025-12-15,NBIS,81.13999938964844,17138600
2025-12-16,NBIS,80.94999694824219,13847800
2025-12-17,NBIS,75.44999694824219,17064100
2025-12-18,NBIS,78.08999633789062,10345800
2025-12-19,NBIS,89.45999908447266,17558700
2025-12-22,NBIS,93.2300033569336,11303100
2025-12-23,NBIS,90.02999877929688,8885700
2025-12-24,NBIS,91.12999725341797,3338000
2025-12-26,NBIS,87.58999633789062,6234600
2025-12-29,NBIS,86.04000091552734,8076100
2025-12-30,NBIS,85.16999816894531,5802300
2025-12-31,NBIS,83.70500183105469,7055900
2026-01-02,NBIS,89.94999694824219,9099500
2026-01-05,NBIS,92.83000183105469,10025600
2026-01-06,NBIS,100.23999786376953,18739600
2026-01-07,NBIS,96.20999908447266,10185800
2026-01-08,NBIS,97.30000305175781,12952000
2026-01-09,NBIS,97.93000030517578,11735300
2026-01-12,NBIS,107.33000183105469,16033500
2026-01-13,NBIS,105.43000030517578,10405200
2026-01-14,NBIS,101.9800033569336,10468000
2026-01-15,NBIS,103.88500213623047,11190900
2026-01-16,NBIS,108.7300033569336,15674400
2026-01-20,NBIS,99.29000091552734,16768600
2026-01-21,NBIS,98.87000274658203,15470500
2026-01-22,NBIS,96.8499984741211,10237100
2026-01-23,NBIS,94.5,10064600
2026-01-26,NBIS,91.45999908447266,14675900
2026-01-27,NBIS,97.87000274658203,11670900
2026-01-28,NBIS,100.43000030517578,11834100
2026-01-29,NBIS,94.91000366210938,13332200
2026-01-30,NBIS,85.19000244140625,18182300
2026-02-02,NBIS,88.16000366210938,10501300
2026-02-03,NBIS,89.94999694824219,9743100
2026-02-04,NBIS,82.38999938964844,15962800
2026-02-05,NBIS,73.87000274658203,17441100
2026-02-06,NBIS,86.0999984741211,16895700
2026-02-09,NBIS,92.87999725341797,13235600
2026-02-10,NBIS,91.79000091552734,10388600
2026-02-11,NBIS,88.61000061035156,13933000
2026-02-12,NBIS,89.7300033569336,25735500
2026-02-13,NBIS,98.01000213623047,20543800
2026-02-17,NBIS,97.5199966430664,11665200
2026-02-18,NBIS,101.80000305175781,13132500
2026-02-19,NBIS,107.61000061035156,17315000
2026-02-20,NBIS,97.91999816894531,17238800
2026-02-23,NBIS,100.61000061035156,8882200
2026-02-24,NBIS,102.58000183105469,7436000
2026-02-25,NBIS,106.12000274658203,8737200
2026-02-26,NBIS,104.87999725341797,8529300
2026-02-27,NBIS,91.19000244140625,22945200
2026-03-02,NBIS,91.01000213623047,11049500
2026-03-03,NBIS,86.80000305175781,10158200
2026-03-04,NBIS,97.77999877929688,12975800
2026-03-05,NBIS,95.6500015258789,8769300
2026-03-06,NBIS,89.33000183105469,7829400
2026-03-09,NBIS,94.94000244140625,9983800
2026-03-10,NBIS,96.43000030517578,7125500
2026-03-11,NBIS,111.99500274658203,34845300
2026-03-12,NBIS,108.04000091552734,13302400
2026-03-13,NBIS,112.94999694824219,15433700
2026-03-16,NBIS,129.85000610351562,34657700
2026-03-17,NBIS,116.33000183105469,57203800
2026-03-18,NBIS,118.55999755859375,35792300
2026-03-19,NBIS,121.5199966430664,14606000
2026-03-20,NBIS,117.62000274658203,17414000
2026-03-23,NBIS,114.1500015258789,13470100
2026-03-24,NBIS,114.91000366210938,11830600
2026-03-25,NBIS,115.08999633789062,12131100
2026-03-26,NBIS,105.97000122070312,13405500
2026-03-27,NBIS,100.81999969482422,11552100
2026-03-30,NBIS,92.26000213623047,16685000
2026-03-31,NBIS,103.76000213623047,21546900
2026-04-01,NBIS,101.94999694824219,14922000
2026-04-02,NBIS,108.81999969482422,13686800
2026-04-06,NBIS,112.54000091552734,10920700
2026-04-07,NBIS,117.4000015258789,13136900
2026-04-08,NBIS,125.0,18679200
2026-04-09,NBIS,136.3300018310547,20407800
2026-04-10,NBIS,144.97000122070312,25785100
2026-04-13,NBIS,154.55999755859375,23439600
2026-04-14,NBIS,161.94000244140625,21983200
2026-04-15,NBIS,166.77000427246094,14356300
2026-04-16,NBIS,165.33999633789062,13912300
2026-04-17,NBIS,157.13999938964844,17203600
2026-04-20,NBIS,159.16000366210938,12962500
2026-04-21,NBIS,156.5500030517578,10061200
2026-04-22,NBIS,156.13999938964844,12899100
2026-04-23,NBIS,157.0800018310547,13968700
2026-04-24,NBIS,147.16000366210938,18386600
2026-04-27,NBIS,144.9600067138672,14122100
2026-04-28,NBIS,135.50999450683594,16041400
2026-04-29,NBIS,141.19000244140625,14962700
2026-04-30,NBIS,138.22999572753906,12682900
2026-05-01,NBIS,154.49000549316406,15854500
2026-05-04,NBIS,176.4199981689453,24793300
2026-05-05,NBIS,175.9199981689453,11763200
2026-05-06,NBIS,195.08999633789062,19331100
2026-05-07,NBIS,184.77000427246094,19203400
2026-05-08,NBIS,177.0500030517578,12929600
2026-05-11,NBIS,186.10000610351562,14061600
2026-05-12,NBIS,179.11000061035156,11723200
2026-05-13,NBIS,207.27000427246094,38770000
2026-05-14,NBIS,221.14999389648438,29737800
2026-05-15,NBIS,219.94000244140625,22919800
2026-05-18,NBIS,199.86000061035156,21056500
2026-05-19,NBIS,197.72999572753906,16832900
2026-05-20,NBIS,191.82000732421875,13064000
2026-05-21,NBIS,219.92999267578125,23027700
2026-05-22,NBIS,214.77000427246094,10606700
2026-05-26,NBIS,208.05999755859375,11287000
2026-05-27,NBIS,208.3699951171875,13981100
2026-05-28,NBIS,226.33999633789062,26016700
2026-05-29,NBIS,231.08999633789062,23748700
2026-06-01,NBIS,264.510009765625,24248900
2026-06-02,NBIS,260.5799865722656,14040400
2026-06-03,NBIS,251.67999267578125,11532600
2026-06-04,NBIS,259.6700134277344,12304800
2026-06-05,NBIS,227.80999755859375,20874000
2026-06-08,NBIS,218.0,14008400
2026-06-09,NBIS,220.1199951171875,22699200
2026-06-10,NBIS,211.69000244140625,15356600
2026-06-11,NBIS,222.24000549316406,14297100
2026-06-12,NBIS,232.36000061035156,17131300
2026-06-15,NBIS,260.07000732421875,16699200
2026-06-16,NBIS,265.1000061035156,14643700
2026-06-17,NBIS,280.9100036621094,24392300
2026-06-18,NBIS,286.69000244140625,36625500
2026-06-22,NBIS,283.6099853515625,14697600
2026-06-23,NBIS,275.25,18767700
2026-06-24,NBIS,259.6600036621094,15286300
2026-06-25,NBIS,256.6300048828125,14495500
2026-06-26,NBIS,240.3000030517578,13155000
2026-06-29,NBIS,261.1499938964844,14299200
2026-06-30,NBIS,276.1700134277344,12870300
2026-07-01,NBIS,229.17999267578125,30684800
2026-07-02,NBIS,215.6199951171875,24804700
2026-07-06,NBIS,213.02000427246094,14918900
2026-07-07,NBIS,195.19000244140625,17160800
2026-07-08,NBIS,216.47999572753906,17925700
2026-07-09,NBIS,216.1999969482422,13994700
2026-07-10,NBIS,219.64999389648438,11490500
2026-07-13,NBIS,210.50999450683594,10842300
2026-07-14,NBIS,194.08999633789062,17928500
2026-07-15,NBIS,199.50999450683594,18844400
2026-07-16,NBIS,171.77000427246094,28410900
2026-07-17,NBIS,177.7100067138672,24912200
2026-07-20,NBIS,182.6199951171875,16901600
2026-07-21,NBIS,216.9199981689453,25632600
2026-07-22,NBIS,218.16000366210938,16921100
2026-07-23,NBIS,220.97000122070312,15309800
2026-07-24,NBIS,187.77000427246094,24095300
2026-07-27,NBIS,187.8800048828125,18169100
2026-07-28,NBIS,169.69000244140625,28902400
2026-07-29,NBIS,148.22000122070312,39775900
2026-07-30,NBIS,188.42999267578125,42302400
2026-07-31,NBIS,190.41000366210938,25703400
2026-08-03,NBIS,212.5800018310547,28630300
2026-08-04,NBIS,225.74000549316406,21356700
2026-08-05,NBIS,218.99000549316406,15769000
2026-08-06,NBIS,189.8800048828125,26723800
2026-08-07,NBIS,187.97000122070312,22822900
2026-08-10,NBIS,184.11000061035156,16165200
2026-08-11,NBIS,193.22999572753906,22528700
2026-08-12,NBIS,259.20001220703125,63538200
2026-08-13,NBIS,255.0399932861328,36239100
2026-08-14,NBIS,277.67999267578125,29024700
2026-08-17,NBIS,268.8500061035156,19722300
2026-08-18,NBIS,248.42999267578125,22824200
2026-08-19,NBIS,223.89999389648438,50438600
2026-08-20,NBIS,220.11000061035156,28477900
2026-08-21,NBIS,219.1300048828125,20239700
2026-08-24,NBIS,210.91000366210938,16882300
2026-08-25,NBIS,221.97000122070312,13547900
2026-08-26,NBIS,213.92999267578125,10562800
2026-08-27,NBIS,218.47999572753906,16068200
2026-08-28,NBIS,209.17999267578125,13122100
2026-08-31,NBIS,206.32000732421875,10556100
2026-09-01,NBIS,199.5399932861328,10855900
2026-09-02,NBIS,204.08999633789062,10817900
2026-09-03,NBIS,210.6300048828125,10679600
2026-09-04,NBIS,226.38999938964844,14970700
2026-09-08,NBIS,243.8800048828125,26697300
2026-09-09,NBIS,240.35000610351562,11439000
2026-09-10,NBIS,228.11000061035156,13059400
2026-09-11,NBIS,224.5500030517578,11228300
2026-09-14,NBIS,212.19000244140625,13725100
2026-09-15,NBIS,207.3699951171875,10489000
2026-09-16,NBIS,209.3699951171875,13917900
2026-09-17,NBIS,217.99000549316406,30767600
2026-09-18,NBIS,223.5399932861328,21347700
2026-09-21,NBIS,232.8000030517578,17531100
2026-09-22,NBIS,236.1199951171875,15389000
2026-09-23,NBIS,226.61000061035156,11013400
2026-09-24,NBIS,243.47999572753906,24292300
2025-09-24,LRCX,,0
2025-09-25,LRCX,127.54090118408203,9621700
2025-09-26,LRCX,127.73998260498047,8789000
2025-09-29,LRCX,130.48727416992188,11015500
2025-09-30,LRCX,133.28436279296875,10328800
2025-10-01,LRCX,142.1334991455078,15549100
2025-10-02,LRCX,146.31417846679688,16417100
2025-10-03,LRCX,145.1396026611328,8970300
2025-10-06,LRCX,148.46424865722656,11217100
2025-10-07,LRCX,139.70472717285156,16549800
2025-10-08,LRCX,141.88462829589844,13695700
2025-10-09,LRCX,140.3517303466797,8102500
2025-10-10,LRCX,130.7659912109375,18749000
2025-10-13,LRCX,137.1763916015625,10048100
2025-10-14,LRCX,137.674072265625,10509700
2025-10-15,LRCX,144.11434936523438,9722700
2025-10-16,LRCX,141.71542358398438,11650300
2025-10-17,LRCX,140.859375,6389800
2025-10-20,LRCX,143.38771057128906,8919400
2025-10-21,LRCX,144.37315368652344,8855600
2025-10-22,LRCX,140.60057067871094,16927800
2025-10-23,LRCX,146.8616485595703,13336600
2025-10-24,LRCX,150.98260498046875,10966400
2025-10-27,LRCX,156.17861938476562,13313100
2025-10-28,LRCX,154.9044952392578,7939700
2025-10-29,LRCX,159.93128967285156,12783300
2025-10-30,LRCX,160.26971435546875,10440600
2025-10-31,LRCX,156.73605346679688,9652100
2025-11-03,LRCX,160.49867248535156,7302400
2025-11-04,LRCX,155.06375122070312,11211100
2025-11-05,LRCX,164.29115295410156,11130200
2025-11-06,LRCX,161.44430541992188,9640100
2025-11-07,LRCX,158.61737060546875,11609300
2025-11-10,LRCX,165.60507202148438,10030600
2025-11-11,LRCX,158.44813537597656,9144600
2025-11-12,LRCX,160.67782592773438,8950000
2025-11-13,LRCX,152.61509704589844,13693700
2025-11-14,LRCX,147.5783233642578,15076100
2025-11-17,LRCX,146.7820281982422,10487800
2025-11-18,LRCX,142.58143615722656,12706700
2025-11-19,LRCX,148.11585998535156,9818300
2025-11-20,LRCX,138.9481964111328,13695500
2025-11-21,LRCX,141.99412536621094,14654600
2025-11-24,LRCX,149.68861389160156,23096000
2025-11-25,LRCX,151.23146057128906,9691500
2025-11-26,LRCX,154.42672729492188,8398100
2025-11-28,LRCX,155.28274536132812,4919200
2025-12-01,LRCX,154.0783233642578,7416700
2025-12-02,LRCX,157.4626922607422,10711900
2025-12-03,LRCX,159.2772979736328,9964300
2025-12-04,LRCX,156.62518310546875,8834700
2025-12-05,LRCX,158.2304229736328,7834100
2025-12-08,LRCX,162.25845336914062,10170500
2025-12-09,LRCX,165.31936645507812,8127000
2025-12-10,LRCX,167.76211547851562,9259600
2025-12-11,LRCX,168.21080017089844,10000000
2025-12-12,LRCX,160.0450439453125,11414800
2025-12-15,LRCX,163.8138427734375,10258800
2025-12-16,LRCX,162.7769012451172,8078600
2025-12-17,LRCX,154.5214080810547,12277800
2025-12-18,LRCX,164.212646484375,14006400
2025-12-19,LRCX,171.76026916503906,38469400
2025-12-22,LRCX,174.7414093017578,11436100
2025-12-23,LRCX,174.64170837402344,6483000
2025-12-24,LRCX,176.8052978515625,2598900
2025-12-26,LRCX,177.54310607910156,5238900
2025-12-29,LRCX,175.349609375,6663300
2025-12-30,LRCX,173.2657928466797,5670800
2025-12-31,LRCX,170.67349243164062,4935800
2026-01-02,LRCX,184.51242065429688,11957400
2026-01-05,LRCX,194.1837158203125,16268200
2026-01-06,LRCX,206.3476104736328,18787600
2026-01-07,LRCX,202.47909545898438,15121000
2026-01-08,LRCX,200.36537170410156,13928600
2026-01-09,LRCX,217.71388244628906,16758600
2026-01-12,LRCX,219.74783325195312,10749100
2026-01-13,LRCX,213.74566650390625,12737000
2026-01-14,LRCX,208.1721954345703,18187200
2026-01-15,LRCX,216.82650756835938,15249800
2026-01-16,LRCX,222.30026245117188,14392700
2026-01-20,LRCX,221.7519073486328,11601700
2026-01-21,LRCX,227.71420288085938,12454800
2026-01-22,LRCX,220.0469512939453,11958600
2026-01-23,LRCX,217.29513549804688,10156800
2026-01-26,LRCX,222.21054077148438,10625600
2026-01-27,LRCX,237.75440979003906,12005900
2026-01-28,LRCX,238.87110900878906,15630600
2026-01-29,LRCX,247.4356689453125,16801600
2026-01-30,LRCX,232.7692108154297,18352900
2026-02-02,LRCX,236.7972412109375,13299300
2026-02-03,LRCX,229.41915893554688,13500400
2026-02-04,LRCX,209.1592559814453,19608000
2026-02-05,LRCX,212.67881774902344,10928900
2026-02-06,LRCX,230.32644653320312,13848800
2026-02-09,LRCX,228.60157775878906,9976700
2026-02-10,LRCX,225.93946838378906,7909500
2026-02-11,LRCX,234.42428588867188,9555800
2026-02-12,LRCX,230.60562133789062,10662100
2026-02-13,LRCX,234.83306884765625,9905400
2026-02-17,LRCX,234.88291931152344,7368500
2026-02-18,LRCX,239.37957763671875,10095400
2026-02-19,LRCX,236.68759155273438,6384200
2026-02-20,LRCX,244.19528198242188,8601200
2026-02-23,LRCX,241.55313110351562,9488000
2026-02-24,LRCX,243.5272674560547,9087100
2026-02-25,LRCX,248.74179077148438,9835400
2026-02-26,LRCX,238.36260986328125,10700300
2026-02-27,LRCX,233.19793701171875,12988900
2026-03-02,LRCX,230.31646728515625,10294000
2026-03-03,LRCX,216.62710571289062,12442300
2026-03-04,LRCX,222.59657287597656,8614400
2026-03-05,LRCX,214.30120849609375,10241000
2026-03-06,LRCX,198.97830200195312,13597800
2026-03-09,LRCX,210.77745056152344,13421000
2026-03-10,LRCX,214.85025024414062,10699700
2026-03-11,LRCX,218.48382568359375,7160500
2026-03-12,LRCX,209.12039184570312,9932900
2026-03-13,LRCX,211.8256072998047,8906500
2026-03-16,LRCX,219.01287841796875,9533100
2026-03-17,LRCX,226.07041931152344,10043700
2026-03-18,LRCX,224.3135223388672,12478800
2026-03-19,LRCX,233.5771484375,10101900
2026-03-20,LRCX,227.9570770263672,26176400
2026-03-23,LRCX,232.89834594726562,9506200
2026-03-24,LRCX,238.41859436035156,7388000
2026-03-25,LRCX,233.03810119628906,8330600
2026-03-26,LRCX,211.24661254882812,13460500
2026-03-27,LRCX,211.0369873046875,8503300
2026-03-30,LRCX,199.57723999023438,11921000
2026-03-31,LRCX,213.28302001953125,11725000
2026-04-01,LRCX,221.6182861328125,10697600
2026-04-02,LRCX,218.05459594726562,6805400
2026-04-06,LRCX,220.26068115234375,4031200
2026-04-07,LRCX,223.95416259765625,6818400
2026-04-08,LRCX,246.0550994873047,11023000
2026-04-09,LRCX,258.3034362792969,9757800
2026-04-10,LRCX,263.1947937011719,9124700
2026-04-13,LRCX,266.8483581542969,8773600
2026-04-14,LRCX,271.9293518066406,8500600
2026-04-15,LRCX,264.6921691894531,11324200
2026-04-16,LRCX,260.49957275390625,7829400
2026-04-17,LRCX,267.1278381347656,8465400
2026-04-20,LRCX,262.6956787109375,5989900
2026-04-21,LRCX,257.91412353515625,7830300
2026-04-22,LRCX,265.0814514160156,9803300
2026-04-23,LRCX,258.1037902832031,12269100
2026-04-24,LRCX,267.3075256347656,12313200
2026-04-27,LRCX,259.01220703125,8095400
2026-04-28,LRCX,250.78672790527344,11499500
2026-04-29,LRCX,248.31109619140625,9585300
2026-04-30,LRCX,257.405029296875,10381100
2026-05-01,LRCX,256.26702880859375,8094500
2026-05-04,LRCX,258.1138000488281,6497400
2026-05-05,LRCX,275.3133544921875,11884000
2026-05-06,LRCX,296.64569091796875,14788600
2026-05-07,LRCX,286.01446533203125,9704500
2026-05-08,LRCX,293.5311584472656,8996700
2026-05-11,LRCX,295.52764892578125,9150000
2026-05-12,LRCX,288.7296447753906,9341800
2026-05-13,LRCX,294.9187316894531,8633100
2026-05-14,LRCX,298.6221923828125,6404900
2026-05-15,LRCX,284.2176513671875,9643200
2026-05-18,LRCX,277.46954345703125,8562200
2026-05-19,LRCX,272.89764404296875,8308600
2026-05-20,LRCX,291.57464599609375,8574200
2026-05-21,LRCX,301.7066955566406,9162400
2026-05-22,LRCX,304.8112487792969,7854700
2026-05-26,LRCX,322.11065673828125,9763600
2026-05-27,LRCX,318.3672790527344,8819300
2026-05-28,LRCX,317.4389343261719,8402800
2026-05-29,LRCX,317.6186218261719,10872200
2026-06-01,LRCX,316.5604553222656,8052800
2026-06-02,LRCX,333.8199768066406,8632400
2026-06-03,LRCX,343.1035461425781,8630900
2026-06-04,LRCX,335.8164367675781,8277000
2026-06-05,LRCX,302.744873046875,13309000
2026-06-08,LRCX,323.8775634765625,11465100
2026-06-09,LRCX,326.5827941894531,14466800
2026-06-10,LRCX,321.2322082519531,14088500
2026-06-11,LRCX,361.88037109375,14984000
2026-06-12,LRCX,366.1628112792969,9253300
2026-06-15,LRCX,388.2337951660156,13459800
2026-06-16,LRCX,368.6883544921875,12054900
2026-06-17,LRCX,373.78289794921875,10900800
2026-06-18,LRCX,388.6271667480469,22686600
2026-06-22,LRCX,409.10540771484375,14638600
2026-06-23,LRCX,370.9359436035156,16065200
2026-06-24,LRCX,374.4022521972656,12016700
2026-06-25,LRCX,401.3935852050781,16824000
2026-06-26,LRCX,378.6877136230469,19733700
2026-06-29,LRCX,410.47393798828125,14049600
2026-06-30,LRCX,432.8701477050781,16885100
2026-07-01,LRCX,390.8448181152344,18699300
2026-07-02,LRCX,351.0370788574219,18954700
2026-07-06,LRCX,349.828369140625,13581700
2026-07-07,LRCX,325.7839050292969,15530600
2026-07-08,LRCX,332.79644775390625,8029400
2026-07-09,LRCX,352.79522705078125,12119700
2026-07-10,LRCX,349.9582214355469,6890900
2026-07-13,LRCX,329.5699157714844,9770500
2026-07-14,LRCX,345.73272705078125,10699100
2026-07-15,LRCX,335.07403564453125,10257300
2026-07-16,LRCX,320.619384765625,10641300
2026-07-17,LRCX,312.9674987792969,12805700
2026-07-20,LRCX,306.4344787597656,8074400
2026-07-21,LRCX,321.6582946777344,11936500
2026-07-22,LRCX,318.951171875,6344700
2026-07-23,LRCX,319.4406433105469,8106900
2026-07-24,LRCX,304.8861083984375,9278400
2026-07-27,LRCX,291.300537109375,14117600
2026-07-28,LRCX,269.3238830566406,16097700
2026-07-29,LRCX,252.08221435546875,16103100
2026-07-30,LRCX,297.404052734375,22085800
2026-07-31,LRCX,292.70904541015625,12561200
2026-08-03,LRCX,294.2973327636719,10010900
2026-08-04,LRCX,317.4028015136719,15796600
2026-08-05,LRCX,307.0937805175781,9302000
2026-08-06,LRCX,305.44549560546875,7430400
2026-08-07,LRCX,311.01959228515625,6714100
2026-08-10,LRCX,306.0748291015625,7022800
2026-08-11,LRCX,311.07952880859375,7669400
2026-08-12,LRCX,325.763916015625,8075600
2026-08-13,LRCX,336.6523742675781,8901000
2026-08-14,LRCX,332.0072937011719,7422900
2026-08-17,LRCX,343.4751281738281,8505600
2026-08-18,LRCX,327.572021484375,10210000
2026-08-19,LRCX,306.84405517578125,10861500
2026-08-20,LRCX,310.2004699707031,6802600
2026-08-21,LRCX,313.6667785644531,5940400
2026-08-24,LRCX,309.8408508300781,8608400
2026-08-25,LRCX,314.3260803222656,5018300
2026-08-26,LRCX,312.5479736328125,4113500
2026-08-27,LRCX,318.2419128417969,6555900
2026-08-28,LRCX,301.5796203613281,8057600
2026-08-31,LRCX,301.1700439453125,6949300
2026-09-01,LRCX,289.8920593261719,8249700
2026-09-02,LRCX,288.0140380859375,4840600
2026-09-03,LRCX,292.34942626953125,7207100
2026-09-04,LRCX,307.3235168457031,8355500
2026-09-08,LRCX,320.0799865722656,8937400
2026-09-09,LRCX,315.50482177734375,5580100
2026-09-10,LRCX,297.6937561035156,10597400
2026-09-11,LRCX,297.9035339355469,9364200
2026-09-14,LRCX,273.19976806640625,13682900
2026-09-15,LRCX,270.5825500488281,8930500
2026-09-16,LRCX,268.9443054199219,7603200
2026-09-17,LRCX,269.0242004394531,11273200
2026-09-18,LRCX,287.8042297363281,19636000
2026-09-21,LRCX,301.959228515625,11336000
2026-09-22,LRCX,310.6300048828125,9294800
2026-09-23,LRCX,307.2799987792969,9644600
2026-09-24,LRCX,307.1600036621094,7900100
2025-09-25,NVDA,177.26531982421875,191586700
2025-09-26,NVDA,177.7641143798828,148573700
2025-09-29,NVDA,181.41537475585938,193063500
2025-09-30,NVDA,186.13406372070312,236981000
2025-10-01,NVDA,186.79248046875,173844900
2025-10-02,NVDA,188.43853759765625,136805800
2025-10-03,NVDA,187.17156982421875,137596900
2025-10-06,NVDA,185.09654235839844,157678100
2025-10-07,NVDA,184.5977325439453,140088000
2025-10-08,NVDA,188.6580047607422,130168900
2025-10-09,NVDA,192.1097412109375,182997200
2025-10-10,NVDA,182.72222900390625,268774400
2025-10-13,NVDA,187.86990356445312,153482800
2025-10-14,NVDA,179.59970092773438,205641400
2025-10-15,NVDA,179.4001922607422,214450500
2025-10-16,NVDA,181.37545776367188,179723300
2025-10-17,NVDA,182.7821044921875,173135200
2025-10-20,NVDA,182.20347595214844,128544700
2025-10-21,NVDA,180.7270050048828,124240200
2025-10-22,NVDA,179.84912109375,162249600
2025-10-23,NVDA,181.72462463378906,111363700
2025-10-24,NVDA,185.81480407714844,131296700
2025-10-27,NVDA,191.03233337402344,153452700
2025-10-28,NVDA,200.54953002929688,297986200
2025-10-29,NVDA,206.545166015625,308829600
2025-10-30,NVDA,202.4050750732422,178864400
2025-10-31,NVDA,202.0060272216797,179802200
2025-11-03,NVDA,206.3855438232422,180267300
2025-11-04,NVDA,198.21511840820312,188919300
2025-11-05,NVDA,194.74343872070312,171350300
2025-11-06,NVDA,187.63047790527344,223029800
2025-11-07,NVDA,187.7003173828125,264942300
2025-11-10,NVDA,198.5742645263672,198897100
2025-11-11,NVDA,192.69833374023438,176483300
2025-11-12,NVDA,193.33682250976562,154935300
2025-11-13,NVDA,186.4133758544922,207423100
2025-11-14,NVDA,189.71546936035156,186591900
2025-11-17,NVDA,186.1540069580078,173628900
2025-11-18,NVDA,180.92652893066406,213598900
2025-11-19,NVDA,186.07420349121094,247246400
2025-11-20,NVDA,180.208251953125,343504800
2025-11-21,NVDA,178.45245361328125,346926200
2025-11-24,NVDA,182.11370849609375,256618300
2025-11-25,NVDA,177.39498901367188,320600300
2025-11-26,NVDA,179.8291473388672,183852000
2025-11-28,NVDA,176.5769500732422,121332800
2025-12-01,NVDA,179.48997497558594,188131000
2025-12-02,NVDA,181.02630615234375,182632200
2025-12-03,NVDA,179.16075134277344,165138000
2025-12-04,NVDA,182.951904296875,167364900
2025-12-05,NVDA,181.98416137695312,143971100
2025-12-08,NVDA,185.1168212890625,204378100
2025-12-09,NVDA,184.53819274902344,144719700
2025-12-10,NVDA,183.3509521484375,162785400
2025-12-11,NVDA,180.50759887695312,182136600
2025-12-12,NVDA,174.6114044189453,204274900
2025-12-15,NVDA,175.87843322753906,164775600
2025-12-16,NVDA,177.30511474609375,148588100
2025-12-17,NVDA,170.5409393310547,222775500
2025-12-18,NVDA,173.73345947265625,176096000
2025-12-19,NVDA,180.56747436523438,324925900
2025-12-22,NVDA,183.2611541748047,129064400
2025-12-23,NVDA,188.76829528808594,174873600
2025-12-24,NVDA,188.169677734375,65528500
2025-12-26,NVDA,190.08518981933594,139740300
2025-12-29,NVDA,187.7805938720703,120006100
2025-12-30,NVDA,187.1021728515625,97687300
2025-12-31,NVDA,186.0646209716797,120100500
2026-01-02,NVDA,188.40911865234375,148240500
2026-01-05,NVDA,187.6808319091797,183529700
2026-01-06,NVDA,186.80288696289062,176862600
2026-01-07,NVDA,188.6685028076172,153543200
2026-01-08,NVDA,184.60801696777344,172457000
2026-01-09,NVDA,184.42843627929688,131327500
2026-01-12,NVDA,184.5082550048828,137968500
2026-01-13,NVDA,185.376220703125,160128900
2026-01-14,NVDA,182.7124481201172,159586100
2026-01-15,NVDA,186.6133270263672,206188600
2026-01-16,NVDA,185.79522705078125,187967200
2026-01-20,NVDA,177.65428161621094,223345300
2026-01-21,NVDA,182.8920440673828,200381000
2026-01-22,NVDA,184.40847778320312,139636600
2026-01-23,NVDA,187.23187255859375,142748100
2026-01-26,NVDA,186.03468322753906,124799600
2026-01-27,NVDA,188.07989501953125,143711600
2026-01-28,NVDA,191.07289123535156,148552700
2026-01-29,NVDA,192.06056213378906,171764400
2026-01-30,NVDA,190.6837921142578,179489500
2026-02-02,NVDA,185.17669677734375,165794100
2026-02-03,NVDA,179.91897583007812,204019600
2026-02-04,NVDA,173.78334045410156,207014100
2026-02-05,NVDA,171.47872924804688,206312900
2026-02-06,NVDA,184.97714233398438,231346200
2026-02-09,NVDA,189.59632873535156,196387400
2026-02-10,NVDA,188.09983825683594,136764800
2026-02-11,NVDA,189.60633850097656,144192700
2026-02-12,NVDA,186.5035858154297,189932500
2026-02-13,NVDA,182.3832244873047,161888000
2026-02-17,NVDA,184.53819274902344,162276900
2026-02-18,NVDA,187.5411376953125,164749100
2026-02-19,NVDA,187.46133422851562,126554500
2026-02-20,NVDA,189.37686157226562,178422300
2026-02-23,NVDA,191.1028289794922,171584800
2026-02-24,NVDA,192.39979553222656,175123600
2026-02-25,NVDA,195.10345458984375,250637100
2026-02-26,NVDA,184.4583740234375,360807900
2026-02-27,NVDA,176.77635192871094,311636500
2026-03-02,NVDA,182.05398559570312,209095300
2026-03-03,NVDA,179.62966918945312,178099400
2026-03-04,NVDA,182.61268615722656,177731200
2026-03-05,NVDA,182.9119873046875,198779700
2026-03-06,NVDA,177.4048614501953,189021900
2026-03-09,NVDA,182.2235870361328,177213600
2026-03-10,NVDA,184.33865356445312,179118500
2026-03-11,NVDA,185.60574340820312,145280400
2026-03-12,NVDA,182.7223358154297,155762700
2026-03-13,NVDA,179.8389434814453,160988400
2026-03-16,NVDA,182.80215454101562,217307400
2026-03-17,NVDA,181.51510620117188,182497800
2026-03-18,NVDA,179.98858642578125,156683100
2026-03-19,NVDA,178.15277099609375,170968500
2026-03-20,NVDA,172.30615234375,241323500
2026-03-23,NVDA,175.23944091796875,182836300
2026-03-24,NVDA,174.80044555664062,147667800
2026-03-25,NVDA,178.2725067138672,162602100
2026-03-26,NVDA,170.8494873046875,186152200
2026-03-27,NVDA,167.13796997070312,196212700
2026-03-30,NVDA,164.79331970214844,185627000
2026-03-31,NVDA,174.00225830078125,226181300
2026-04-01,NVDA,175.34918212890625,168132000
2026-04-02,NVDA,176.98545837402344,143143200
2026-04-06,NVDA,177.23487854003906,107564300
2026-04-07,NVDA,177.69383239746094,132534900
2026-04-08,NVDA,181.66476440429688,147732700
2026-04-09,NVDA,183.4906005859375,116428500
2026-04-10,NVDA,188.1998291015625,160459500
2026-04-13,NVDA,188.87826538085938,133648200
2026-04-14,NVDA,196.0618438720703,161307000
2026-04-15,NVDA,198.41647338867188,185338400
2026-04-16,NVDA,197.8976593017578,134012900
2026-04-17,NVDA,201.2200469970703,160324400
2026-04-20,NVDA,201.59918212890625,119381400
2026-04-21,NVDA,199.42417907714844,107945300
2026-04-22,NVDA,202.03819274902344,107501000
2026-04-23,NVDA,199.18470764160156,113561800
2026-04-24,NVDA,207.79502868652344,214134400
2026-04-27,NVDA,216.1160125732422,187172400
2026-04-28,NVDA,212.68385314941406,180275400
2026-04-29,NVDA,208.77279663085938,123711800
2026-04-30,NVDA,199.1148681640625,225239200
2026-05-01,NVDA,197.9974365234375,128647000
2026-05-04,NVDA,198.02734375,125368100
2026-05-05,NVDA,196.05186462402344,113406600
2026-05-06,NVDA,207.3560333251953,188362800
2026-05-07,NVDA,211.01766967773438,168307900
2026-05-08,NVDA,214.709228515625,136421400
2026-05-11,NVDA,218.93955993652344,160685800
2026-05-12,NVDA,220.27650451660156,159176600
2026-05-13,NVDA,225.3149871826172,150405400
2026-05-14,NVDA,235.202392578125,180782900
2026-05-15,NVDA,224.80615234375,180977600
2026-05-18,NVDA,221.81300354003906,146280900
2026-05-19,NVDA,220.1068878173828,140948200
2026-05-20,NVDA,222.9603729248047,184201600
2026-05-21,NVDA,219.0093994140625,203381800
2026-05-22,NVDA,214.83892822265625,169275700
2026-05-26,NVDA,214.37001037597656,187202600
2026-05-27,NVDA,212.1151580810547,167601200
2026-05-28,NVDA,213.7613983154297,143996000
2026-05-29,NVDA,210.6584930419922,289410600
2026-06-01,NVDA,223.8483428955078,212850700
2026-06-02,NVDA,222.3118438720703,193362900
2026-06-03,NVDA,214.26025390625,160907000
2026-06-04,NVDA,218.4156036376953,169022200
2026-06-05,NVDA,204.87075805664062,219655500
2026-06-08,NVDA,208.40679931640625,138372800
2026-06-09,NVDA,207.95730590820312,180962500
2026-06-10,NVDA,200.19598388671875,161746600
2026-06-11,NVDA,204.64100646972656,158643200
2026-06-12,NVDA,204.96066284179688,112001800
2026-06-15,NVDA,212.21253967285156,149936700
2026-06-16,NVDA,207.1781768798828,125694100
2026-06-17,NVDA,204.42124938964844,128363500
2026-06-18,NVDA,210.4545135498047,241272000
2026-06-22,NVDA,208.41677856445312,122041400
2026-06-23,NVDA,199.81640625,153496200
2026-06-24,NVDA,198.77757263183594,151810700
2026-06-25,NVDA,195.52122497558594,149550000
2026-06-26,NVDA,192.31480407714844,179304100
2026-06-29,NVDA,194.7520751953125,148835700
2026-06-30,NVDA,199.86634826660156,166476700
2026-07-01,NVDA,197.35916137695312,146147600
2026-07-02,NVDA,194.61224365234375,142068700
2026-07-06,NVDA,195.33143615722656,108999000
2026-07-07,NVDA,196.7098846435547,124154600
2026-07-08,NVDA,203.891845703125,147419100
2026-07-09,NVDA,202.5533447265625,132037400
2026-07-10,NVDA,210.72421264648438,148421000
2026-07-13,NVDA,203.30250549316406,121411000
2026-07-14,NVDA,211.5632781982422,124379600
2026-07-15,NVDA,212.26248168945312,124797200
2026-07-16,NVDA,207.16818237304688,122986100
2026-07-17,NVDA,202.58331298828125,144281900
2026-07-20,NVDA,203.05279541015625,88701500
2026-07-21,NVDA,207.0583038330078,108685600
2026-07-22,NVDA,211.82298278808594,137645600
2026-07-23,NVDA,208.5266571044922,110505300
2026-07-24,NVDA,206.6088104248047,114836800
2026-07-27,NVDA,196.2903594970703,154353700
2026-07-28,NVDA,196.789794921875,134111500
2026-07-29,NVDA,189.79762268066406,147680800
2026-07-30,NVDA,194.82199096679688,129010200
2026-07-31,NVDA,200.52561950683594,139961200
2026-08-03,NVDA,206.40904235839844,128406900
2026-08-04,NVDA,211.70310974121094,134922000
2026-08-05,NVDA,218.9749755859375,158187400
2026-08-06,NVDA,218.7452392578125,113940600
2026-08-07,NVDA,223.70968627929688,105669400
2026-08-10,NVDA,217.3068389892578,115846600
2026-08-11,NVDA,217.25689697265625,101273100
2026-08-12,NVDA,223.8395233154297,108783600
2026-08-13,NVDA,225.04818725585938,98867200
2026-08-14,NVDA,224.90834045410156,75680900
2026-08-17,NVDA,224.7584991455078,93678700
2026-08-18,NVDA,219.49440002441406,103128200
2026-08-19,NVDA,217.31683349609375,96797300
2026-08-20,NVDA,216.60763549804688,92457000
2026-08-21,NVDA,214.48001098632812,98869300
2026-08-24,NVDA,208.24697875976562,135187300
2026-08-25,NVDA,212.81187438964844,122309000
2026-08-26,NVDA,209.4256591796875,179900000
2026-08-27,NVDA,227.7251739501953,298909800
2026-08-28,NVDA,217.3068389892578,195116400
2026-08-31,NVDA,220.53323364257812,124702700
2026-09-01,NVDA,217.1969757080078,109756200
2026-09-02,NVDA,224.1591796875,157104700
2026-09-03,NVDA,228.1946563720703,134681600
2026-09-04,NVDA,230.10252380371094,135352400
2026-09-08,NVDA,225.47769165039062,122965600
2026-09-09,NVDA,223.4199981689453,82955500
2026-09-10,NVDA,218.36000061035156,105768000
2026-09-11,NVDA,218.2899932861328,89060100
2026-09-14,NVDA,210.9600067138672,132267200
2026-09-15,NVDA,212.1699981689453,88059700
2026-09-16,NVDA,213.89999389648438,96563600
2026-09-17,NVDA,219.33999633789062,94191300
2026-09-18,NVDA,222.27000427246094,190287400
2026-09-21,NVDA,227.3800048828125,109806100
2026-09-22,NVDA,228.8699951171875,95746700
2026-09-23,NVDA,225.50999450683594,89547300
2026-09-24,NVDA,224.5800018310547,77305200
2025-09-25,GOOGL,245.15243530273438,31020400
2025-09-26,GOOGL,245.90048217773438,18503200
2025-09-29,GOOGL,243.41696166992188,32505800
2025-09-30,GOOGL,242.4694366455078,34724300
2025-10-01,GOOGL,244.26475524902344,31658200
2025-10-02,GOOGL,245.05270385742188,25483300
2025-10-03,GOOGL,244.71359252929688,30249600
2025-10-06,GOOGL,249.7803955078125,28894700
2025-10-07,GOOGL,245.1225128173828,23181300
2025-10-08,GOOGL,243.9854736328125,21307100
2025-10-09,GOOGL,240.9034881591797,27892100
2025-10-10,GOOGL,235.9563446044922,33180300
2025-10-13,GOOGL,243.51669311523438,24995000
2025-10-14,GOOGL,244.81332397460938,22111600
2025-10-15,GOOGL,250.3788604736328,27007700
2025-10-16,GOOGL,250.8077392578125,27997200
2025-10-17,GOOGL,252.64295959472656,29671600
2025-10-20,GOOGL,255.88453674316406,22350200
2025-10-21,GOOGL,249.81033325195312,47312100
2025-10-22,GOOGL,251.03713989257812,35029400
2025-10-23,GOOGL,252.4235382080078,19901400
2025-10-24,GOOGL,259.2458190917969,28655100
2025-10-27,GOOGL,268.5715026855469,35235200
2025-10-28,GOOGL,266.7762145996094,29738600
2025-10-29,GOOGL,273.8578186035156,43580300
2025-10-30,GOOGL,280.7499084472656,74876000
2025-10-31,GOOGL,280.4606018066406,39267900
2025-11-03,GOOGL,282.98406982421875,29786000
2025-11-04,GOOGL,276.8200988769531,30078400
2025-11-05,GOOGL,283.572509765625,31010300
2025-11-06,GOOGL,284.0113830566406,37173600
2025-11-07,GOOGL,278.106689453125,34479600
2025-11-10,GOOGL,289.3475036621094,29557300
2025-11-11,GOOGL,290.5543518066406,19842100
2025-11-12,GOOGL,285.9662780761719,24829900
2025-11-13,GOOGL,277.8474426269531,29494000
2025-11-14,GOOGL,275.6929931640625,31647200
2025-11-17,GOOGL,284.2806396484375,52670200
2025-11-18,GOOGL,283.5426025390625,49158700
2025-11-19,GOOGL,292.05047607421875,68198900
2025-11-20,GOOGL,288.6991882324219,62025200
2025-11-21,GOOGL,298.8826904296875,74137700
2025-11-24,GOOGL,317.75360107421875,85165100
2025-11-25,GOOGL,322.60101318359375,88632100
2025-11-26,GOOGL,319.1201171875,51373400
2025-11-28,GOOGL,319.3494873046875,26018600
2025-12-01,GOOGL,314.0732421875,41183000
2025-12-02,GOOGL,314.9908142089844,35854700
2025-12-03,GOOGL,318.8009033203125,41838300
2025-12-04,GOOGL,316.796142578125,31240900
2025-12-05,GOOGL,320.4366455078125,28851700
2025-12-08,GOOGL,313.11090087890625,33909400
2025-12-09,GOOGL,316.4643859863281,30194000
2025-12-10,GOOGL,319.58831787109375,33428900
2025-12-11,GOOGL,311.82342529296875,42353700
2025-12-12,GOOGL,308.68951416015625,35940200
2025-12-15,GOOGL,307.6216125488281,29151900
2025-12-16,GOOGL,305.97479248046875,30585000
2025-12-17,GOOGL,296.1439208984375,43930400
2025-12-18,GOOGL,301.8727722167969,33518000
2025-12-19,GOOGL,306.56365966796875,59943200
2025-12-22,GOOGL,309.1785888671875,26429900
2025-12-23,GOOGL,313.73968505859375,25478700
2025-12-24,GOOGL,313.48016357421875,10097400
2025-12-26,GOOGL,312.9013671875,10899000
2025-12-29,GOOGL,312.9512634277344,19621800
2025-12-30,GOOGL,313.24066162109375,17380900
2025-12-31,GOOGL,312.3923034667969,16377700
2026-01-02,GOOGL,314.5381164550781,32009400
2026-01-05,GOOGL,315.9254455566406,30195600
2026-01-06,GOOGL,313.7297058105469,31212100
2026-01-07,GOOGL,321.35491943359375,35104400
2026-01-08,GOOGL,324.80816650390625,31896100
2026-01-09,GOOGL,327.9320983886719,26214200
2026-01-12,GOOGL,331.2156982421875,33923900
2026-01-13,GOOGL,335.31768798828125,33517600
2026-01-14,GOOGL,335.1879577636719,28525600
2026-01-15,GOOGL,332.1339111328125,28442400
2026-01-16,GOOGL,329.35931396484375,40341600
2026-01-20,GOOGL,321.3748474121094,35361000
2026-01-21,GOOGL,327.7424621582031,35386600
2026-01-22,GOOGL,329.89825439453125,26253600
2026-01-23,GOOGL,327.2933044433594,27280000
2026-01-26,GOOGL,332.61297607421875,26042100
2026-01-27,GOOGL,333.90045166015625,21636200
2026-01-28,GOOGL,335.3576354980469,27434400
2026-01-29,GOOGL,337.5932922363281,39785600
2026-01-30,GOOGL,337.3437805175781,31024000
2026-02-02,GOOGL,343.022705078125,32006100
2026-02-03,GOOGL,339.0504455566406,36506700
2026-02-04,GOOGL,332.3934326171875,70618400
2026-02-05,GOOGL,330.6069030761719,88205800
2026-02-06,GOOGL,322.233154296875,56380500
2026-02-09,GOOGL,323.6903381347656,39640100
2026-02-10,GOOGL,317.9614562988281,39170000
2026-02-11,GOOGL,310.3562316894531,45406400
2026-02-12,GOOGL,308.40008544921875,47761300
2026-02-13,GOOGL,305.1264343261719,38499700
2026-02-17,GOOGL,301.43359375,39247600
2026-02-18,GOOGL,302.7410888671875,28482100
2026-02-19,GOOGL,302.26202392578125,25834400
2026-02-20,GOOGL,314.3684997558594,53210800
2026-02-23,GOOGL,310.8852233886719,31423000
2026-02-24,GOOGL,310.29638671875,25615600
2026-02-25,GOOGL,312.2925109863281,29963600
2026-02-26,GOOGL,306.783203125,36431200
2026-02-27,GOOGL,311.15472412109375,44640600
2026-03-02,GOOGL,305.9248962402344,34790200
2026-03-03,GOOGL,302.9905700683594,35497000
2026-03-04,GOOGL,302.54150390625,29536200
2026-03-05,GOOGL,300.2958679199219,35752300
2026-03-06,GOOGL,297.9404296875,25576900
2026-03-09,GOOGL,305.98040771484375,29312100
2026-03-10,GOOGL,306.65960693359375,23239700
2026-03-11,GOOGL,308.31756591796875,24125700
2026-03-12,GOOGL,303.17388916015625,24928300
2026-03-13,GOOGL,301.9054870605469,23693100
2026-03-16,GOOGL,305.1814270019531,23519700
2026-03-17,GOOGL,310.5347900390625,21955200
2026-03-18,GOOGL,307.30877685546875,20009800
2026-03-19,GOOGL,306.7494812011719,25075800
2026-03-20,GOOGL,300.6270751953125,44364100
2026-03-23,GOOGL,301.685791015625,29326900
2026-03-24,GOOGL,290.0801696777344,36864300
2026-03-25,GOOGL,290.5695495605469,29460700
2026-03-26,GOOGL,280.57196044921875,39080600
2026-03-27,GOOGL,274.0001220703125,35890600
2026-03-30,GOOGL,273.1611633300781,35141200
2026-03-31,GOOGL,287.2037353515625,43875400
2026-04-01,GOOGL,297.0215759277344,37684500
2026-04-02,GOOGL,295.403564453125,21666500
2026-04-06,GOOGL,299.6183166503906,16945500
2026-04-07,GOOGL,305.08154296875,23205400
2026-04-08,GOOGL,316.9268798828125,33547100
2026-04-09,GOOGL,318.09539794921875,23739200
2026-04-10,GOOGL,316.8469543457031,19152600
2026-04-13,GOOGL,320.91192626953125,18866400
2026-04-14,GOOGL,332.49755859375,27721400
2026-04-15,GOOGL,336.70233154296875,24918800
2026-04-16,GOOGL,335.6036682128906,20541500
2026-04-17,GOOGL,341.2566833496094,25581900
2026-04-20,GOOGL,337.0019836425781,18784200
2026-04-21,GOOGL,331.8783264160156,23123800
2026-04-22,GOOGL,338.8996276855469,20293000
2026-04-23,GOOGL,338.47015380859375,18650300
2026-04-24,GOOGL,343.9732971191406,26426100
2026-04-27,GOOGL,349.90594482421875,28576900
2026-04-28,GOOGL,349.3466491699219,27824100
2026-04-29,GOOGL,349.5064697265625,35376300
2026-04-30,GOOGL,384.3232421875,72040000
2026-05-01,GOOGL,385.2121887207031,30105200
2026-05-04,GOOGL,382.7751770019531,26298600
2026-05-05,GOOGL,387.9487609863281,23878600
2026-05-06,GOOGL,397.546875,31308500
2026-05-07,GOOGL,397.4969177246094,24433500
2026-05-08,GOOGL,400.3034362792969,21461800
2026-05-11,GOOGL,388.15850830078125,30753700
2026-05-12,GOOGL,386.8701171875,26017500
2026-05-13,GOOGL,402.1211853027344,28144600
2026-05-14,GOOGL,400.5731201171875,21136700
2026-05-15,GOOGL,396.2884216308594,20309700
2026-05-18,GOOGL,396.4482421875,26837200
2026-05-19,GOOGL,387.1797180175781,39545700
2026-05-20,GOOGL,388.4281921386719,31744400
2026-05-21,GOOGL,387.1797180175781,24852800
2026-05-22,GOOGL,382.49554443359375,20442100
2026-05-26,GOOGL,388.398193359375,27747400
2026-05-27,GOOGL,388.3482360839844,23087300
2026-05-28,GOOGL,389.64666748046875,24357500
2026-05-29,GOOGL,379.8687744140625,44415800
2026-06-01,GOOGL,375.9037170410156,28672100
2026-06-02,GOOGL,361.4017028808594,50412300
2026-06-03,GOOGL,358.54522705078125,55441600
2026-06-04,GOOGL,371.7289123535156,44055500
2026-06-05,GOOGL,368.07342529296875,37471200
2026-06-08,GOOGL,363.0766296386719,27942500
2026-06-09,GOOGL,364.0260314941406,29535100
2026-06-10,GOOGL,356.1510925292969,32357100
2026-06-11,GOOGL,357.5401611328125,35538200
2026-06-12,GOOGL,359.4489440917969,24704600
2026-06-15,GOOGL,369.1127624511719,27727500
2026-06-16,GOOGL,373.01025390625,24876100
2026-06-17,GOOGL,363.55633544921875,24543600
2026-06-18,GOOGL,367.7935791015625,44470100
2026-06-22,GOOGL,349.45538330078125,52814800
2026-06-23,GOOGL,345.90765380859375,34007700
2026-06-24,GOOGL,345.0682067871094,44997300
2026-06-25,GOOGL,343.48919677734375,44491400
2026-06-26,GOOGL,337.17327880859375,114706300
2026-06-29,GOOGL,353.4228210449219,34213900
2026-06-30,GOOGL,357.14044189453125,35237200
2026-07-01,GOOGL,360.97796630859375,26736400
2026-07-02,GOOGL,359.6788024902344,25974800
2026-07-06,GOOGL,366.2245788574219,26915800
2026-07-07,GOOGL,366.7942199707031,24045600
2026-07-08,GOOGL,361.6875305175781,22094800
2026-07-09,GOOGL,358.65948486328125,24729100
2026-07-10,GOOGL,356.9505615234375,18146100
2026-07-13,GOOGL,352.2835693359375,15901700
2026-07-14,GOOGL,359.2790832519531,18259400
2026-07-15,GOOGL,370.6817626953125,28284600
2026-07-16,GOOGL,354.2322998046875,41158500
2026-07-17,GOOGL,346.5472412109375,29959300
2026-07-20,GOOGL,351.7638854980469,24736600
2026-07-21,GOOGL,346.927001953125,23369800
2026-07-22,GOOGL,341.8702392578125,39334100
2026-07-23,GOOGL,317.4859313964844,69419700
2026-07-24,GOOGL,319.53460693359375,31806600
2026-07-27,GOOGL,326.3502197265625,28471600
2026-07-28,GOOGL,333.4956359863281,29511900
2026-07-29,GOOGL,336.49371337890625,27501600
2026-07-30,GOOGL,333.4456787109375,30168000
2026-07-31,GOOGL,355.9012451171875,46498000
2026-08-03,GOOGL,373.27008056640625,38669700
2026-08-04,GOOGL,377.40740966796875,35705700
2026-08-05,GOOGL,362.1971740722656,46926300
2026-08-06,GOOGL,357.52020263671875,25235900
2026-08-07,GOOGL,354.0723876953125,19859900
2026-08-10,GOOGL,357.29034423828125,18991400
2026-08-11,GOOGL,343.5791320800781,29081800
2026-08-12,GOOGL,343.3193359375,25012000
2026-08-13,GOOGL,346.13751220703125,17866100
2026-08-14,GOOGL,345.67779541015625,17808600
2026-08-17,GOOGL,343.7790222167969,18291300
2026-08-18,GOOGL,343.9789123535156,19248800
2026-08-19,GOOGL,344.4985656738281,19733800
2026-08-20,GOOGL,340.451171875,18570400
2026-08-21,GOOGL,344.5985107421875,20849800
2026-08-24,GOOGL,347.83642578125,26338200
2026-08-25,GOOGL,346.73712158203125,20649700
2026-08-26,GOOGL,341.7803039550781,20420300
2026-08-27,GOOGL,340.4311828613281,23391400
2026-08-28,GOOGL,346.36737060546875,25347200
2026-08-31,GOOGL,339.13201904296875,33493600
2026-09-01,GOOGL,334.8047790527344,23342700
2026-09-02,GOOGL,336.9034423828125,22582300
2026-09-03,GOOGL,342.260009765625,20726900
2026-09-04,GOOGL,338.4599914550781,23189300
2026-09-08,GOOGL,338.3599853515625,22915800
2026-09-09,GOOGL,330.6499938964844,33151600
2026-09-10,GOOGL,332.6000061035156,23557600
2026-09-11,GOOGL,338.5,24708300
2026-09-14,GOOGL,349.3900146484375,35905400
2026-09-15,GOOGL,344.9800109863281,21928600
2026-09-16,GOOGL,342.8699951171875,18928900
2026-09-17,GOOGL,347.3299865722656,19238400
2026-09-18,GOOGL,349.5400085449219,47631800
2026-09-21,GOOGL,354.9700012207031,30455400
2026-09-22,GOOGL,351.1600036621094,29788600
2026-09-23,GOOGL,337.8299865722656,35576200
2026-09-24,GOOGL,342.3599853515625,23746900
2025-09-25,SOXX,267.3807678222656,11157800
2025-09-26,SOXX,267.9688720703125,7244300
2025-09-29,SOXX,268.0685729980469,5954900
2025-09-30,SOXX,270.2515563964844,7091800
2025-10-01,SOXX,275.4548034667969,9339600
2025-10-02,SOXX,280.78765869140625,7250000
2025-10-03,SOXX,279.0632019042969,8629100
2025-10-06,SOXX,287.4363098144531,11275000
2025-10-07,SOXX,281.0069885253906,9952000
2025-10-08,SOXX,290.6061096191406,9301700
2025-10-09,SOXX,289.2604675292969,7603500
2025-10-10,SOXX,271.1187438964844,26691200
2025-10-13,SOXX,283.9574890136719,8703400
2025-10-14,SOXX,278.1361999511719,8476000
2025-10-15,SOXX,286.7186279296875,7595200
2025-10-16,SOXX,288.0543518066406,7410400
2025-10-17,SOXX,287.2469482421875,6261500
2025-10-20,SOXX,292.03155517578125,5832300
2025-10-21,SOXX,290.39678955078125,3965200
2025-10-22,SOXX,283.2198486328125,7875300
2025-10-23,SOXX,290.1276550292969,5374800
2025-10-24,SOXX,294.9122619628906,4621200
2025-10-27,SOXX,303.10595703125,5165000
2025-10-28,SOXX,303.4747619628906,4156400
2025-10-29,SOXX,308.6082763671875,4503100
2025-10-30,SOXX,304.43170166015625,4630700
2025-10-31,SOXX,305.5680236816406,5163900
2025-11-03,SOXX,307.3921813964844,3750800
2025-11-04,SOXX,295.3110046386719,5288800
2025-11-05,SOXX,304.49151611328125,4949400
2025-11-06,SOXX,296.5470275878906,8548300
2025-11-07,SOXX,293.43701171875,13798600
2025-11-10,SOXX,301.03265380859375,6030800
2025-11-11,SOXX,294.2045593261719,5877900
2025-11-12,SOXX,298.7100830078125,4145000
2025-11-13,SOXX,288.45306396484375,10980600
2025-11-14,SOXX,287.5957946777344,7142000
2025-11-17,SOXX,282.65167236328125,8188700
2025-11-18,SOXX,276.0928039550781,11103100
2025-11-19,SOXX,280.7079162597656,5108100
2025-11-20,SOXX,267.2412109375,13398300
2025-11-21,SOXX,269.9624328613281,15355900
2025-11-24,SOXX,281.7944641113281,6424800
2025-11-25,SOXX,282.671630859375,5942800
2025-11-26,SOXX,290.45660400390625,5818300
2025-11-28,SOXX,295.78948974609375,3038000
2025-12-01,SOXX,295.9689025878906,3933000
2025-12-02,SOXX,301.86993408203125,5086900
2025-12-03,SOXX,308.3690490722656,3867100
2025-12-04,SOXX,305.2989196777344,4639700
2025-12-05,SOXX,308.408935546875,4338100
2025-12-08,SOXX,311.7581787109375,3620900
2025-12-09,SOXX,311.1800231933594,2775300
2025-12-10,SOXX,315.31671142578125,5093800
2025-12-11,SOXX,313.51251220703125,6504700
2025-12-12,SOXX,298.52069091796875,13813600
2025-12-15,SOXX,297.055419921875,5241800
2025-12-16,SOXX,295.6838073730469,5850400
2025-12-17,SOXX,284.7329406738281,10422000
2025-12-18,SOXX,291.53106689453125,6740400
2025-12-19,SOXX,299.2875061035156,5075000
2025-12-22,SOXX,303.31048583984375,4019000
2025-12-23,SOXX,304.42852783203125,2708600
2025-12-24,SOXX,305.60650634765625,1723200
2025-12-26,SOXX,305.50665283203125,1860900
2025-12-29,SOXX,304.78790283203125,3620700
2025-12-30,SOXX,304.3886413574219,2984800
2025-12-31,SOXX,300.6251525878906,2954200
2026-01-02,SOXX,313.143310546875,8491300
2026-01-05,SOXX,317.5057067871094,7923200
2026-01-06,SOXX,327.77777099609375,7579900
2026-01-07,SOXX,324.3238220214844,4528500
2026-01-08,SOXX,319.0230407714844,5408300
2026-01-09,SOXX,328.20703125,7323100
2026-01-12,SOXX,329.7742919921875,5159600
2026-01-13,SOXX,332.7191467285156,3835900
2026-01-14,SOXX,331.32159423828125,5468900
2026-01-15,SOXX,336.63232421875,6531500
2026-01-16,SOXX,341.8731994628906,5127300
2026-01-20,SOXX,336.7620849609375,6232600
2026-01-21,SOXX,347.53326416015625,7204200
2026-01-22,SOXX,348.0623779296875,4662000
2026-01-23,SOXX,344.1092834472656,4335900
2026-01-26,SOXX,342.4721374511719,4458700
2026-01-27,SOXX,350.4681701660156,5293600
2026-01-28,SOXX,359.8318176269531,5364000
2026-01-29,SOXX,360.5006408691406,8446200
2026-01-30,SOXX,345.69647216796875,8719100
2026-02-02,SOXX,352.07537841796875,7758000
2026-02-03,SOXX,345.03765869140625,8371200
2026-02-04,SOXX,329.8042297363281,15231400
2026-02-05,SOXX,330.2534484863281,10406500
2026-02-06,SOXX,347.90264892578125,9096100
2026-02-09,SOXX,352.1551818847656,7091400
2026-02-10,SOXX,350.8175354003906,6252400
2026-02-11,SOXX,359.572265625,7497000
2026-02-12,SOXX,350.887451171875,9488000
2026-02-13,SOXX,354.04193115234375,5963000
2026-02-17,SOXX,353.48291015625,4068900
2026-02-18,SOXX,357.2962341308594,5681200
2026-02-19,SOXX,355.2198791503906,5576400
2026-02-20,SOXX,358.8036193847656,6013600
2026-02-23,SOXX,356.1981506347656,6339800
2026-02-24,SOXX,361.4090576171875,6206000
2026-02-25,SOXX,367.35870361328125,4539900
2026-02-26,SOXX,356.1781921386719,13329100
2026-02-27,SOXX,351.67608642578125,6250200
2026-03-02,SOXX,351.43646240234375,7284000
2026-03-03,SOXX,334.1965637207031,17946100
2026-03-04,SOXX,340.9447937011719,10649900
2026-03-05,SOXX,337.17138671875,7239300
2026-03-06,SOXX,322.94622802734375,8733700
2026-03-09,SOXX,335.7838134765625,9824600
2026-03-10,SOXX,338.21954345703125,7471000
2026-03-11,SOXX,341.49383544921875,6215100
2026-03-12,SOXX,329.61456298828125,8008100
2026-03-13,SOXX,330.74261474609375,6450800
2026-03-16,SOXX,337.2412414550781,8018200
2026-03-17,SOXX,339.8663024902344,4472100
2026-03-18,SOXX,337.9085388183594,6363900
2026-03-19,SOXX,339.8163757324219,8292100
2026-03-20,SOXX,332.1350402832031,9441300
2026-03-23,SOXX,336.2104187011719,8151000
2026-03-24,SOXX,340.6354064941406,5287500
2026-03-25,SOXX,344.86065673828125,5869000
2026-03-26,SOXX,328.4791564941406,10172400
2026-03-27,SOXX,323.115234375,6334800
2026-03-30,SOXX,309.4406433105469,13204800
2026-03-31,SOXX,328.28936767578125,14036500
2026-04-01,SOXX,338.1582336425781,10130800
2026-04-02,SOXX,339.22698974609375,6521000
2026-04-06,SOXX,343.7119445800781,3105000
2026-04-07,SOXX,347.3678283691406,4026000
2026-04-08,SOXX,369.9822692871094,9868700
2026-04-09,SOXX,378.2030029296875,6036700
2026-04-10,SOXX,386.1640319824219,5596900
2026-04-13,SOXX,392.89642333984375,4377400
2026-04-14,SOXX,400.7875061035156,5202600
2026-04-15,SOXX,401.40679931640625,5570200
2026-04-16,SOXX,405.4922180175781,4400500
2026-04-17,SOXX,415.2412109375,5729100
2026-04-20,SOXX,417.0791015625,3493500
2026-04-21,SOXX,420.2255859375,3676800
2026-04-22,SOXX,431.2830810546875,6557600
2026-04-23,SOXX,440.502685546875,10812400
2026-04-24,SOXX,461.0794677734375,9072000
2026-04-27,SOXX,454.89642333984375,8924600
2026-04-28,SOXX,438.21527099609375,11014900
2026-04-29,SOXX,449.4825134277344,5972800
2026-04-30,SOXX,460.91961669921875,5170200
2026-05-01,SOXX,465.2247619628906,4155900
2026-05-04,SOXX,461.5389404296875,5233100
2026-05-05,SOXX,482.1856384277344,7203000
2026-05-06,SOXX,506.29840087890625,9768600
2026-05-07,SOXX,491.8047180175781,9913700
2026-05-08,SOXX,519.7132568359375,7754500
2026-05-11,SOXX,532.1591796875,7492600
2026-05-12,SOXX,515.4080810546875,14660600
2026-05-13,SOXX,527.6942138671875,7346400
2026-05-14,SOXX,529.4323120117188,5212400
2026-05-15,SOXX,507.946533203125,9388200
2026-05-18,SOXX,495.310791015625,9999000
2026-05-19,SOXX,496.1798095703125,12217000
2026-05-20,SOXX,519.7232666015625,9457600
2026-05-21,SOXX,524.1183471679688,6749900
2026-05-22,SOXX,536.72412109375,7671100
2026-05-26,SOXX,569.4471435546875,8926200
2026-05-27,SOXX,563.3439331054688,11412400
2026-05-28,SOXX,568.8278198242188,6763900
2026-05-29,SOXX,568.4382934570312,7323900
2026-06-01,SOXX,571.2849731445312,6999500
2026-06-02,SOXX,604.3377075195312,7475400
2026-06-03,SOXX,614.9856567382812,8564700
2026-06-04,SOXX,602.040283203125,11445300
2026-06-05,SOXX,539.1613159179688,22377300
2026-06-08,SOXX,570.8055419921875,12843000
2026-06-09,SOXX,561.506103515625,24548100
2026-06-10,SOXX,540.8993530273438,16672200
2026-06-11,SOXX,586.2681274414062,12295400
2026-06-12,SOXX,595.5775756835938,9928200
2026-06-15,SOXX,628.0393676757812,8170800
2026-06-16,SOXX,590.8536987304688,11204900
2026-06-17,SOXX,599.338134765625,8948400
2026-06-18,SOXX,639.0322265625,9666000
2026-06-22,SOXX,654.58203125,7782700
2026-06-23,SOXX,602.9957885742188,12712200
2026-06-24,SOXX,601.1069946289062,9230700
2026-06-25,SOXX,624.79150390625,12713200
2026-06-26,SOXX,589.5545654296875,11017500
2026-06-29,SOXX,613.9485473632812,11036800
2026-06-30,SOXX,640.3413696289062,10112600
2026-07-01,SOXX,599.3081665039062,9983000
2026-07-02,SOXX,565.9500122070312,16092600
2026-07-06,SOXX,581.1300659179688,8419400
2026-07-07,SOXX,551.3295288085938,12285700
2026-07-08,SOXX,561.6627807617188,7195400
2026-07-09,SOXX,581.3199462890625,10026200
2026-07-10,SOXX,580.960205078125,5861000
2026-07-13,SOXX,553.248291015625,8307000
2026-07-14,SOXX,567.5488891601562,7372300
2026-07-15,SOXX,554.9072265625,10199600
2026-07-16,SOXX,530.1533813476562,10343300
2026-07-17,SOXX,521.4690551757812,15576800
2026-07-20,SOXX,523.7975463867188,6533100
2026-07-21,SOXX,552.328857421875,10079700
2026-07-22,SOXX,555.1570434570312,6268400
2026-07-23,SOXX,550.8798217773438,6689500
2026-07-24,SOXX,526.6656494140625,10952000
2026-07-27,SOXX,515.8927001953125,13472800
2026-07-28,SOXX,491.1388854980469,14904200
2026-07-29,SOXX,464.6961669921875,18817200
2026-07-30,SOXX,504.2003479003906,17477800
2026-07-31,SOXX,504.56011962890625,13113700
2026-08-03,SOXX,507.3482666015625,10302000
2026-08-04,SOXX,541.8557739257812,10898600
2026-08-05,SOXX,530.353271484375,9649300
2026-08-06,SOXX,532.1720581054688,7654700
2026-08-07,SOXX,542.9150390625,5262600
2026-08-10,SOXX,529.0441284179688,8763500
2026-08-11,SOXX,533.8509521484375,7176100
2026-08-12,SOXX,546.2528076171875,7723600
2026-08-13,SOXX,550.380126953125,5940700
2026-08-14,SOXX,550.0603637695312,4309800
2026-08-17,SOXX,558.7546997070312,5745000
2026-08-18,SOXX,531.0427856445312,9993900
2026-08-19,SOXX,519.3304443359375,8413800
2026-08-20,SOXX,522.0086669921875,6269000
2026-08-21,SOXX,519.710205078125,6255600
2026-08-24,SOXX,505.8492736816406,7828600
2026-08-25,SOXX,513.72412109375,6445900
2026-08-26,SOXX,515.0632934570312,4322200
2026-08-27,SOXX,525.086669921875,9046000
2026-08-28,SOXX,508.28765869140625,8468500
2026-08-31,SOXX,510.70611572265625,6241500
2026-09-01,SOXX,499.98309326171875,8049500
2026-09-02,SOXX,501.11236572265625,5804100
2026-09-03,SOXX,501.87188720703125,6445600
2026-09-04,SOXX,519.5203247070312,9234000
2026-09-08,SOXX,528.0547485351562,8833100
2026-09-09,SOXX,531.6524047851562,6427500
2026-09-10,SOXX,517.0919189453125,6651700
2026-09-11,SOXX,526.7256469726562,5663000
2026-09-14,SOXX,497.07501220703125,11265500
2026-09-15,SOXX,498.8500061035156,6014200
2026-09-16,SOXX,502.05999755859375,8358900
2026-09-17,SOXX,519.0999755859375,6790700
2026-09-18,SOXX,533.0700073242188,6348600
2026-09-21,SOXX,559.3400268554688,7966100
2026-09-22,SOXX,572.780029296875,6322800
2026-09-23,SOXX,565.719970703125,9984400
2026-09-24,SOXX,566.0700073242188,4909100
2025-09-25,CRWV,126.66000366210938,48895600
2025-09-26,CRWV,120.33999633789062,29939300
2025-09-29,CRWV,122.5199966430664,22532200
2025-09-30,CRWV,136.85000610351562,71176800
2025-10-01,CRWV,137.0500030517578,22675000
2025-10-02,CRWV,138.0,21567600
2025-10-03,CRWV,134.7899932861328,23405600
2025-10-06,CRWV,133.85000610351562,26763600
2025-10-07,CRWV,128.8300018310547,26822500
2025-10-08,CRWV,139.97999572753906,34398800
2025-10-09,CRWV,143.0800018310547,24633300
2025-10-10,CRWV,138.42999267578125,44474000
2025-10-13,CRWV,141.6199951171875,20760600
2025-10-14,CRWV,134.05999755859375,25696100
2025-10-15,CRWV,139.24000549316406,20652900
2025-10-16,CRWV,141.74000549316406,36104200
2025-10-17,CRWV,136.8699951171875,30264600
2025-10-20,CRWV,127.05999755859375,25428500
2025-10-21,CRWV,125.05999755859375,24392800
2025-10-22,CRWV,121.52999877929688,26660100
2025-10-23,CRWV,123.33999633789062,14707300
2025-10-24,CRWV,132.5500030517578,21236000
2025-10-27,CRWV,136.05999755859375,13680800
2025-10-28,CRWV,134.8000030517578,23205400
2025-10-29,CRWV,139.92999267578125,19837000
2025-10-30,CRWV,131.05999755859375,19142000
2025-10-31,CRWV,133.7100067138672,16050200
2025-11-03,CRWV,126.31999969482422,14294400
2025-11-04,CRWV,115.75,18552200
2025-11-05,CRWV,114.41999816894531,17381000
2025-11-06,CRWV,106.93000030517578,26204600
2025-11-07,CRWV,104.01000213623047,24982600
2025-11-10,CRWV,105.61000061035156,43561500
2025-11-11,CRWV,88.38999938964844,76900400
2025-11-12,CRWV,85.43000030517578,41722500
2025-11-13,CRWV,78.33999633789062,42804800
2025-11-14,CRWV,77.36000061035156,52465600
2025-11-17,CRWV,75.33000183105469,29176400
2025-11-18,CRWV,74.9000015258789,33464400
2025-11-19,CRWV,74.91999816894531,26796000
2025-11-20,CRWV,69.20999908447266,40999800
2025-11-21,CRWV,71.6500015258789,38889500
2025-11-24,CRWV,73.5999984741211,29927600
2025-11-25,CRWV,71.29000091552734,27805500
2025-11-26,CRWV,74.29000091552734,28793300
2025-11-28,CRWV,73.12000274658203,14114900
2025-12-01,CRWV,77.05999755859375,25412600
2025-12-02,CRWV,76.02999877929688,25555700
2025-12-03,CRWV,79.36000061035156,19858800
2025-12-04,CRWV,85.75,29382900
2025-12-05,CRWV,88.30000305175781,20076800
2025-12-08,CRWV,86.23999786376953,39915900
2025-12-09,CRWV,90.66000366210938,34362200
2025-12-10,CRWV,88.16000366210938,26553900
2025-12-11,CRWV,87.37999725341797,26922800
2025-12-12,CRWV,78.58999633789062,35221400
2025-12-15,CRWV,72.3499984741211,31357600
2025-12-16,CRWV,69.5,36004000
2025-12-17,CRWV,64.55000305175781,48237300
2025-12-18,CRWV,67.68000030517578,34161600
2025-12-19,CRWV,83.0,70583000
2025-12-22,CRWV,84.83000183105469,23984300
2025-12-23,CRWV,80.26000213623047,22239800
2025-12-24,CRWV,78.87000274658203,11922600
2025-12-26,CRWV,76.41999816894531,14073500
2025-12-29,CRWV,74.91999816894531,14033100
2025-12-30,CRWV,73.9000015258789,13291800
2025-12-31,CRWV,71.61000061035156,18122800
2026-01-02,CRWV,79.31999969482422,30050000
2026-01-05,CRWV,76.86000061035156,27206500
2026-01-06,CRWV,77.94000244140625,25473300
2026-01-07,CRWV,77.18000030517578,14413400
2026-01-08,CRWV,77.08999633789062,20472200
2026-01-09,CRWV,80.13999938964844,26303200
2026-01-12,CRWV,89.93000030517578,43610500
2026-01-13,CRWV,87.4800033569336,20414100
2026-01-14,CRWV,89.80000305175781,28378300
2026-01-15,CRWV,95.01000213623047,40670400
2026-01-16,CRWV,101.2300033569336,34781400
2026-01-20,CRWV,95.22000122070312,26822500
2026-01-21,CRWV,94.05000305175781,29676600
2026-01-22,CRWV,91.79000091552734,19946400
2026-01-23,CRWV,92.9800033569336,20375000
2026-01-26,CRWV,98.30999755859375,49349000
2026-01-27,CRWV,108.86000061035156,49218800
2026-01-28,CRWV,106.0199966430664,36455600
2026-01-29,CRWV,99.52999877929688,30885900
2026-01-30,CRWV,93.19000244140625,25314900
2026-02-02,CRWV,88.94000244140625,19489100
2026-02-03,CRWV,90.05999755859375,25101400
2026-02-04,CRWV,82.45999908447266,26247800
2026-02-05,CRWV,74.6500015258789,23637700
2026-02-06,CRWV,89.94999694824219,36852800
2026-02-09,CRWV,96.79000091552734,25424400
2026-02-10,CRWV,95.11000061035156,14088200
2026-02-11,CRWV,95.1500015258789,21192300
2026-02-12,CRWV,95.69999694824219,20441400
2026-02-13,CRWV,96.04000091552734,23117000
2026-02-17,CRWV,91.0,17482200
2026-02-18,CRWV,95.44999694824219,17481800
2026-02-19,CRWV,97.13999938964844,10807600
2026-02-20,CRWV,89.25,46247700
2026-02-23,CRWV,90.83999633789062,21774800
2026-02-24,CRWV,99.30000305175781,24587600
2026-02-25,CRWV,98.01000213623047,20881000
2026-02-26,CRWV,97.62999725341797,27329400
2026-02-27,CRWV,79.55999755859375,67921300
2026-03-02,CRWV,78.05000305175781,25514200
2026-03-03,CRWV,73.77999877929688,24549400
2026-03-04,CRWV,79.5,25322800
2026-03-05,CRWV,74.81999969482422,22667500
2026-03-06,CRWV,72.98999786376953,25591600
2026-03-09,CRWV,74.41000366210938,21551500
2026-03-10,CRWV,74.91999816894531,16449300
2026-03-11,CRWV,81.95999908447266,33672100
2026-03-12,CRWV,79.86000061035156,16174700
2026-03-13,CRWV,81.11000061035156,17700700
2026-03-16,CRWV,85.86000061035156,25842500
2026-03-17,CRWV,82.12000274658203,17332100
2026-03-18,CRWV,82.81999969482422,17332800
2026-03-19,CRWV,80.66000366210938,19522400
2026-03-20,CRWV,81.47000122070312,29378500
2026-03-23,CRWV,81.95999908447266,19755800
2026-03-24,CRWV,83.0199966430664,21616500
2026-03-25,CRWV,87.58000183105469,19101600
2026-03-26,CRWV,80.44999694824219,18464600
2026-03-27,CRWV,74.80999755859375,22244300
2026-03-30,CRWV,69.1500015258789,27315900
2026-03-31,CRWV,77.47000122070312,27917100
2026-04-01,CRWV,78.44000244140625,28569000
2026-04-02,CRWV,82.23999786376953,20958200
2026-04-06,CRWV,80.94000244140625,16946900
2026-04-07,CRWV,85.23999786376953,16277300
2026-04-08,CRWV,88.9000015258789,19538600
2026-04-09,CRWV,92.0,65533300
2026-04-10,CRWV,102.0,83416500
2026-04-13,CRWV,110.2699966430664,56011100
2026-04-14,CRWV,117.19999694824219,46586000
2026-04-15,CRWV,118.69000244140625,43324900
2026-04-16,CRWV,119.55999755859375,28917600
2026-04-17,CRWV,116.8499984741211,24685900
2026-04-20,CRWV,117.43000030517578,29542400
2026-04-21,CRWV,115.16000366210938,18656100
2026-04-22,CRWV,122.54000091552734,31878200
2026-04-23,CRWV,117.41999816894531,21696200
2026-04-24,CRWV,110.13999938964844,33898200
2026-04-27,CRWV,112.05999755859375,24929000
2026-04-28,CRWV,105.52999877929688,27765200
2026-04-29,CRWV,114.19000244140625,27754000
2026-04-30,CRWV,111.5999984741211,25279800
2026-05-01,CRWV,119.01000213623047,27413000
2026-05-04,CRWV,125.43000030517578,30197300
2026-05-05,CRWV,127.88999938964844,22972800
2026-05-06,CRWV,137.97999572753906,31677900
2026-05-07,CRWV,128.83999633789062,41365300
2026-05-08,CRWV,114.1500015258789,48479400
2026-05-11,CRWV,114.69999694824219,27701900
2026-05-12,CRWV,107.75,32879100
2026-05-13,CRWV,111.30999755859375,23598000
2026-05-14,CRWV,114.21499633789062,27702300
2026-05-15,CRWV,107.30000305175781,22048200
2026-05-18,CRWV,103.7699966430664,38653700
2026-05-19,CRWV,99.80999755859375,29845600
2026-05-20,CRWV,101.27999877929688,21656800
2026-05-21,CRWV,107.58000183105469,31898600
2026-05-22,CRWV,105.48999786376953,20001600
2026-05-26,CRWV,105.88999938964844,21456100
2026-05-27,CRWV,104.2699966430664,24155000
2026-05-28,CRWV,106.86000061035156,23406000
2026-05-29,CRWV,109.52999877929688,28158200
2026-06-01,CRWV,124.81999969482422,58297300
2026-06-02,CRWV,119.2699966430664,34814000
2026-06-03,CRWV,110.93000030517578,26460100
2026-06-04,CRWV,108.02999877929688,26752000
2026-06-05,CRWV,100.38999938964844,32460800
2026-06-08,CRWV,102.37000274658203,23379800
2026-06-09,CRWV,98.44999694824219,26865600
2026-06-10,CRWV,95.61000061035156,17855600
2026-06-11,CRWV,95.73999786376953,22683500
2026-06-12,CRWV,100.55000305175781,36215900
2026-06-15,CRWV,106.70999908447266,22004000
2026-06-16,CRWV,117.02999877929688,42823900
2026-06-17,CRWV,115.20999908447266,26674200
2026-06-18,CRWV,117.94999694824219,65546300
2026-06-22,CRWV,111.29000091552734,29892800
2026-06-23,CRWV,105.72000122070312,25319700
2026-06-24,CRWV,100.87999725341797,22104300
2026-06-25,CRWV,98.76000213623047,21772100
2026-06-26,CRWV,96.58000183105469,47706000
2026-06-29,CRWV,95.51000213623047,21976900
2026-06-30,CRWV,99.54000091552734,18789300
2026-07-01,CRWV,85.68499755859375,60851900
2026-07-02,CRWV,81.74500274658203,32579500
2026-07-06,CRWV,86.45999908447266,21929600
2026-07-07,CRWV,83.52999877929688,23450300
2026-07-08,CRWV,90.0,23876900
2026-07-09,CRWV,89.69999694824219,24829300
2026-07-10,CRWV,88.87999725341797,12714000
2026-07-13,CRWV,83.30999755859375,18630100
2026-07-14,CRWV,79.94000244140625,25969000
2026-07-15,CRWV,77.12000274658203,24132300
2026-07-16,CRWV,72.91000366210938,25033000
2026-07-17,CRWV,73.20999908447266,35882600
2026-07-20,CRWV,73.05999755859375,22799500
2026-07-21,CRWV,79.58000183105469,24907000
2026-07-22,CRWV,82.63999938964844,23467300
2026-07-23,CRWV,81.0999984741211,18173700
2026-07-24,CRWV,71.87999725341797,25487800
2026-07-27,CRWV,70.79000091552734,17999200
2026-07-28,CRWV,67.30000305175781,29855900
2026-07-29,CRWV,60.81999969482422,37130100
2026-07-30,CRWV,73.9000015258789,44148900
2026-07-31,CRWV,71.7699966430664,26415900
2026-08-03,CRWV,85.76000213623047,44558900
2026-08-04,CRWV,91.9000015258789,33601300
2026-08-05,CRWV,89.88999938964844,20798100
2026-08-06,CRWV,85.33000183105469,16601400
2026-08-07,CRWV,90.66999816894531,18664100
2026-08-10,CRWV,88.19000244140625,20894800
2026-08-11,CRWV,90.31999969482422,46381400
2026-08-12,CRWV,107.7300033569336,87308400
2026-08-13,CRWV,106.29000091552734,50680200
2026-08-14,CRWV,105.26000213623047,33337900
2026-08-17,CRWV,106.0,32398500
2026-08-18,CRWV,93.16999816894531,38029200
2026-08-19,CRWV,90.87000274658203,26700900
2026-08-20,CRWV,89.76000213623047,17649000
2026-08-21,CRWV,87.8499984741211,22187500
2026-08-24,CRWV,86.25,19581400
2026-08-25,CRWV,88.04000091552734,14224300
2026-08-26,CRWV,88.01000213623047,14056800
2026-08-27,CRWV,86.80000305175781,19872200
2026-08-28,CRWV,84.2300033569336,17332100
2026-08-31,CRWV,84.88999938964844,13237900
2026-09-01,CRWV,81.8499984741211,15848700
2026-09-02,CRWV,80.93000030517578,15574700
2026-09-03,CRWV,84.55999755859375,18798400
2026-09-04,CRWV,89.36000061035156,20796900
2026-09-08,CRWV,99.83000183105469,51191200
2026-09-09,CRWV,94.94000244140625,22038800
2026-09-10,CRWV,89.12000274658203,27867100
2026-09-11,CRWV,88.98999786376953,17682400
2026-09-14,CRWV,82.9800033569336,26522600
2026-09-15,CRWV,80.91999816894531,15675200
2026-09-16,CRWV,83.3499984741211,18787600
2026-09-17,CRWV,79.87999725341797,79547300
2026-09-18,CRWV,81.36000061035156,66370200
2026-09-21,CRWV,85.43000030517578,39845100
2026-09-22,CRWV,86.76000213623047,26584500
2026-09-23,CRWV,86.9000015258789,31705100
2026-09-24,CRWV,90.12999725341797,33668700
2025-09-25,AMAT,198.50209045410156,6027600
2025-09-26,AMAT,202.79832458496094,7363300
2025-09-29,AMAT,203.82266235351562,9295400
2025-09-30,AMAT,203.6138153076172,12253800
2025-10-01,AMAT,216.54229736328125,12699200
2025-10-02,AMAT,222.360107421875,11166000
2025-10-03,AMAT,216.3334503173828,9269800
2025-10-06,AMAT,222.67835998535156,7891900
2025-10-07,AMAT,210.3962860107422,10543300
2025-10-08,AMAT,216.3135528564453,7875500
2025-10-09,AMAT,219.0882110595703,6701400
2025-10-10,AMAT,208.79513549804688,12829700
2025-10-13,AMAT,218.27273559570312,7853000
2025-10-14,AMAT,216.9898223876953,8260000
2025-10-15,AMAT,226.3281707763672,8033600
2025-10-16,AMAT,226.4674072265625,7742800
2025-10-17,AMAT,223.75242614746094,5272800
2025-10-20,AMAT,226.87515258789062,5494800
2025-10-21,AMAT,224.75686645507812,4557500
2025-10-22,AMAT,219.34678649902344,7498100
2025-10-23,AMAT,227.21327209472656,7001900
2025-10-24,AMAT,227.49172973632812,5346700
2025-10-27,AMAT,230.0575408935547,7671700
2025-10-28,AMAT,226.3878173828125,6118500
2025-10-29,AMAT,234.45323181152344,7784500
2025-10-30,AMAT,231.2708282470703,7317700
2025-10-31,AMAT,231.81781005859375,6532600
2025-11-03,AMAT,236.40245056152344,6160600
2025-11-04,AMAT,228.92381286621094,6896400
2025-11-05,AMAT,239.56495666503906,7230800
2025-11-06,AMAT,232.24545288085938,9278400
2025-11-07,AMAT,228.8044891357422,6892800
2025-11-10,AMAT,233.78692626953125,7673700
2025-11-11,AMAT,227.4121856689453,6237600
2025-11-12,AMAT,229.46083068847656,5955400
2025-11-13,AMAT,222.00210571289062,13465900
2025-11-14,AMAT,224.7667999267578,15254400
2025-11-17,AMAT,227.4519500732422,8713600
2025-11-18,AMAT,223.88169860839844,12167400
2025-11-19,AMAT,233.83663940429688,8870500
2025-11-20,AMAT,219.4479217529297,9264000
2025-11-21,AMAT,223.21449279785156,8596800
2025-11-24,AMAT,230.08999633789062,8806600
2025-11-25,AMAT,241.59898376464844,8330300
2025-11-26,AMAT,249.08229064941406,8791100
2025-11-28,AMAT,251.35421752929688,2916300
2025-12-01,AMAT,253.8453369140625,6842400
2025-12-02,AMAT,264.3877258300781,9196800
2025-12-03,AMAT,267.676025390625,7999600
2025-12-04,AMAT,268.483154296875,6348800
2025-12-05,AMAT,267.0482482910156,5373400
2025-12-08,AMAT,267.20770263671875,5338100
2025-12-09,AMAT,266.19134521484375,4062600
2025-12-10,AMAT,274.1728515625,6244600
2025-12-11,AMAT,269.1507873535156,7061200
2025-12-12,AMAT,258.2894592285156,6739300
2025-12-15,AMAT,260.3421630859375,6406000
2025-12-16,AMAT,257.9207763671875,5859700
2025-12-17,AMAT,247.3883514404297,7855400
2025-12-18,AMAT,252.59976196289062,8741200
2025-12-19,AMAT,255.4994354248047,25749700
2025-12-22,AMAT,258.0902099609375,4182000
2025-12-23,AMAT,259.3058776855469,3791500
2025-12-24,AMAT,259.8538818359375,1279500
2025-12-26,AMAT,260.9699401855469,1836000
2025-12-29,AMAT,262.1158447265625,2601600
2025-12-30,AMAT,259.0467834472656,2185100
2025-12-31,AMAT,256.0773620605469,3025800
2026-01-02,AMAT,267.9151916503906,7553200
2026-01-05,AMAT,283.3103332519531,10398700
2026-01-06,AMAT,294.9588317871094,7237900
2026-01-07,AMAT,291.1623229980469,6148400
2026-01-08,AMAT,280.6398620605469,5500700
2026-01-09,AMAT,300.11041259765625,9427600
2026-01-12,AMAT,306.14892578125,6612800
2026-01-13,AMAT,303.7873229980469,7146500
2026-01-14,AMAT,300.81793212890625,6545200
2026-01-15,AMAT,317.9468688964844,11262800
2026-01-16,AMAT,325.8487243652344,11399300
2026-01-20,AMAT,317.0998840332031,9387300
2026-01-21,AMAT,324.08502197265625,7914000
2026-01-22,AMAT,317.6579284667969,6036100
2026-01-23,AMAT,321.23516845703125,6201000
2026-01-26,AMAT,318.32550048828125,4777200
2026-01-27,AMAT,331.5284729003906,8033000
2026-01-28,AMAT,335.55413818359375,8470000
2026-01-29,AMAT,340.1278076171875,7350500
2026-01-30,AMAT,321.17535400390625,9814100
2026-02-02,AMAT,327.2337646484375,7409600
2026-02-03,AMAT,317.5383605957031,10697000
2026-02-04,AMAT,296.54315185546875,14719400
2026-02-05,AMAT,302.91046142578125,8514300
2026-02-06,AMAT,321.36474609375,8344400
2026-02-09,AMAT,329.39605712890625,7458900
2026-02-10,AMAT,327.90142822265625,6785800
2026-02-11,AMAT,338.67303466796875,7160900
2026-02-12,AMAT,327.2238464355469,9764400
2026-02-13,AMAT,353.6496276855469,15706000
2026-02-17,AMAT,357.8546447753906,8791300
2026-02-18,AMAT,367.988525390625,8784300
2026-02-19,AMAT,368.9762268066406,6640100
2026-02-20,AMAT,374.5134582519531,8178700
2026-02-23,AMAT,372.6876525878906,6077400
2026-02-24,AMAT,377.05755615234375,5711800
2026-02-25,AMAT,394.03826904296875,9745000
2026-02-26,AMAT,374.8526611328125,7717100
2026-02-27,AMAT,371.4405517578125,9041400
2026-03-02,AMAT,371.3208312988281,5802100
2026-03-03,AMAT,350.5090026855469,7982000
2026-03-04,AMAT,356.93414306640625,5980400
2026-03-05,AMAT,345.73004150390625,5899700
2026-03-06,AMAT,323.9903259277344,8655200
2026-03-09,AMAT,338.1575622558594,9504100
2026-03-10,AMAT,345.0815734863281,6121100
2026-03-11,AMAT,350.25958251953125,4517200
2026-03-12,AMAT,336.4914245605469,5978200
2026-03-13,AMAT,340.7416076660156,5332200
2026-03-16,AMAT,345.380859375,4427000
2026-03-17,AMAT,351.6463317871094,4833900
2026-03-18,AMAT,348.66326904296875,5170500
2026-03-19,AMAT,356.3853759765625,6459700
2026-03-20,AMAT,356.2357177734375,17587900
2026-03-23,AMAT,360.954833984375,6490700
2026-03-24,AMAT,373.12664794921875,6406200
2026-03-25,AMAT,368.48736572265625,5052000
2026-03-26,AMAT,337.7684631347656,9261000
2026-03-27,AMAT,336.39166259765625,5984800
2026-03-30,AMAT,322.37408447265625,6568100
2026-03-31,AMAT,341.0010070800781,8335600
2026-04-01,AMAT,352.9832458496094,5974800
2026-04-02,AMAT,347.6655578613281,4269400
2026-04-06,AMAT,351.8059997558594,2505500
2026-04-07,AMAT,353.4920654296875,4024800
2026-04-08,AMAT,384.82958984375,7628500
2026-04-09,AMAT,396.89166259765625,5373600
2026-04-10,AMAT,398.5677795410156,6399900
2026-04-13,AMAT,394.8164978027344,5246600
2026-04-14,AMAT,394.7266845703125,5353200
2026-04-15,AMAT,393.349853515625,5925100
2026-04-16,AMAT,388.99993896484375,5113000
2026-04-17,AMAT,396.023681640625,6017900
2026-04-20,AMAT,390.7159729003906,3747500
2026-04-21,AMAT,393.4197082519531,5414900
2026-04-22,AMAT,402.548583984375,5268100
2026-04-23,AMAT,402.9775695800781,4420800
2026-04-24,AMAT,416.0773010253906,6159600
2026-04-27,AMAT,403.9253845214844,5663400
2026-04-28,AMAT,380.2301940917969,10396200
2026-04-29,AMAT,381.7068176269531,5116400
2026-04-30,AMAT,393.5793151855469,7050000
2026-05-01,AMAT,388.1817932128906,4586500
2026-05-04,AMAT,390.47650146484375,5062300
2026-05-05,AMAT,409.8716125488281,6321100
2026-05-06,AMAT,427.6305236816406,7241200
2026-05-07,AMAT,409.69207763671875,7741800
2026-05-08,AMAT,434.434814453125,8165200
2026-05-11,AMAT,442.59588623046875,8324000
2026-05-12,AMAT,430.20458984375,9319400
2026-05-13,AMAT,435.6020812988281,7839400
2026-05-14,AMAT,439.5429992675781,14936200
2026-05-15,AMAT,435.612060546875,12768700
2026-05-18,AMAT,412.61529541015625,8265000
2026-05-19,AMAT,405.97064208984375,8418700
2026-05-20,AMAT,425.8646240234375,6888400
2026-05-21,AMAT,426.90350341796875,5682900
2026-05-22,AMAT,431.6983947753906,4889300
2026-05-26,AMAT,454.40411376953125,8044400
2026-05-27,AMAT,447.77117919921875,5047600
2026-05-28,AMAT,449.19964599609375,5675600
2026-05-29,AMAT,449.5792541503906,8546800
2026-06-01,AMAT,457.68060302734375,6613700
2026-06-02,AMAT,489.5265197753906,10440700
2026-06-03,AMAT,500.2350769042969,8964900
2026-06-04,AMAT,501.16412353515625,6729000
2026-06-05,AMAT,452.526123046875,11909400
2026-06-08,AMAT,491.644287109375,9726900
2026-06-09,AMAT,498.6767578125,11731700
2026-06-10,AMAT,496.4791259765625,11393800
2026-06-11,AMAT,552.0496826171875,12427700
2026-06-12,AMAT,566.6441040039062,8055800
2026-06-15,AMAT,585.154296875,11664400
2026-06-16,AMAT,567.6229858398438,10906100
2026-06-17,AMAT,592.28662109375,11045500
2026-06-18,AMAT,616.4508056640625,16781200
2026-06-22,AMAT,639.4961547851562,10737300
2026-06-23,AMAT,585.2542114257812,12035100
2026-06-24,AMAT,588.3408203125,10726700
2026-06-25,AMAT,667.2864379882812,16477800
2026-06-26,AMAT,626.1704711914062,28138600
2026-06-29,AMAT,693.8980102539062,14165300
2026-06-30,AMAT,722.2277221679688,16461200
2026-07-01,AMAT,650.2146606445312,16089200
2026-07-02,AMAT,602.3958129882812,15071700
2026-07-06,AMAT,592.1567993164062,8622800
2026-07-07,AMAT,553.90771484375,12552400
2026-07-08,AMAT,569.890625,7535700
2026-07-09,AMAT,588.0311889648438,14418000
2026-07-10,AMAT,601.8564453125,6279300
2026-07-13,AMAT,574.775390625,7561700
2026-07-14,AMAT,595.063720703125,6513900
2026-07-15,AMAT,578.81103515625,8168200
2026-07-16,AMAT,560.330810546875,8406100
2026-07-17,AMAT,529.0941772460938,10326500
2026-07-20,AMAT,525.1384887695312,6558300
2026-07-21,AMAT,563.9469604492188,7636400
2026-07-22,AMAT,553.3283081054688,4963500
2026-07-23,AMAT,562.1987915039062,5706400
2026-07-24,AMAT,535.6771850585938,6262200
2026-07-27,AMAT,516.337890625,8011400
2026-07-28,AMAT,475.9510498046875,9891300
2026-07-29,AMAT,435.9837951660156,10166900
2026-07-30,AMAT,501.2340087890625,12166300
2026-07-31,AMAT,507.12774658203125,7411500
2026-08-03,AMAT,517.656494140625,5978900
2026-08-04,AMAT,546.0361328125,7971700
2026-08-05,AMAT,533.6693115234375,5358100
2026-08-06,AMAT,526.9165649414062,4173200
2026-08-07,AMAT,538.5641479492188,4555000
2026-08-10,AMAT,521.562255859375,7019400
2026-08-11,AMAT,525.0485229492188,6973800
2026-08-12,AMAT,547.5645141601562,7495000
2026-08-13,AMAT,533.968994140625,12963300
2026-08-14,AMAT,506.63824462890625,13132300
2026-08-17,AMAT,534.7382202148438,9624100
2026-08-18,AMAT,513.7806396484375,8611900
2026-08-19,AMAT,495.6400146484375,6571200
2026-08-20,AMAT,496.2099914550781,6604500
2026-08-21,AMAT,492.32000732421875,5526800
2026-08-24,AMAT,484.19000244140625,9264700
2026-08-25,AMAT,480.0400085449219,5185200
2026-08-26,AMAT,479.760009765625,5193000
2026-08-27,AMAT,482.3599853515625,6285600
2026-08-28,AMAT,461.6700134277344,6524800
2026-08-31,AMAT,458.3900146484375,6174000
2026-09-01,AMAT,441.8500061035156,7142500
2026-09-02,AMAT,438.4599914550781,6518400
2026-09-03,AMAT,435.9100036621094,5999200
2026-09-04,AMAT,454.7099914550781,6009400
2026-09-08,AMAT,472.7900085449219,6304600
2026-09-09,AMAT,468.8500061035156,3936600
2026-09-10,AMAT,454.010009765625,4837400
2026-09-11,AMAT,456.489990234375,4313100
2026-09-14,AMAT,424.2099914550781,8056600
2026-09-15,AMAT,421.1700134277344,5630600
2026-09-16,AMAT,415.3800048828125,5511000
2026-09-17,AMAT,417.3999938964844,6929300
2026-09-18,AMAT,444.57000732421875,14302900
2026-09-21,AMAT,464.239990234375,9491100
2026-09-22,AMAT,472.4599914550781,5807700
2026-09-23,AMAT,474.3800048828125,4585600
2026-09-24,AMAT,474.25,4159900
2025-09-25,ALAB,200.63999938964844,6227700
2025-09-26,ALAB,197.77999877929688,3317800
2025-09-29,ALAB,198.8000030517578,4092200
2025-09-30,ALAB,195.8000030517578,5498600
2025-10-01,ALAB,194.5,4896100
2025-10-02,ALAB,209.60000610351562,6604100
2025-10-03,ALAB,200.74000549316406,5188100
2025-10-06,ALAB,220.80999755859375,8726000
2025-10-07,ALAB,212.10000610351562,4777100
2025-10-08,ALAB,219.36000061035156,3672400
2025-10-09,ALAB,225.42999267578125,4635500
2025-10-10,ALAB,206.2100067138672,6984400
2025-10-13,ALAB,199.52999877929688,7648900
2025-10-14,ALAB,161.5500030517578,17592500
2025-10-15,ALAB,161.46499633789062,7563300
2025-10-16,ALAB,163.5500030517578,6249700
2025-10-17,ALAB,159.8000030517578,5850400
2025-10-20,ALAB,156.30999755859375,5762700
2025-10-21,ALAB,157.50999450683594,4556800
2025-10-22,ALAB,154.85000610351562,5274100
2025-10-23,ALAB,163.63999938964844,5211800
2025-10-24,ALAB,164.97000122070312,4528100
2025-10-27,ALAB,170.27999877929688,3950300
2025-10-28,ALAB,168.25,2931100
2025-10-29,ALAB,173.6199951171875,3182900
2025-10-30,ALAB,169.5500030517578,3084500
2025-10-31,ALAB,186.67999267578125,9392300
2025-11-03,ALAB,191.55999755859375,6035600
2025-11-04,ALAB,179.30999755859375,8955900
2025-11-05,ALAB,181.94000244140625,9339600
2025-11-06,ALAB,162.8300018310547,6767600
2025-11-07,ALAB,165.49000549316406,6400400
2025-11-10,ALAB,173.74000549316406,4846600
2025-11-11,ALAB,167.5500030517578,3254700
2025-11-12,ALAB,157.7899932861328,5811900
2025-11-13,ALAB,144.47000122070312,7824600
2025-11-14,ALAB,144.33999633789062,5697400
2025-11-17,ALAB,141.38999938964844,5409900
2025-11-18,ALAB,139.52000427246094,4069800
2025-11-19,ALAB,142.00999450683594,4224900
2025-11-20,ALAB,139.2899932861328,10310800
2025-11-21,ALAB,141.8000030517578,6831400
2025-11-24,ALAB,147.75,13436500
2025-11-25,ALAB,144.77999877929688,4269000
2025-11-26,ALAB,154.22000122070312,5194200
2025-11-28,ALAB,157.57000732421875,2422200
2025-12-01,ALAB,165.19000244140625,7596000
2025-12-02,ALAB,142.94000244140625,17797300
2025-12-03,ALAB,152.5,7766100
2025-12-04,ALAB,152.50999450683594,3813700
2025-12-05,ALAB,161.22999572753906,4414100
2025-12-08,ALAB,175.74000549316406,8033300
2025-12-09,ALAB,167.0800018310547,5018900
2025-12-10,ALAB,164.31500244140625,2947500
2025-12-11,ALAB,173.6999969482422,5541100
2025-12-12,ALAB,148.85000610351562,10324300
2025-12-15,ALAB,143.66000366210938,5503000
2025-12-16,ALAB,144.94000244140625,3551000
2025-12-17,ALAB,140.24000549316406,4513500
2025-12-18,ALAB,145.8800048828125,3374700
2025-12-19,ALAB,164.39999389648438,9627000
2025-12-22,ALAB,172.6199951171875,4824700
2025-12-23,ALAB,168.8300018310547,2505700
2025-12-24,ALAB,169.97000122070312,1280000
2025-12-26,ALAB,167.25999450683594,2089500
2025-12-29,ALAB,170.10499572753906,1939500
2025-12-30,ALAB,170.83999633789062,2401600
2025-12-31,ALAB,166.36000061035156,2438500
2026-01-02,ALAB,179.55999755859375,5658900
2026-01-05,ALAB,167.11000061035156,7579600
2026-01-06,ALAB,161.00999450683594,8028800
2026-01-07,ALAB,165.77000427246094,5045900
2026-01-08,ALAB,156.72999572753906,3936000
2026-01-09,ALAB,162.61000061035156,4093700
2026-01-12,ALAB,172.57000732421875,4439100
2026-01-13,ALAB,180.55999755859375,4457100
2026-01-14,ALAB,172.13999938964844,3622800
2026-01-15,ALAB,174.4499969482422,3906800
2026-01-16,ALAB,182.0,5422800
2026-01-20,ALAB,183.75,5298300
2026-01-21,ALAB,176.0050048828125,6687300
2026-01-22,ALAB,176.35000610351562,4011400
2026-01-23,ALAB,169.66000366210938,6106400
2026-01-26,ALAB,163.25,4026900
2026-01-27,ALAB,170.92999267578125,3385300
2026-01-28,ALAB,167.89999389648438,3801200
2026-01-29,ALAB,160.4600067138672,4376600
2026-01-30,ALAB,150.6199951171875,4281200
2026-02-02,ALAB,152.44000244140625,3132600
2026-02-03,ALAB,158.52000427246094,5290000
2026-02-04,ALAB,144.6699981689453,5743600
2026-02-05,ALAB,142.82000732421875,4476900
2026-02-06,ALAB,169.85000610351562,7290600
2026-02-09,ALAB,187.6699981689453,7420600
2026-02-10,ALAB,182.86000061035156,8429900
2026-02-11,ALAB,143.7100067138672,16419400
2026-02-12,ALAB,126.58000183105469,11444100
2026-02-13,ALAB,129.32000732421875,7735800
2026-02-17,ALAB,123.69000244140625,7105700
2026-02-18,ALAB,129.5800018310547,4355200
2026-02-19,ALAB,132.6199951171875,2904600
2026-02-20,ALAB,129.67999267578125,3640700
2026-02-23,ALAB,128.24000549316406,3023600
2026-02-24,ALAB,128.39999389648438,2894000
2026-02-25,ALAB,128.14999389648438,5330300
2026-02-26,ALAB,124.66999816894531,3800700
2026-02-27,ALAB,118.83000183105469,5156500
2026-03-02,ALAB,120.55000305175781,4652100
2026-03-03,ALAB,109.80000305175781,5896200
2026-03-04,ALAB,113.7699966430664,5440100
2026-03-05,ALAB,120.0,6435300
2026-03-06,ALAB,119.19999694824219,4434000
2026-03-09,ALAB,122.30999755859375,5939900
2026-03-10,ALAB,116.4800033569336,4284900
2026-03-11,ALAB,124.70999908447266,5401700
2026-03-12,ALAB,119.9000015258789,3620700
2026-03-13,ALAB,120.30999755859375,3447100
2026-03-16,ALAB,127.4800033569336,4610400
2026-03-17,ALAB,127.56999969482422,5941300
2026-03-18,ALAB,126.33999633789062,3844900
2026-03-19,ALAB,126.16000366210938,4170300
2026-03-20,ALAB,116.04000091552734,8694500
2026-03-23,ALAB,123.87000274658203,4051700
2026-03-24,ALAB,121.76000213623047,2670200
2026-03-25,ALAB,120.33000183105469,2733300
2026-03-26,ALAB,113.6050033569336,3102200
2026-03-27,ALAB,112.47000122070312,2873800
2026-03-30,ALAB,100.2699966430664,5169600
2026-03-31,ALAB,109.5999984741211,5104500
2026-04-01,ALAB,106.33000183105469,4783100
2026-04-02,ALAB,117.13999938964844,4496100
2026-04-06,ALAB,117.98999786376953,2726300
2026-04-07,ALAB,118.98999786376953,4452300
2026-04-08,ALAB,125.45999908447266,4105900
2026-04-09,ALAB,129.4600067138672,3766900
2026-04-10,ALAB,149.0500030517578,10909500
2026-04-13,ALAB,166.7949981689453,10035200
2026-04-14,ALAB,170.60000610351562,7658900
2026-04-15,ALAB,172.08999633789062,5064600
2026-04-16,ALAB,170.80999755859375,4529200
2026-04-17,ALAB,174.0500030517578,5165900
2026-04-20,ALAB,175.8000030517578,4180500
2026-04-21,ALAB,191.97000122070312,10877800
2026-04-22,ALAB,194.05999755859375,6144200
2026-04-23,ALAB,197.5399932861328,5396500
2026-04-24,ALAB,212.83999633789062,6661900
2026-04-27,ALAB,196.63999938964844,5422500
2026-04-28,ALAB,183.30999755859375,4965300
2026-04-29,ALAB,196.85000610351562,4959700
2026-04-30,ALAB,194.74000549316406,5152000
2026-05-01,ALAB,202.67999267578125,4343600
2026-05-04,ALAB,201.25,4155500
2026-05-05,ALAB,215.69000244140625,8142500
2026-05-06,ALAB,213.91000366210938,8553000
2026-05-07,ALAB,195.64999389648438,6551400
2026-05-08,ALAB,199.7899932861328,4610100
2026-05-11,ALAB,207.35000610351562,5615400
2026-05-12,ALAB,204.4199981689453,5053800
2026-05-13,ALAB,224.08999633789062,6415600
2026-05-14,ALAB,228.63999938964844,4615000
2026-05-15,ALAB,232.67999267578125,5941800
2026-05-18,ALAB,215.5800018310547,6161300
2026-05-19,ALAB,244.25999450683594,9430500
2026-05-20,ALAB,287.4800109863281,10294600
2026-05-21,ALAB,297.8399963378906,7004300
2026-05-22,ALAB,306.8800048828125,6527300
2026-05-26,ALAB,318.7200012207031,8114900
2026-05-27,ALAB,325.3299865722656,5140900
2026-05-28,ALAB,349.1700134277344,5591800
2026-05-29,ALAB,342.8500061035156,5979200
2026-06-01,ALAB,320.0899963378906,5559100
2026-06-02,ALAB,355.760009765625,5572700
2026-06-03,ALAB,363.5400085449219,5309500
2026-06-04,ALAB,358.04998779296875,3785300
2026-06-05,ALAB,317.05999755859375,7315000
2026-06-08,ALAB,346.3299865722656,5048500
2026-06-09,ALAB,341.70001220703125,7378100
2026-06-10,ALAB,330.8599853515625,5895300
2026-06-11,ALAB,367.4700012207031,5728900
2026-06-12,ALAB,367.1499938964844,5372900
2026-06-15,ALAB,389.20001220703125,5332800
2026-06-16,ALAB,361.7099914550781,5938600
2026-06-17,ALAB,374.67999267578125,5122000
2026-06-18,ALAB,417.07000732421875,22605900
2026-06-22,ALAB,439.6600036621094,5584000
2026-06-23,ALAB,397.0199890136719,6478300
2026-06-24,ALAB,399.9200134277344,4063500
2026-06-25,ALAB,398.0,4956700
2026-06-26,ALAB,391.739990234375,6564800
2026-06-29,ALAB,455.9599914550781,6331400
2026-06-30,ALAB,483.0199890136719,6066600
2026-07-01,ALAB,430.8599853515625,5834800
2026-07-02,ALAB,406.4200134277344,7247100
2026-07-06,ALAB,432.739990234375,4124500
2026-07-07,ALAB,382.8900146484375,7181700
2026-07-08,ALAB,393.1600036621094,3473500
2026-07-09,ALAB,417.45001220703125,3792700
2026-07-10,ALAB,412.9700012207031,2161500
2026-07-13,ALAB,362.04998779296875,6286100
2026-07-14,ALAB,361.7799987792969,3280900
2026-07-15,ALAB,350.6199951171875,3380800
2026-07-16,ALAB,319.739990234375,4689900
2026-07-17,ALAB,303.6199951171875,7235800
2026-07-20,ALAB,309.0899963378906,2945500
2026-07-21,ALAB,319.7900085449219,3887000
2026-07-22,ALAB,330.8949890136719,3104600
2026-07-23,ALAB,326.9700012207031,2810700
2026-07-24,ALAB,291.5799865722656,4275600
2026-07-27,ALAB,282.5199890136719,4110400
2026-07-28,ALAB,260.2300109863281,4760900
2026-07-29,ALAB,249.74000549316406,5367800
2026-07-30,ALAB,299.69000244140625,6352700
2026-07-31,ALAB,311.2300109863281,5329400
2026-08-03,ALAB,321.04998779296875,4136300
2026-08-04,ALAB,361.6700134277344,10057000
2026-08-05,ALAB,318.42999267578125,9286100
2026-08-06,ALAB,331.5,4944000
2026-08-07,ALAB,334.1700134277344,3547300
2026-08-10,ALAB,317.2300109863281,3364800
2026-08-11,ALAB,311.989990234375,2707100
2026-08-12,ALAB,318.79998779296875,4453700
2026-08-13,ALAB,322.7799987792969,3343100
2026-08-14,ALAB,321.6099853515625,2523600
2026-08-17,ALAB,320.1700134277344,5695700
2026-08-18,ALAB,303.44000244140625,5111200
2026-08-19,ALAB,289.0199890136719,4228000
2026-08-20,ALAB,290.5199890136719,2598000
2026-08-21,ALAB,284.9700012207031,3005300
2026-08-24,ALAB,277.5299987792969,3691000
2026-08-25,ALAB,282.6499938964844,1798400
2026-08-26,ALAB,290.29998779296875,1933700
2026-08-27,ALAB,304.0899963378906,2745100
2026-08-28,ALAB,289.4700012207031,2640000
2026-08-31,ALAB,296.9800109863281,2353300
2026-09-01,ALAB,279.9100036621094,3442700
2026-09-02,ALAB,274.1300048828125,2851000
2026-09-03,ALAB,282.82000732421875,2788000
2026-09-04,ALAB,310.3999938964844,6536300
2026-09-08,ALAB,288.8500061035156,5720400
2026-09-09,ALAB,300.5400085449219,3146300
2026-09-10,ALAB,284.5299987792969,3222900
2026-09-11,ALAB,291.2200012207031,2312000
2026-09-14,ALAB,257.0400085449219,6454400
2026-09-15,ALAB,252.5399932861328,3019200
2026-09-16,ALAB,269.17999267578125,3609000
2026-09-17,ALAB,293.55999755859375,4180700
2026-09-18,ALAB,303.25,7065900
2026-09-21,ALAB,340.739990234375,6146000
2026-09-22,ALAB,363.4599914550781,5460000
2026-09-23,ALAB,360.4599914550781,3303500
2026-09-24,ALAB,360.510009765625,3403700
2025-09-25,TSM,273.7626037597656,11863400
2025-09-26,TSM,270.4971618652344,10451900
2025-09-29,TSM,270.36846923828125,8046200
2025-09-30,TSM,276.3650207519531,8348800
2025-10-01,TSM,285.44891357421875,14620100
2025-10-02,TSM,285.0926818847656,10198000
2025-10-03,TSM,289.12994384765625,10572500
2025-10-06,TSM,299.2330017089844,15785000
2025-10-07,TSM,290.95068359375,13081000
2025-10-08,TSM,301.330810546875,12821200
2025-10-09,TSM,296.73944091796875,10259900
2025-10-10,TSM,277.720703125,23398000
2025-10-13,TSM,299.7178955078125,20318300
2025-10-14,TSM,292.8406677246094,16567900
2025-10-15,TSM,301.5188293457031,20788000
2025-10-16,TSM,296.6997985839844,26341500
2025-10-17,TSM,291.9896545410156,17633300
2025-10-20,TSM,294.58221435546875,13391600
2025-10-21,TSM,291.4256896972656,11190500
2025-10-22,TSM,285.8545837402344,15409100
2025-10-23,TSM,287.6852722167969,10379900
2025-10-24,TSM,291.8708801269531,8747000
2025-10-27,TSM,295.1264953613281,13615000
2025-10-28,TSM,298.37213134765625,11804200
2025-10-29,TSM,301.89483642578125,16177300
2025-10-30,TSM,300.04443359375,14507100
2025-10-31,TSM,297.28363037109375,12667900
2025-11-03,TSM,301.667236328125,12466600
2025-11-04,TSM,290.9704895019531,16224300
2025-11-05,TSM,290.5647888183594,10502500
2025-11-06,TSM,286.2108459472656,11516900
2025-11-07,TSM,283.4995422363281,15715700
2025-11-10,TSM,292.17767333984375,10869200
2025-11-11,TSM,288.1206359863281,9666300
2025-11-12,TSM,287.5763854980469,9715900
2025-11-13,TSM,279.24456787109375,13827600
2025-11-14,TSM,281.8371276855469,11486800
2025-11-17,TSM,279.05657958984375,10227100
2025-11-18,TSM,274.99951171875,11850400
2025-11-19,TSM,279.4127502441406,11179200
2025-11-20,TSM,274.5937805175781,15747300
2025-11-21,TSM,272.1793518066406,20872800
2025-11-24,TSM,281.65899658203125,13570300
2025-11-25,TSM,281.6986083984375,13726800
2025-11-26,TSM,286.92327880859375,12220300
2025-11-28,TSM,288.4570617675781,5515400
2025-12-01,TSM,284.66717529296875,7713000
2025-12-02,TSM,289.0309753417969,10746400
2025-12-03,TSM,292.3558044433594,9599200
2025-12-04,TSM,289.8621826171875,6753000
2025-12-05,TSM,291.6334533691406,10275300
2025-12-08,TSM,298.70855712890625,16643100
2025-12-09,TSM,300.2324523925781,11349100
2025-12-10,TSM,306.8919677734375,12429200
2025-12-11,TSM,302.4717102050781,15028400
2025-12-12,TSM,289.76165771484375,19306100
2025-12-15,TSM,285.49517822265625,12082400
2025-12-16,TSM,284.6319885253906,11418400
2025-12-17,TSM,274.79925537109375,16823000
2025-12-18,TSM,282.4590759277344,11260300
2025-12-19,TSM,286.6957702636719,12735800
2025-12-22,TSM,290.99200439453125,6091100
2025-12-23,TSM,294.63336181640625,6802300
2025-12-24,TSM,296.46893310546875,2753900
2025-12-26,TSM,300.4773864746094,5125900
2025-12-29,TSM,298.5723876953125,6205100
2025-12-30,TSM,297.2427978515625,6190600
2025-12-31,TSM,301.5191955566406,8175100
2026-01-02,TSM,317.1165466308594,18526900
2026-01-05,TSM,319.7359619140625,17446300
2026-01-06,TSM,324.8755798339844,15599600
2026-01-07,TSM,316.1938171386719,11744800
2026-01-08,TSM,315.529052734375,10850800
2026-01-09,TSM,321.105224609375,12325100
2026-01-12,TSM,329.1816711425781,12714800
2026-01-13,TSM,328.6260681152344,11473600
2026-01-14,TSM,324.55804443359375,11210800
2026-01-15,TSM,338.9747314453125,42188500
2026-01-16,TSM,339.728759765625,18246100
2026-01-20,TSM,324.607666015625,22809900
2026-01-21,TSM,323.57574462890625,16789800
2026-01-22,TSM,324.8160095214844,12801000
2026-01-23,TSM,332.25750732421875,12904400
2026-01-26,TSM,330.1143798828125,8646400
2026-01-27,TSM,335.700439453125,11298100
2026-01-28,TSM,339.6295471191406,12140100
2026-01-29,TSM,336.9010009765625,13844800
2026-01-30,TSM,327.9811096191406,12028100
2026-02-02,TSM,338.6968688964844,12459100
2026-02-03,TSM,333.1306457519531,12540000
2026-02-04,TSM,323.19873046875,18176000
2026-02-05,TSM,328.1498107910156,14812000
2026-02-06,TSM,346.12847900390625,17025500
2026-02-09,TSM,352.63726806640625,14594900
2026-02-10,TSM,359.0865783691406,14622100
2026-02-11,TSM,371.1715393066406,18651300
2026-02-12,TSM,365.228271484375,16835400
2026-02-13,TSM,363.5018615722656,10468200
2026-02-17,TSM,361.35870361328125,10063800
2026-02-18,TSM,359.433837890625,7310500
2026-02-19,TSM,357.57843017578125,6346500
2026-02-20,TSM,367.64923095703125,9009200
2026-02-23,TSM,367.15313720703125,9550200
2026-02-24,TSM,382.7405700683594,13269500
2026-02-25,TSM,384.7051696777344,10948400
2026-02-26,TSM,373.87030029296875,14535700
2026-02-27,TSM,371.65771484375,9186600
2026-03-02,TSM,366.2303466796875,12571600
2026-03-03,TSM,350.37506103515625,18580200
2026-03-04,TSM,354.6514587402344,12131100
2026-03-05,TSM,351.0993347167969,16249800
2026-03-06,TSM,336.24615478515625,13803000
2026-03-09,TSM,345.9796447753906,19182800
2026-03-10,TSM,344.3821716308594,12985600
2026-03-11,TSM,351.7939147949219,10683300
2026-03-12,TSM,334.0831604003906,17549400
2026-03-13,TSM,335.6706848144531,17299900
2026-03-16,TSM,337.57568359375,11123500
2026-03-17,TSM,344.2481384277344,11434600
2026-03-18,TSM,337.8702392578125,12632600
2026-03-19,TSM,337.0941467285156,15411600
2026-03-20,TSM,327.5919189453125,17424200
2026-03-23,TSM,336.7558288574219,15857200
2026-03-24,TSM,341.5318298339844,9725000
2026-03-25,TSM,346.00927734375,12166900
2026-03-26,TSM,324.4775695800781,14560200
2026-03-27,TSM,325.10443115234375,14484500
2026-03-30,TSM,314.91571044921875,15740000
2026-03-31,TSM,336.2583312988281,18488000
2026-04-01,TSM,339.7806091308594,15011600
2026-04-02,TSM,337.3428955078125,8994600
2026-04-06,TSM,340.04925537109375,5884800
2026-04-07,TSM,343.5914611816406,6823500
2026-04-08,TSM,364.06842041015625,16356900
2026-04-09,TSM,363.66046142578125,9246000
2026-04-10,TSM,368.7449035644531,13168200
2026-04-13,TSM,367.7200622558594,9596300
2026-04-14,TSM,377.9884033203125,12859500
2026-04-15,TSM,373.2223815917969,14955500
2026-04-16,TSM,361.53118896484375,26405800
2026-04-17,TSM,368.6454162597656,18419400
2026-04-20,TSM,364.4067077636719,11638300
2026-04-21,TSM,366.2375183105469,9808200
2026-04-22,TSM,385.5006103515625,16317200
2026-04-23,TSM,380.7445068359375,12224900
2026-04-24,TSM,400.4454345703125,21603600
2026-04-27,TSM,402.95281982421875,16561200
2026-04-28,TSM,390.3760681152344,14715800
2026-04-29,TSM,391.8586120605469,10313000
2026-04-30,TSM,394.07745361328125,12788100
2026-05-01,TSM,395.6794128417969,9926400
2026-05-04,TSM,399.59967041015625,9978500
2026-05-05,TSM,392.4356994628906,14579000
2026-05-06,TSM,417.400146484375,17736400
2026-05-07,TSM,412.076904296875,13403200
2026-05-08,TSM,409.6192626953125,18531200
2026-05-11,TSM,402.5150146484375,14680000
2026-05-12,TSM,395.2913513183594,18121800
2026-05-13,TSM,397.7987365722656,13127800
2026-05-14,TSM,415.6290588378906,18577100
2026-05-15,TSM,402.3259582519531,11868600
2026-05-18,TSM,393.968017578125,12117200
2026-05-19,TSM,390.64471435546875,14083000
2026-05-20,TSM,399.609619140625,10254300
2026-05-21,TSM,405.1119384765625,8937900
2026-05-22,TSM,402.4950866699219,7111900
2026-05-26,TSM,410.2560729980469,10132000
2026-05-27,TSM,420.61395263671875,14695600
2026-05-28,TSM,422.7332763671875,8905800
2026-05-29,TSM,416.35540771484375,11232300
2026-06-01,TSM,433.44940185546875,18040400
2026-06-02,TSM,444.45404052734375,10147900
2026-06-03,TSM,434.50408935546875,10245200
2026-06-04,TSM,442.6929016113281,10974100
2026-06-05,TSM,413.091796875,19644200
2026-06-08,TSM,424.66357421875,11245400
2026-06-09,TSM,425.7779846191406,21199500
2026-06-10,TSM,406.70391845703125,13139700
2026-06-11,TSM,419.94342041015625,13826500
2026-06-12,TSM,422.7957458496094,10362500
2026-06-15,TSM,440.2190246582031,11184900
2026-06-16,TSM,424.690673828125,10943500
2026-06-17,TSM,430.9937744140625,10934100
2026-06-18,TSM,460.8835754394531,25817100
2026-06-22,TSM,466.4187316894531,13686200
2026-06-23,TSM,435.2224426269531,20364500
2026-06-24,TSM,439.6505432128906,9991200
2026-06-25,TSM,433.826171875,14769500
2026-06-26,TSM,431.1932373046875,17974100
2026-06-29,TSM,453.88238525390625,14881400
2026-06-30,TSM,476.2922668457031,15074300
2026-07-01,TSM,443.0414733886719,18534800
2026-07-02,TSM,432.9983825683594,18375000
2026-07-06,TSM,450.58123779296875,12788500
2026-07-07,TSM,431.41265869140625,14898400
2026-07-08,TSM,435.81085205078125,11411200
2026-07-09,TSM,435.7908935546875,11455600
2026-07-10,TSM,432.9485168457031,9595100
2026-07-13,TSM,420.4520263671875,14329800
2026-07-14,TSM,419.2652587890625,14279000
2026-07-15,TSM,418.357666015625,17012300
2026-07-16,TSM,408.6437072753906,24891300
2026-07-17,TSM,397.30413818359375,20986500
2026-07-20,TSM,401.2236328125,11653600
2026-07-21,TSM,423.47393798828125,18210100
2026-07-22,TSM,420.0830383300781,10259500
2026-07-23,TSM,414.46807861328125,11048800
2026-07-24,TSM,402.3306579589844,11525100
2026-07-27,TSM,398.022216796875,17932300
2026-07-28,TSM,391.2603454589844,18276300
2026-07-29,TSM,373.6675720214844,21700200
2026-07-30,TSM,402.2309265136719,17474200
2026-07-31,TSM,403.1684265136719,11956100
2026-08-03,TSM,405.0234375,12676900
2026-08-04,TSM,416.0538635253906,13929100
2026-08-05,TSM,412.892333984375,12790400
2026-08-06,TSM,417.08111572265625,10628900
2026-08-07,TSM,418.9161682128906,9159600
2026-08-10,TSM,417.3503723144531,11776100
2026-08-11,TSM,420.9307556152344,9703600
2026-08-12,TSM,428.0018005371094,9534200
2026-08-13,TSM,429.33819580078125,8194000
2026-08-14,TSM,425.20928955078125,6324700
2026-08-17,TSM,429.8169250488281,9479400
2026-08-18,TSM,412.3039245605469,14030100
2026-08-19,TSM,410.9874267578125,8424700
2026-08-20,TSM,414.886962890625,10447900
2026-08-21,TSM,417.8291015625,8947200
2026-08-24,TSM,409.022705078125,10645600
2026-08-25,TSM,416.293212890625,7049800
2026-08-26,TSM,416.57244873046875,7449300
2026-08-27,TSM,426.15673828125,12749800
2026-08-28,TSM,416.40289306640625,8896900
2026-08-31,TSM,414.20880126953125,6748000
2026-09-01,TSM,412.892333984375,7920800
2026-09-02,TSM,414.3883056640625,6301000
2026-09-03,TSM,415.894287109375,7827800
2026-09-04,TSM,427.762451171875,12276300
2026-09-08,TSM,437.825439453125,13079900
2026-09-09,TSM,434.1951599121094,7499300
2026-09-10,TSM,426.8847961425781,8368100
2026-09-11,TSM,432.0808410644531,10629200
2026-09-14,TSM,416.8916015625,14305900
2026-09-15,TSM,412.64300537109375,9452600
2026-09-16,TSM,417.7200012207031,10490900
2026-09-17,TSM,430.260009765625,12447700
2026-09-18,TSM,434.6700134277344,12905100
2026-09-21,TSM,445.1400146484375,9943100
2026-09-22,TSM,452.0,11256000
2026-09-23,TSM,446.57000732421875,10181300
2026-09-24,TSM,451.1499938964844,7706700
2025-09-25,GEV,606.1436767578125,3202500
2025-09-26,GEV,603.7988891601562,1845300
2025-09-29,GEV,601.065185546875,2188700
2025-09-30,GEV,613.5069580078125,1818700
2025-10-01,GEV,604.7767333984375,2423600
2025-10-02,GEV,604.8565063476562,2044600
2025-10-03,GEV,593.6419677734375,2668500
2025-10-06,GEV,601.8533325195312,1950800
2025-10-07,GEV,604.7467041015625,2161700
2025-10-08,GEV,624.0330200195312,2286500
2025-10-09,GEV,632.8330078125,2414000
2025-10-10,GEV,603.1902465820312,3003600
2025-10-13,GEV,646.7813110351562,3406800
2025-10-14,GEV,642.9500122070312,2890500
2025-10-15,GEV,614.5545043945312,3246000
2025-10-16,GEV,600.6361694335938,3500600
2025-10-17,GEV,598.6406860351562,2747700
2025-10-20,GEV,592.97119140625,2634400
2025-10-21,GEV,584.2473754882812,3956400
2025-10-22,GEV,574.9345703125,10333100
2025-10-23,GEV,594.0492553710938,3952700
2025-10-24,GEV,583.30908203125,3694200
2025-10-27,GEV,583.30908203125,2842400
2025-10-28,GEV,569.9238891601562,3589300
2025-10-29,GEV,576.9009399414062,2808500
2025-10-30,GEV,573.0081787109375,2305100
2025-10-31,GEV,584.0577392578125,2789500
2025-11-03,GEV,580.1848754882812,1853200
2025-11-04,GEV,546.9464721679688,3994900
2025-11-05,GEV,558.6647338867188,2844700
2025-11-06,GEV,549.1524047851562,2215300
2025-11-07,GEV,574.0662231445312,2823800
2025-11-10,GEV,578.7275390625,2555800
2025-11-11,GEV,575.0144653320312,1748500
2025-11-12,GEV,574.3357543945312,2026300
2025-11-13,GEV,557.1375122070312,5166900
2025-11-14,GEV,577.2403564453125,4037300
2025-11-17,GEV,575.9526977539062,2998000
2025-11-18,GEV,553.9035034179688,2986000
2025-11-19,GEV,594.2687377929688,4212100
2025-11-20,GEV,556.9978637695312,4874600
2025-11-21,GEV,554.8118896484375,4872800
2025-11-24,GEV,579.416259765625,2748900
2025-11-25,GEV,571.5009765625,2356500
2025-11-26,GEV,588.629150390625,2223800
2025-11-28,GEV,598.66064453125,1006600
2025-12-01,GEV,575.8329467773438,2302500
2025-12-02,GEV,600.46728515625,2890800
2025-12-03,GEV,600.8565063476562,2754500
2025-12-04,GEV,627.9463500976562,3698500
2025-12-05,GEV,630.15234375,2348000
2025-12-08,GEV,620.7496948242188,2540100
2025-12-09,GEV,624.1433715820312,3017500
2025-12-10,GEV,721.6627197265625,11396400
2025-12-11,GEV,702.8975219726562,4830900
2025-12-12,GEV,670.4675903320312,5225700
2025-12-15,GEV,680.0897827148438,3529600
2025-12-16,GEV,684.95068359375,3572200
2025-12-17,GEV,613.053955078125,6770100
2025-12-18,GEV,638.2472534179688,4426500
2025-12-19,GEV,657.0624389648438,4489100
2025-12-22,GEV,660.5858764648438,2694300
2025-12-23,GEV,660.2265625,1997600
2025-12-24,GEV,666.085693359375,1110900
2025-12-26,GEV,662.2328491210938,1155300
2025-12-29,GEV,662.2328491210938,2186100
2025-12-30,GEV,658.4198608398438,1207000
2025-12-31,GEV,652.3611450195312,1259900
2026-01-02,GEV,678.2930297851562,2741800
2026-01-05,GEV,680.10107421875,2446600
2026-01-06,GEV,685.56494140625,2490800
2026-01-07,GEV,661.5817260742188,2601100
2026-01-08,GEV,627.6995239257812,4310100
2026-01-09,GEV,621.8060913085938,3105800
2026-01-12,GEV,639.0568237304688,2828900
2026-01-13,GEV,651.3630981445312,2090200
2026-01-14,GEV,643.4619140625,2396200
2026-01-15,GEV,641.5140991210938,2394900
2026-01-16,GEV,680.790283203125,4986800
2026-01-20,GEV,684.0965576171875,3901900
2026-01-21,GEV,667.1455078125,4022700
2026-01-22,GEV,660.9324340820312,2858800
2026-01-23,GEV,657.0468139648438,2009600
2026-01-26,GEV,665.2476196289062,2662100
2026-01-27,GEV,691.9278564453125,4714700
2026-01-28,GEV,710.7968139648438,5776300
2026-01-29,GEV,716.59033203125,3491000
2026-01-30,GEV,725.560302734375,3865700
2026-02-02,GEV,754.12841796875,4074400
2026-02-03,GEV,779.3801879882812,3856200
2026-02-04,GEV,745.3881225585938,5058000
2026-02-05,GEV,736.7078857421875,3608600
2026-02-06,GEV,778.481201171875,3283900
2026-02-09,GEV,800.646484375,3105800
2026-02-10,GEV,789.908447265625,2458300
2026-02-11,GEV,822.7518310546875,2821000
2026-02-12,GEV,815.6497802734375,2677700
2026-02-13,GEV,801.23583984375,2020900
2026-02-17,GEV,818.2368774414062,2221600
2026-02-18,GEV,816.638671875,1808900
2026-02-19,GEV,833.6796264648438,1655600
2026-02-20,GEV,829.4144287109375,1709100
2026-02-23,GEV,830.7728881835938,1438200
2026-02-24,GEV,878.7493286132812,2305300
2026-02-25,GEV,875.0335083007812,2293100
2026-02-26,GEV,875.4830322265625,2796700
2026-02-27,GEV,872.6261596679688,2456200
2026-03-02,GEV,880.1976928710938,2421400
2026-03-03,GEV,841.0614013671875,3558100
2026-03-04,GEV,840.3322143554688,1817500
2026-03-05,GEV,814.1015014648438,3203700
2026-03-06,GEV,788.3502197265625,2678600
2026-03-09,GEV,829.1746826171875,2878000
2026-03-10,GEV,838.2645263671875,2393600
2026-03-11,GEV,846.7051391601562,1706700
2026-03-12,GEV,831.1824340820312,2142900
2026-03-13,GEV,804.1226196289062,2271100
2026-03-16,GEV,826.4476928710938,2361400
2026-03-17,GEV,843.6189575195312,2259300
2026-03-18,GEV,858.0315551757812,2193100
2026-03-19,GEV,876.9419555664062,2509500
2026-03-20,GEV,850.6353759765625,4438100
2026-03-23,GEV,882.1892700195312,3353900
2026-03-24,GEV,908.945556640625,2777700
2026-03-25,GEV,923.21826171875,2864900
2026-03-26,GEV,872.674072265625,3000700
2026-03-27,GEV,852.7242431640625,2494700
2026-03-30,GEV,816.9325561523438,2830800
2026-03-31,GEV,872.4542236328125,3469200
2026-04-01,GEV,894.3230590820312,2467700
2026-04-02,GEV,898.111083984375,1944100
2026-04-06,GEV,896.9017333984375,1386300
2026-04-07,GEV,910.284912109375,1399100
2026-04-08,GEV,935.5919799804688,2336900
2026-04-09,GEV,967.525634765625,2061300
2026-04-10,GEV,990.813720703125,2164600
2026-04-13,GEV,990.6138305664062,1636200
2026-04-14,GEV,986.9956665039062,2028300
2026-04-15,GEV,985.41650390625,2306900
2026-04-16,GEV,977.8203735351562,1402700
2026-04-17,GEV,1002.2379150390625,2328800
2026-04-20,GEV,989.67431640625,1804900
2026-04-21,GEV,990.7937622070312,2111100
2026-04-22,GEV,1126.9842529296875,4184700
2026-04-23,GEV,1148.9429931640625,3073200
2026-04-24,GEV,1148.60302734375,3633800
2026-04-27,GEV,1119.6578369140625,3845800
2026-04-28,GEV,1088.3739013671875,4206000
2026-04-29,GEV,1062.5670166015625,3721100
2026-04-30,GEV,1082.9066162109375,3533200
2026-05-01,GEV,1062.4071044921875,1890400
2026-05-04,GEV,1073.4014892578125,1923200
2026-05-05,GEV,1094.650634765625,2075600
2026-05-06,GEV,1118.3885498046875,2282800
2026-05-07,GEV,1045.0960693359375,2588300
2026-05-08,GEV,1039.6187744140625,1828700
2026-05-11,GEV,1072.531982421875,2510000
2026-05-12,GEV,1071.4324951171875,2102800
2026-05-13,GEV,1062.02734375,1588400
2026-05-14,GEV,1089.97314453125,1690600
2026-05-15,GEV,1048.694091796875,2445800
2026-05-18,GEV,1011.7330322265625,3116500
2026-05-19,GEV,1011.2832641601562,2246700
2026-05-20,GEV,1023.996826171875,2564600
2026-05-21,GEV,1043.286865234375,1633700
2026-05-22,GEV,1038.20947265625,1472300
2026-05-26,GEV,1069.92333984375,1877300
2026-05-27,GEV,1031.363037109375,2264800
2026-05-28,GEV,995.4913330078125,3007000
2026-05-29,GEV,967.8255004882812,5276800
2026-06-01,GEV,950.0545654296875,2679300
2026-06-02,GEV,969.1748046875,2248200
2026-06-03,GEV,958.8700561523438,2079500
2026-06-04,GEV,962.8380737304688,2180400
2026-06-05,GEV,933.1331787109375,3053500
2026-06-08,GEV,933.373046875,1842200
2026-06-09,GEV,919.6801147460938,3842700
2026-06-10,GEV,866.647216796875,5302800
2026-06-11,GEV,906.326904296875,4261200
2026-06-12,GEV,940.1795654296875,2787700
2026-06-15,GEV,978.5700073242188,3428200
2026-06-16,GEV,982.3499755859375,2761100
2026-06-17,GEV,1048.8599853515625,3996000
2026-06-18,GEV,1109.72998046875,4344700
2026-06-22,GEV,1127.5899658203125,3916300
2026-06-23,GEV,1034.97998046875,3919200
2026-06-24,GEV,1057.6500244140625,2948100
2026-06-25,GEV,1085.469970703125,2750900
2026-06-26,GEV,1045.1700439453125,3654200
2026-06-29,GEV,1102.510009765625,3180500
2026-06-30,GEV,1174.8599853515625,3096200
2026-07-01,GEV,1134.3499755859375,2359600
2026-07-02,GEV,1113.1099853515625,2360300
2026-07-06,GEV,1152.0400390625,2882900
2026-07-07,GEV,1077.0799560546875,4223700
2026-07-08,GEV,1070.989990234375,2804200
2026-07-09,GEV,1075.260009765625,2327800
2026-07-10,GEV,1091.5699462890625,1738800
2026-07-13,GEV,1042.5999755859375,2258500
2026-07-14,GEV,1066.010009765625,1771500
2026-07-15,GEV,1055.280029296875,2693400
2026-07-16,GEV,1036.219970703125,2829500
2026-07-17,GEV,1057.8399658203125,3285000
2026-07-20,GEV,1079.1800537109375,2542100
2026-07-21,GEV,1078.81005859375,3536500
2026-07-22,GEV,985.030029296875,4903800
2026-07-23,GEV,1031.18994140625,3560100
2026-07-24,GEV,1014.75,2489400
2026-07-27,GEV,996.5700073242188,3580000
2026-07-28,GEV,943.3800048828125,3897400
2026-07-29,GEV,900.280029296875,3697300
2026-07-30,GEV,981.97998046875,3134700
2026-07-31,GEV,990.2899780273438,2357600
2026-08-03,GEV,1006.760009765625,2011400
2026-08-04,GEV,1018.530029296875,2187700
2026-08-05,GEV,1017.9600219726562,1704200
2026-08-06,GEV,1000.2999877929688,1763700
2026-08-07,GEV,990.3200073242188,2477400
2026-08-10,GEV,990.8499755859375,1587500
2026-08-11,GEV,1011.8800048828125,1631900
2026-08-12,GEV,1039.9000244140625,1497900
2026-08-13,GEV,1049.4200439453125,1709100
2026-08-14,GEV,1063.25,1491000
2026-08-17,GEV,1079.0,2091100
2026-08-18,GEV,1004.530029296875,2821500
2026-08-19,GEV,987.4600219726562,2056100
2026-08-20,GEV,966.010009765625,2658100
2026-08-21,GEV,956.8499755859375,1714000
2026-08-24,GEV,942.0999755859375,1893600
2026-08-25,GEV,926.72998046875,2022400
2026-08-26,GEV,953.0900268554688,2267400
2026-08-27,GEV,953.8300170898438,1582400
2026-08-28,GEV,911.9299926757812,1887000
2026-08-31,GEV,898.530029296875,3570300
2026-09-01,GEV,898.530029296875,2333800
2026-09-02,GEV,921.9400024414062,2653000
2026-09-03,GEV,941.8400268554688,1762400
2026-09-04,GEV,941.9500122070312,1236500
2026-09-08,GEV,971.3099975585938,1699100
2026-09-09,GEV,951.0399780273438,1473300
2026-09-10,GEV,923.9099731445312,1462200
2026-09-11,GEV,957.27001953125,1176700
2026-09-14,GEV,874.760009765625,3299400
2026-09-15,GEV,882.8099975585938,2046100
2026-09-16,GEV,925.0900268554688,3565200
2026-09-17,GEV,924.9299926757812,3236100
2026-09-18,GEV,940.3300170898438,4105000
2026-09-21,GEV,946.219970703125,2593900
2026-09-23,GEV,951.8200073242188,1678200
2026-09-24,GEV,955.0399780273438,1683000
2025-09-25,ASML,943.3366088867188,1272600
2025-09-26,ASML,945.293701171875,955200
2025-09-29,ASML,956.3111572265625,1213800
2025-09-30,ASML,961.7553100585938,1303600
2025-10-01,ASML,996.705078125,1963800
2025-10-02,ASML,1023.4291381835938,1689100
2025-10-03,ASML,1025.4656982421875,1352300
2025-10-06,ASML,1036.4732666015625,1385400
2025-10-07,ASML,995.7413940429688,1667800
2025-10-08,ASML,981.3462524414062,1947000
2025-10-09,ASML,974.123779296875,1496000
2025-10-10,ASML,930.0640258789062,2933900
2025-10-13,ASML,978.2168579101562,2223900
2025-10-14,ASML,976.74658203125,2422100
2025-10-15,ASML,1003.2022705078125,2900300
2025-10-16,ASML,1012.918212890625,1938400
2025-10-17,ASML,1022.5349731445312,1663700
2025-10-20,ASML,1035.33056640625,1271700
2025-10-21,ASML,1018.3128051757812,1072200
2025-10-22,ASML,1004.9508056640625,1328600
2025-10-23,ASML,1029.6282958984375,1318200
2025-10-24,ASML,1026.33984375,1032700
2025-10-27,ASML,1053.0439453125,1265600
2025-10-28,ASML,1045.593017578125,856900
2025-10-29,ASML,1065.7203369140625,1530000
2025-10-30,ASML,1070.308349609375,1283100
2025-10-31,ASML,1054.165771484375,1179400
2025-11-03,ASML,1061.7196044921875,868100
2025-11-04,ASML,1025.2149658203125,1735100
2025-11-05,ASML,1038.7598876953125,1169400
2025-11-06,ASML,1024.279296875,1073000
2025-11-07,ASML,1012.0979614257812,1841900
2025-11-10,ASML,1033.8236083984375,992900
2025-11-11,ASML,1017.5318603515625,1026000
2025-11-12,ASML,1032.3704833984375,961900
2025-11-13,ASML,1014.984130859375,1406300
2025-11-14,ASML,1002.1656494140625,1307800
2025-11-17,ASML,1015.1234741210938,1691500
2025-11-18,ASML,999.2596435546875,1414000
2025-11-19,ASML,1034.3609619140625,1587800
2025-11-20,ASML,976.3496704101562,2055100
2025-11-21,ASML,961.9488525390625,2481800
2025-11-24,ASML,983.0972900390625,1628100
2025-11-25,ASML,998.4236450195312,1193000
2025-11-26,ASML,1035.9931640625,1572400
2025-11-28,ASML,1054.93212890625,939700
2025-12-01,ASML,1082.788330078125,2103100
2025-12-02,ASML,1103.47900390625,1426000
2025-12-03,ASML,1135.46533203125,2059500
2025-12-04,ASML,1104.772705078125,1511800
2025-12-05,ASML,1094.21337890625,1054400
2025-12-08,ASML,1114.336669921875,1118800
2025-12-09,ASML,1106.126220703125,904700
2025-12-10,ASML,1113.9683837890625,1093600
2025-12-11,ASML,1117.4716796875,1403600
2025-12-12,ASML,1075.682373046875,1623000
2025-12-15,ASML,1082.619140625,1283400
2025-12-16,ASML,1070.905517578125,956300
2025-12-17,ASML,1010.5752563476562,2140900
2025-12-18,ASML,1031.3555908203125,1645400
2025-12-19,ASML,1050.97119140625,2319600
2025-12-22,ASML,1051.9266357421875,703700
2025-12-23,ASML,1056.7633056640625,543600
2025-12-24,ASML,1060.4259033203125,229800
2025-12-26,ASML,1067.6212158203125,363800
2025-12-29,ASML,1060.903564453125,424300
2025-12-30,ASML,1067.0142822265625,807300
2025-12-31,ASML,1064.7449951171875,561300
2026-01-02,ASML,1158.216064453125,2697900
2026-01-05,ASML,1222.3179931640625,3290600
2026-01-06,ASML,1236.2510986328125,1895800
2026-01-07,ASML,1222.5966796875,1351200
2026-01-08,ASML,1188.6099853515625,1682300
2026-01-09,ASML,1267.7896728515625,2394500
2026-01-12,ASML,1275.1043701171875,1488600
2026-01-13,ASML,1264.08740234375,1374200
2026-01-14,ASML,1257.67822265625,1536500
2026-01-15,ASML,1325.233642578125,2858400
2026-01-16,ASML,1352.0745849609375,2469100
2026-01-20,ASML,1319.7301025390625,2970800
2026-01-21,ASML,1353.58740234375,2387200
2026-01-22,ASML,1388.33056640625,1844200
2026-01-23,ASML,1382.3990478515625,1556300
2026-01-26,ASML,1406.5927734375,2001300
2026-01-27,ASML,1447.6356201171875,3473900
2026-01-28,ASML,1416.1171875,5036800
2026-01-29,ASML,1448.2030029296875,2818900
2026-01-30,ASML,1416.19677734375,2358800
2026-02-02,ASML,1434.4989013671875,1766600
2026-02-03,ASML,1389.206298828125,2205100
2026-02-04,ASML,1332.727783203125,2479400
2026-02-05,ASML,1343.7049560546875,1790200
2026-02-06,ASML,1406.2545166015625,1971000
2026-02-09,ASML,1422.6556396484375,1125100
2026-02-10,ASML,1408.7171630859375,1200600
2026-02-11,ASML,1430.65087890625,1139300
2026-02-12,ASML,1401.9906005859375,1518100
2026-02-13,ASML,1401.7315673828125,1248900
2026-02-17,ASML,1414.8558349609375,1097200
2026-02-18,ASML,1463.6259765625,1334400
2026-02-19,ASML,1453.8701171875,1135200
2026-02-20,ASML,1464.4930419921875,1102500
2026-02-23,ASML,1480.836181640625,1284200
2026-02-24,ASML,1492.6053466796875,1538900
2026-02-25,ASML,1521.2156982421875,1306900
2026-02-26,ASML,1458.72314453125,2177900
2026-02-27,ASML,1445.5291748046875,1358300
2026-03-02,ASML,1418.602783203125,1492400
2026-03-03,ASML,1356.2198486328125,2012500
2026-03-04,ASML,1394.5166015625,1486700
2026-03-05,ASML,1363.6141357421875,1804500
2026-03-06,ASML,1288.3162841796875,1900100
2026-03-09,ASML,1352.712158203125,1808900
2026-03-10,ASML,1378.60205078125,1650900
2026-03-11,ASML,1381.87060546875,1164700
2026-03-12,ASML,1346.892333984375,1780200
2026-03-13,ASML,1341.022705078125,1179000
2026-03-16,ASML,1370.7891845703125,1310400
2026-03-17,ASML,1384.342041015625,1135600
2026-03-18,ASML,1350.469970703125,1391400
2026-03-19,ASML,1361.6510009765625,1619100
2026-03-20,ASML,1312.681396484375,2645100
2026-03-23,ASML,1364.8697509765625,1983200
2026-03-24,ASML,1394.5665283203125,1801000
2026-03-25,ASML,1389.0556640625,1610000
2026-03-26,ASML,1324.888916015625,1721100
2026-03-27,ASML,1297.95263671875,1759700
2026-03-30,ASML,1249.6109619140625,2144500
2026-03-31,ASML,1316.2489013671875,1731500
2026-04-01,ASML,1355.0439453125,1745000
2026-04-02,ASML,1312.6614990234375,1883400
2026-04-06,ASML,1299.4873046875,1299200
2026-04-07,ASML,1301.9188232421875,1368900
2026-04-08,ASML,1416.1214599609375,2427300
2026-04-09,ASML,1443.61572265625,1579700
2026-04-10,ASML,1473.1529541015625,1519600
2026-04-13,ASML,1494.996826171875,1709400
2026-04-14,ASML,1513.0341796875,1769200
2026-04-15,ASML,1476.630859375,4251700
2026-04-16,ASML,1405.9368896484375,2626700
2026-04-17,ASML,1454.737060546875,1876500
2026-04-20,ASML,1471.379150390625,1091900
2026-04-21,ASML,1453.909912109375,1274600
2026-04-22,ASML,1438.653076171875,2621800
2026-04-23,ASML,1412.8826904296875,1800500
2026-04-24,ASML,1452.644287109375,1751800
2026-04-27,ASML,1430.5897216796875,1326200
2026-04-28,ASML,1382.771728515625,1926900
2026-04-29,ASML,1392.279296875,1256500
2026-04-30,ASML,1437.13134765625,1414400
2026-05-01,ASML,1425.1768798828125,707100
2026-05-04,ASML,1384.41943359375,1755700
2026-05-05,ASML,1441.0562744140625,1621400
2026-05-06,ASML,1542.7447509765625,2312400
2026-05-07,ASML,1514.64111328125,1726700
2026-05-08,ASML,1589.9637451171875,2288300
2026-05-11,ASML,1563.78759765625,2191300
2026-05-12,ASML,1518.9754638671875,1846800
2026-05-13,ASML,1579.537109375,1691200
2026-05-14,ASML,1582.46337890625,1412600
2026-05-15,ASML,1499.8702392578125,1807400
2026-05-18,ASML,1470.48828125,1664400
2026-05-19,ASML,1457.554931640625,1395400
2026-05-20,ASML,1548.1278076171875,1744500
2026-05-21,ASML,1589.9437255859375,1358400
2026-05-22,ASML,1630.7908935546875,1666700
2026-05-26,ASML,1629.9219970703125,1651000
2026-05-27,ASML,1595.80615234375,1361600
2026-05-28,ASML,1603.6959228515625,971600
2026-05-29,ASML,1610.6768798828125,1069400
2026-06-01,ASML,1626.4664306640625,1058900
2026-06-02,ASML,1703.167236328125,1484000
2026-06-03,ASML,1724.130126953125,1826900
2026-06-04,ASML,1755.199951171875,2248200
2026-06-05,ASML,1639.6195068359375,2744600
2026-06-08,ASML,1746.7808837890625,2062100
2026-06-09,ASML,1775.4737548828125,3151400
2026-06-10,ASML,1731.949951171875,2586400
2026-06-11,ASML,1897.0264892578125,2965600
2026-06-12,ASML,1861.14306640625,2529600
2026-06-15,ASML,1890.2154541015625,2339100
2026-06-16,ASML,1801.56005859375,1797600
2026-06-17,ASML,1865.4173583984375,2322900
2026-06-18,ASML,1927.1876220703125,2406100
2026-06-22,ASML,1926.7581787109375,1793300
2026-06-23,ASML,1776.162841796875,2415700
2026-06-24,ASML,1760.4931640625,2028200
2026-06-25,ASML,1838.8018798828125,2197000
2026-06-26,ASML,1792.302001953125,2840000
2026-06-29,ASML,1880.677734375,1760500
2026-06-30,ASML,1986.870361328125,2712600
2026-07-01,ASML,1840.6595458984375,2584700
2026-07-02,ASML,1767.03466796875,2699100
2026-07-06,ASML,1822.712646484375,1945000
2026-07-07,ASML,1745.023193359375,1863900
2026-07-08,ASML,1766.3656005859375,1424500
2026-07-09,ASML,1801.9195556640625,1547400
2026-07-10,ASML,1794.9984130859375,1218400
2026-07-13,ASML,1723.8106689453125,1419800
2026-07-14,ASML,1773.3465576171875,2529100
2026-07-15,ASML,1812.9254150390625,4189300
2026-07-16,ASML,1782.5645751953125,2581400
2026-07-17,ASML,1745.32275390625,2209400
2026-07-20,ASML,1736.7738037109375,1639000
2026-07-21,ASML,1799.18310546875,1681100
2026-07-22,ASML,1799.5325927734375,1007400
2026-07-23,ASML,1800.671142578125,1106700
2026-07-24,ASML,1754.8204345703125,1315000
2026-07-27,ASML,1653.1220703125,3325500
2026-07-28,ASML,1582.949951171875,3010100
2026-07-29,ASML,1550.68994140625,2538800
2026-07-30,ASML,1651.43994140625,2170500
2026-07-31,ASML,1629.0,1601400
2026-08-03,ASML,1642.52001953125,1437400
2026-08-04,ASML,1711.8900146484375,1526700
2026-08-05,ASML,1678.219970703125,1221000
2026-08-06,ASML,1704.3699951171875,1072500
2026-08-07,ASML,1740.989990234375,1064900
2026-08-10,ASML,1733.47998046875,1107000
2026-08-11,ASML,1799.3800048828125,1479700
2026-08-12,ASML,1810.0699462890625,1388800
2026-08-13,ASML,1847.9000244140625,1237900
2026-08-14,ASML,1844.0799560546875,929000
2026-08-17,ASML,1883.1199951171875,1285400
2026-08-18,ASML,1802.97998046875,1509300
2026-08-19,ASML,1751.72998046875,1463600
2026-08-20,ASML,1750.31005859375,825400
2026-08-21,ASML,1763.760009765625,972400
2026-08-24,ASML,1740.1300048828125,1202000
2026-08-25,ASML,1744.1600341796875,808900
2026-08-26,ASML,1745.6400146484375,873500
2026-08-27,ASML,1735.010009765625,1027200
2026-08-28,ASML,1696.1600341796875,1257700
2026-08-31,ASML,1696.010009765625,1212100
2026-09-01,ASML,1665.1400146484375,1004800
2026-09-02,ASML,1682.300048828125,872800
2026-09-03,ASML,1646.18994140625,1437500
2026-09-04,ASML,1714.8800048828125,1288700
2026-09-08,ASML,1764.8499755859375,1352800
2026-09-09,ASML,1729.52001953125,1060000
2026-09-10,ASML,1687.4300537109375,1078100
2026-09-11,ASML,1698.300048828125,881200
2026-09-14,ASML,1575.1500244140625,1970800
2026-09-15,ASML,1591.47998046875,1577600
2026-09-16,ASML,1602.219970703125,1334100
2026-09-17,ASML,1629.6700439453125,1394000
2026-09-18,ASML,1679.9200439453125,2523800
2026-09-21,ASML,1711.3199462890625,1314400
2026-09-23,ASML,1744.6099853515625,1254400
2026-09-24,ASML,1722.5,1263300
2025-09-25,KLAC,105.34173583984375,7105000
2025-09-26,KLAC,105.85794067382812,5054000
2025-09-29,KLAC,105.84202575683594,7697000
2025-09-30,KLAC,107.28125762939453,8863000
2025-10-01,KLAC,112.28128814697266,11881000
2025-10-02,KLAC,113.3147201538086,9249000
2025-10-03,KLAC,109.5639419555664,9536000
2025-10-06,KLAC,113.3594741821289,9460000
2025-10-07,KLAC,107.89196014404297,8784000
2025-10-08,KLAC,105.68885040283203,14760000
2025-10-09,KLAC,104.78174591064453,12477000
2025-10-10,KLAC,97.74769592285156,15760000
2025-10-13,KLAC,101.95001983642578,12270000
2025-10-14,KLAC,102.02063751220703,10557000
2025-10-15,KLAC,108.11774444580078,13137000
2025-10-16,KLAC,109.29041290283203,10311000
2025-10-17,KLAC,110.07220458984375,8791000
2025-10-20,KLAC,114.67039489746094,10785000
2025-10-21,KLAC,114.12732696533203,7447000
2025-10-22,KLAC,110.83409881591797,13614000
2025-10-23,KLAC,115.27812957763672,9466000
2025-10-24,KLAC,117.64734649658203,8255000
2025-10-27,KLAC,120.86100769042969,9711000
2025-10-28,KLAC,119.95687866210938,6654000
2025-10-29,KLAC,122.86518859863281,14635000
2025-10-30,KLAC,120.78939819335938,20377000
2025-10-31,KLAC,120.22543334960938,8852000
2025-11-03,KLAC,121.25985717773438,9055000
2025-11-04,KLAC,118.70861053466797,12014000
2025-11-05,KLAC,122.05158233642578,9011000
2025-11-06,KLAC,119.99269104003906,11788000
2025-11-07,KLAC,118.6966781616211,11421000
2025-11-10,KLAC,121.14148712158203,9481000
2025-11-11,KLAC,118.45099639892578,9118000
2025-11-12,KLAC,119.25366973876953,8246000
2025-11-13,KLAC,115.54865264892578,12035000
2025-11-14,KLAC,112.8233642578125,14446000
2025-11-17,KLAC,112.95088958740234,13265000
2025-11-18,KLAC,111.89381408691406,11519000
2025-11-19,KLAC,116.31441497802734,9593000
2025-11-20,KLAC,109.83744049072266,11719000
2025-11-21,KLAC,109.30641174316406,14384000
2025-11-24,KLAC,113.25276947021484,15796000
2025-11-25,KLAC,114.1653823852539,9442000
2025-11-26,KLAC,115.47850036621094,11257000
2025-11-28,KLAC,117.1124496459961,3893000
2025-12-01,KLAC,115.29020690917969,6091000
2025-12-02,KLAC,118.54612731933594,9533000
2025-12-03,KLAC,120.72703552246094,8104000
2025-12-04,KLAC,120.36139678955078,7032000
2025-12-05,KLAC,120.99703216552734,6819000
2025-12-08,KLAC,122.00628662109375,8198000
2025-12-09,KLAC,122.10791015625,7827000
2025-12-10,KLAC,123.43299865722656,7119000
2025-12-11,KLAC,124.15730285644531,9223000
2025-12-12,KLAC,118.95063018798828,11439000
2025-12-15,KLAC,122.05809783935547,12584000
2025-12-16,KLAC,121.8847427368164,7355000
2025-12-17,KLAC,116.76873016357422,9138000
2025-12-18,KLAC,121.78709411621094,10565000
2025-12-19,KLAC,124.10649871826172,21561000
2025-12-22,KLAC,126.09810638427734,6045000
2025-12-23,KLAC,126.40596008300781,6007000
2025-12-24,KLAC,127.22692108154297,2103000
2025-12-26,KLAC,127.48695373535156,3374000
2025-12-29,KLAC,125.57305908203125,6415000
2025-12-30,KLAC,123.90524291992188,3843000
2025-12-31,KLAC,121.0588150024414,6080000
2026-01-02,KLAC,126.9758529663086,8321000
2026-01-05,KLAC,134.74501037597656,13199000
2026-01-06,KLAC,138.9842987060547,11414000
2026-01-07,KLAC,135.46633911132812,9045000
2026-01-08,KLAC,131.97032165527344,9485000
2026-01-09,KLAC,139.48245239257812,11024000
2026-01-12,KLAC,142.28903198242188,8556000
2026-01-13,KLAC,143.64898681640625,9966000
2026-01-14,KLAC,142.919677734375,8965000
2026-01-15,KLAC,153.9248504638672,16576000
2026-01-16,KLAC,156.202392578125,15317000
2026-01-20,KLAC,148.06858825683594,17340000
2026-01-21,KLAC,151.43807983398438,14999000
2026-01-22,KLAC,149.4454803466797,10260000
2026-01-23,KLAC,150.71875,10102000
2026-01-26,KLAC,153.73255920410156,12599000
2026-01-27,KLAC,161.03546142578125,11742000
2026-01-28,KLAC,162.1184539794922,10915000
2026-01-29,KLAC,167.84817504882812,15064000
2026-01-30,KLAC,142.26612854003906,27881000
2026-02-02,KLAC,140.52357482910156,16038000
2026-02-03,KLAC,135.05288696289062,20559000
2026-02-04,KLAC,130.23873901367188,15838000
2026-02-05,KLAC,132.61094665527344,13017000
2026-02-06,KLAC,143.76156616210938,15711000
2026-02-09,KLAC,143.48361206054688,16392000
2026-02-10,KLAC,142.55503845214844,8432000
2026-02-11,KLAC,147.40304565429688,10928000
2026-02-12,KLAC,144.54864501953125,10491000
2026-02-13,KLAC,145.87171936035156,10122000
2026-02-17,KLAC,146.6658172607422,6231000
2026-02-18,KLAC,147.67440795898438,6510000
2026-02-19,KLAC,146.6368865966797,6257000
2026-02-20,KLAC,149.24063110351562,6841000
2026-02-23,KLAC,148.40863037109375,8499000
2026-02-24,KLAC,150.30307006835938,6669000
2026-02-25,KLAC,154.29644775390625,8762000
2026-02-26,KLAC,152.0648193359375,11840000
2026-02-27,KLAC,152.08876037597656,11069000
2026-03-02,KLAC,153.1262664794922,7591000
2026-03-03,KLAC,143.78875732421875,12669000
2026-03-04,KLAC,147.2364501953125,7982000
2026-03-05,KLAC,142.59263610839844,10777000
2026-03-06,KLAC,134.1320037841797,11179000
2026-03-09,KLAC,142.5666961669922,11207000
2026-03-10,KLAC,144.94497680664062,8912000
2026-03-11,KLAC,146.1480712890625,8164000
2026-03-12,KLAC,140.61839294433594,12596000
2026-03-13,KLAC,141.52320861816406,12718000
2026-03-16,KLAC,143.478515625,9557000
2026-03-17,KLAC,147.77914428710938,8535000
2026-03-18,KLAC,147.8798828125,8830000
2026-03-19,KLAC,150.7888946533203,9997000
2026-03-20,KLAC,149.50698852539062,21884000
2026-03-23,KLAC,150.77992248535156,11738000
2026-03-24,KLAC,156.24276733398438,7823000
2026-03-25,KLAC,154.0111541748047,7694000
2026-03-26,KLAC,144.764404296875,10917000
2026-03-27,KLAC,143.97430419921875,8115000
2026-03-30,KLAC,137.92587280273438,10012000
2026-03-31,KLAC,146.88729858398438,11081000
2026-04-01,KLAC,151.618896484375,8799000
2026-04-02,KLAC,151.3196258544922,6615000
2026-04-06,KLAC,153.6360321044922,4118000
2026-04-07,KLAC,154.51292419433594,5273000
2026-04-08,KLAC,166.83226013183594,10201000
2026-04-09,KLAC,172.31106567382812,9395000
2026-04-10,KLAC,173.31065368652344,6864000
2026-04-13,KLAC,176.45309448242188,8301000
2026-04-14,KLAC,179.15957641601562,8713000
2026-04-15,KLAC,174.3910675048828,11639000
2026-04-16,KLAC,173.06825256347656,8323000
2026-04-17,KLAC,178.71363830566406,7254000
2026-04-20,KLAC,180.09832763671875,6231000
2026-04-21,KLAC,178.1081085205078,6761000
2026-04-22,KLAC,180.77069091796875,6840000
2026-04-23,KLAC,181.1068878173828,9285000
2026-04-24,KLAC,193.03515625,11431000
2026-04-27,KLAC,189.54356384277344,11196000
2026-04-28,KLAC,180.4624481201172,13398000
2026-04-29,KLAC,181.18470764160156,10921000
2026-04-30,KLAC,174.61451721191406,18906000
2026-05-01,KLAC,172.21131896972656,7892000
2026-05-04,KLAC,170.92041015625,7916000
2026-05-05,KLAC,172.87371826171875,11941000
2026-05-06,KLAC,181.19268798828125,13409000
2026-05-07,KLAC,175.90142822265625,12416000
2026-05-08,KLAC,186.46998596191406,12894000
2026-05-11,KLAC,184.07574462890625,12129000
2026-05-12,KLAC,180.69985961914062,10294000
2026-05-13,KLAC,184.52664184570312,9381000
2026-05-14,KLAC,188.83926391601562,8100000
2026-05-15,KLAC,179.99856567382812,9804000
2026-05-18,KLAC,175.4467010498047,9469000
2026-05-19,KLAC,173.8614959716797,11170000
2026-05-20,KLAC,182.74046325683594,9000000
2026-05-21,KLAC,184.01002502441406,8205000
2026-05-22,KLAC,188.6248016357422,7231000
2026-05-26,KLAC,200.91192626953125,11503000
2026-05-27,KLAC,195.49803161621094,9502000
2026-05-28,KLAC,192.54537963867188,8855000
2026-05-29,KLAC,191.9540557861328,11457000
2026-06-01,KLAC,193.78497314453125,7359000
2026-06-02,KLAC,204.2891082763672,10611000
2026-06-03,KLAC,212.27108764648438,10200000
2026-06-04,KLAC,212.86940002441406,8253000
2026-06-05,KLAC,192.7021942138672,18586000
2026-06-08,KLAC,210.56800842285156,11659000
2026-06-09,KLAC,213.69546508789062,16366000
2026-06-10,KLAC,213.32289123535156,16030000
2026-06-11,KLAC,240.89173889160156,17694000
2026-06-12,KLAC,254.25262451171875,10056600
2026-06-15,KLAC,256.1305236816406,18368200
2026-06-16,KLAC,237.0620574951172,14048600
2026-06-17,KLAC,238.46047973632812,13213500
2026-06-18,KLAC,259.2669677734375,26167300
2026-06-22,KLAC,268.85614013671875,11719800
2026-06-23,KLAC,244.2139892578125,18703800
2026-06-24,KLAC,240.20849609375,11543700
2026-06-25,KLAC,258.5078125,11963400
2026-06-26,KLAC,248.3592987060547,21394400
2026-06-29,KLAC,278.0757141113281,14628600
2026-06-30,KLAC,301.3693542480469,19909300
2026-07-01,KLAC,265.8894958496094,24163600
2026-07-02,KLAC,235.28407287597656,23622500
2026-07-06,KLAC,233.04660034179688,12130800
2026-07-07,KLAC,216.22561645507812,17710900
2026-07-08,KLAC,220.93028259277344,13082600
2026-07-09,KLAC,229.26087951660156,13066400
2026-07-10,KLAC,231.2586212158203,7447800
2026-07-13,KLAC,221.99908447265625,9947500
2026-07-14,KLAC,230.1099090576172,9033100
2026-07-15,KLAC,224.24655151367188,10625500
2026-07-16,KLAC,219.12232971191406,14957000
2026-07-17,KLAC,212.5098114013672,13061800
2026-07-20,KLAC,207.36563110351562,8396400
2026-07-21,KLAC,217.3143768310547,9947400
2026-07-22,KLAC,214.44761657714844,9051200
2026-07-23,KLAC,218.48306274414062,8774000
2026-07-24,KLAC,210.28233337402344,11304900
2026-07-27,KLAC,203.1304168701172,14194900
2026-07-28,KLAC,190.5845947265625,17199200
2026-07-29,KLAC,169.99786376953125,20427600
2026-07-30,KLAC,180.1264190673828,17485100
2026-07-31,KLAC,182.6136016845703,13512400
2026-08-03,KLAC,182.54368591308594,10263000
2026-08-04,KLAC,195.22933959960938,13251400
2026-08-05,KLAC,192.58233642578125,10017200
2026-08-06,KLAC,193.00186157226562,13257400
2026-08-07,KLAC,197.88633728027344,8974100
2026-08-10,KLAC,192.52239990234375,10318300
2026-08-11,KLAC,200.24368286132812,8098400
2026-08-12,KLAC,208.014892578125,11951900
2026-08-13,KLAC,209.1336212158203,8543100
2026-08-14,KLAC,203.49000549316406,7357900
2026-08-17,KLAC,205.75999450683594,9479000
2026-08-18,KLAC,194.7899932861328,13530000
2026-08-19,KLAC,187.27000427246094,9701600
2026-08-20,KLAC,185.86000061035156,7330100
2026-08-21,KLAC,183.99000549316406,8906400
2026-08-24,KLAC,181.57000732421875,9867600
2026-08-25,KLAC,183.33999633789062,8897400
2026-08-26,KLAC,183.8300018310547,5962800
2026-08-27,KLAC,183.77000427246094,6553000
2026-08-28,KLAC,175.5399932861328,9970500
2026-08-31,KLAC,175.4499969482422,7602800
2026-09-01,KLAC,170.88999938964844,10479000
2026-09-02,KLAC,172.25999450683594,6466900
2026-09-03,KLAC,172.94000244140625,6859500
2026-09-04,KLAC,185.60000610351562,12720000
2026-09-08,KLAC,188.97999572753906,12401000
2026-09-09,KLAC,182.91000366210938,9100800
2026-09-10,KLAC,177.17999267578125,10640000
2026-09-11,KLAC,180.63999938964844,7490600
2026-09-14,KLAC,169.08999633789062,12055400
2026-09-15,KLAC,168.02000427246094,7909800
2026-09-16,KLAC,167.36000061035156,6703300
2026-09-17,KLAC,168.97999572753906,9892400
2026-09-18,KLAC,176.99000549316406,20072500
2026-09-21,KLAC,183.97000122070312,9649900
2026-09-23,KLAC,187.86000061035156,8852100
2026-09-24,KLAC,187.11000061035156,7783600
2025-09-25,QQQ,590.7543334960938,70920200
2025-09-26,QQQ,593.1829223632812,54337400
2025-09-29,QQQ,595.9299926757812,48332900
2025-09-30,QQQ,597.5623168945312,46533800
2025-10-01,QQQ,600.4288330078125,46899600
2025-10-02,QQQ,602.8972778320312,43765400
2025-10-03,QQQ,600.3591918945312,46482100
2025-10-06,QQQ,604.8679809570312,41962100
2025-10-07,QQQ,601.6830444335938,58209500
2025-10-08,QQQ,608.58056640625,50629800
2025-10-09,QQQ,607.8440551757812,45551000
2025-10-10,QQQ,586.7432250976562,97614800
2025-10-13,QQQ,599.1946411132812,65872600
2025-10-14,QQQ,595.2034301757812,69203200
2025-10-15,QQQ,599.4036865234375,62805500
2025-10-16,QQQ,597.1841430664062,70982000
2025-10-17,QQQ,601.105712890625,72024900
2025-10-20,QQQ,608.6800537109375,45761700
2025-10-21,QQQ,608.5208740234375,44538200
2025-10-22,QQQ,602.6583862304688,61478800
2025-10-23,QQQ,607.7246704101562,42844300
2025-10-24,QQQ,614.214111328125,47632500
2025-10-27,QQQ,625.1527709960938,54098600
2025-10-28,QQQ,629.9600830078125,61195700
2025-10-29,QQQ,632.7968139648438,67422800
2025-10-30,QQQ,623.1222534179688,61628600
2025-10-31,QQQ,626.1280517578125,66305100
2025-11-03,QQQ,629.1240234375,37154300
2025-11-04,QQQ,616.3540649414062,63830800
2025-11-05,QQQ,620.365234375,48688500
2025-11-06,QQQ,608.8095092773438,72115100
2025-11-07,QQQ,606.8885498046875,81835400
2025-11-10,QQQ,620.3154296875,55919900
2025-11-11,QQQ,618.6632080078125,44868800
2025-11-12,QQQ,618.175537109375,47444400
2025-11-13,QQQ,605.5548706054688,71333600
2025-11-14,QQQ,606.0125732421875,80087300
2025-11-17,QQQ,600.8369140625,63850400
2025-11-18,QQQ,593.5213012695312,83327300
2025-11-19,QQQ,597.0646362304688,73111500
2025-11-20,QQQ,582.9310913085938,117743200
2025-11-21,QQQ,587.3104858398438,103344200
2025-11-24,QQQ,602.3299560546875,60168100
2025-11-25,QQQ,606.04248046875,57560900
2025-11-26,QQQ,611.3973388671875,42393600
2025-11-28,QQQ,616.3540649414062,23034400
2025-12-01,QQQ,614.2837524414062,40957600
2025-12-02,QQQ,619.0911865234375,54541800
2025-12-03,QQQ,620.6041259765625,47841600
2025-12-04,QQQ,620.02685546875,47067800
2025-12-05,QQQ,622.5548706054688,53614200
2025-12-08,QQQ,621.3605346679688,43462400
2025-12-09,QQQ,622.1268920898438,37156000
2025-12-10,QQQ,624.6749267578125,55031400
2025-12-11,QQQ,622.6544799804688,58272800
2025-12-12,QQQ,610.7503662109375,75158700
2025-12-15,QQQ,607.6847534179688,49538200
2025-12-16,QQQ,608.8890991210938,55152800
2025-12-17,QQQ,597.60205078125,70654300
2025-12-18,QQQ,606.261474609375,78875800
2025-12-19,QQQ,614.1643676757812,60369800
2025-12-22,QQQ,617.1082763671875,43703100
2025-12-23,QQQ,619.9984130859375,41120400
2025-12-24,QQQ,621.812255859375,18468700
2025-12-26,QQQ,621.7724609375,28959800
2025-12-29,QQQ,618.7626342773438,32458300
2025-12-30,QQQ,617.3275146484375,31226800
2025-12-31,QQQ,612.2249145507812,40746500
2026-01-02,QQQ,611.0389404296875,61859200
2026-01-05,QQQ,615.8923950195312,46828400
2026-01-06,QQQ,621.3040161132812,43137500
2026-01-07,QQQ,621.9020385742188,44880300
2026-01-08,QQQ,618.364013671875,50435900
2026-01-09,QQQ,624.5230712890625,49688700
2026-01-12,QQQ,625.041259765625,37388700
2026-01-13,QQQ,624.1144409179688,44481400
2026-01-14,QQQ,617.4471435546875,72598700
2026-01-15,QQQ,619.6696166992188,53934900
2026-01-16,QQQ,619.1513671875,61058100
2026-01-20,QQQ,605.9961547851562,81988900
2026-01-21,QQQ,614.188232421875,79837900
2026-01-22,QQQ,618.6530151367188,42254800
2026-01-23,QQQ,620.6063842773438,43645800
2026-01-26,QQQ,623.3370971679688,35983000
2026-01-27,QQQ,628.9878540039062,38997200
2026-01-28,QQQ,631.0706787109375,50691700
2026-01-29,QQQ,627.2935791015625,79944000
2026-01-30,QQQ,619.7592163085938,65650700
2026-02-02,QQQ,624.0148315429688,49020300
2026-02-03,QQQ,614.4274291992188,81234000
2026-02-04,QQQ,603.6939086914062,81850700
2026-02-05,QQQ,595.0036010742188,89354500
2026-02-06,QQQ,607.5807495117188,78019300
2026-02-09,QQQ,612.2349243164062,56797600
2026-02-10,QQQ,609.39453125,53938900
2026-02-11,QQQ,611.0289916992188,58575100
2026-02-12,QQQ,598.601318359375,81378900
2026-02-13,QQQ,599.876953125,69237500
2026-02-17,QQQ,599.259033203125,69013800
2026-02-18,QQQ,603.73388671875,64250700
2026-02-19,QQQ,601.421630859375,60960800
2026-02-20,QQQ,606.7435302734375,74127300
2026-02-23,QQQ,599.36865234375,63859100
2026-02-24,QQQ,605.8067626953125,55023700
2026-02-25,QQQ,614.5868530273438,55710700
2026-02-26,QQQ,607.172119140625,96178900
2026-02-27,QQQ,605.228759765625,68125200
2026-03-02,QQQ,606.0260620117188,75264600
2026-03-03,QQQ,599.5380859375,97015500
2026-03-04,QQQ,608.6769409179688,70943900
2026-03-05,QQQ,606.84326171875,89602400
2026-03-06,QQQ,597.71435546875,86302300
2026-03-09,QQQ,605.6971435546875,93068200
2026-03-10,QQQ,605.7071533203125,64078900
2026-03-11,QQQ,605.6273193359375,60114800
2026-03-12,QQQ,595.2327880859375,71836600
2026-03-13,QQQ,591.7047729492188,63145500
2026-03-16,QQQ,598.3422241210938,49077200
2026-03-17,QQQ,601.2622680664062,47106600
2026-03-18,QQQ,592.880859375,56128000
2026-03-19,QQQ,591.0072021484375,75597600
2026-03-20,QQQ,580.0844116210938,91964700
2026-03-23,QQQ,586.7431640625,89936100
2026-03-24,QQQ,582.731689453125,57750900
2026-03-25,QQQ,586.5635375976562,60475500
2026-03-26,QQQ,572.5634765625,81492100
2026-03-27,QQQ,561.3775024414062,82702200
2026-03-30,QQQ,557.086669921875,70602600
2026-03-31,QQQ,575.9462280273438,95878000
2026-04-01,QQQ,583.06103515625,79435100
2026-04-02,QQQ,583.7295532226562,50941700
2026-04-06,QQQ,587.2420654296875,35108500
2026-04-07,QQQ,587.3319091796875,49948200
2026-04-08,QQQ,604.7944946289062,63086000
2026-04-09,QQQ,608.8857421875,37837500
2026-04-10,QQQ,609.7638549804688,34038500
2026-04-13,QQQ,616.0703125,32972100
2026-04-14,QQQ,627.2562866210938,49921100
2026-04-15,QQQ,636.0375366210938,50102400
2026-04-16,QQQ,639.1009521484375,42320600
2026-04-17,QQQ,647.4630126953125,53488900
2026-04-20,QQQ,645.4074096679688,37138500
2026-04-21,QQQ,642.9526977539062,39580500
2026-04-22,QQQ,653.709716796875,37368400
2026-04-23,QQQ,650.0275268554688,40099800
2026-04-24,QQQ,662.4609375,45563100
2026-04-27,QQQ,662.8101806640625,32717000
2026-04-28,QQQ,656.1444702148438,34147900
2026-04-29,QQQ,660.1558837890625,31724900
2026-04-30,QQQ,666.3126220703125,40622200
2026-05-01,QQQ,672.708984375,39172600
2026-05-04,QQQ,671.4417114257812,34542000
2026-05-05,QQQ,680.1530151367188,37101100
2026-05-06,QQQ,694.2827758789062,38778500
2026-05-07,QQQ,693.4545288085938,43779100
2026-05-08,QQQ,709.709716796875,44320400
2026-05-11,QQQ,711.7652587890625,36019100
2026-05-12,QQQ,705.7282104492188,45873000
2026-05-13,QQQ,713.1823120117188,40012500
2026-05-14,QQQ,718.2514038085938,33327500
2026-05-15,QQQ,707.4146728515625,51792700
2026-05-18,QQQ,704.3711547851562,49834500
2026-05-19,QQQ,700.030517578125,46827500
2026-05-20,QQQ,711.6256713867188,36779200
2026-05-21,QQQ,712.9827270507812,36415400
2026-05-22,QQQ,716.0062255859375,33118600
2026-05-26,QQQ,728.7190551757812,34254700
2026-05-27,QQQ,727.8908081054688,35148700
2026-05-28,QQQ,734.027587890625,32840000
2026-05-29,QQQ,736.7318115234375,37541700
2026-06-01,QQQ,741.1524047851562,33890600
2026-06-02,QQQ,744.5650024414062,30085200
2026-06-03,QQQ,742.6192626953125,40270200
2026-06-04,QQQ,739.0269165039062,40782600
2026-06-05,QQQ,703.5529174804688,99606600
2026-06-08,QQQ,714.5393676757812,47401500
2026-06-09,QQQ,706.3169555664062,91932200
2026-06-10,QQQ,692.2072143554688,65334300
2026-06-11,QQQ,715.5870971679688,71798900
2026-06-12,QQQ,719.798095703125,51168400
2026-06-15,QQQ,742.40966796875,46710200
2026-06-16,QQQ,728.2998657226562,45348700
2026-06-17,QQQ,720.965576171875,51669300
2026-06-18,QQQ,739.0369262695312,50154600
2026-06-22,QQQ,737.1818237304688,43518600
2026-06-23,QQQ,712.9071655273438,53354200
2026-06-24,QQQ,709.8803100585938,52480400
2026-06-25,QQQ,715.63427734375,49668000
2026-06-26,QQQ,705.7846069335938,47081800
2026-06-29,QQQ,723.3262939453125,44939100
2026-06-30,QQQ,735.6334838867188,42121800
2026-07-01,QQQ,724.4151000976562,40803800
2026-07-02,QQQ,711.8582153320312,50959800
2026-07-06,QQQ,722.067626953125,30220400
2026-07-07,QQQ,708.6915283203125,42483100
2026-07-08,QQQ,710.699462890625,35603200
2026-07-09,QQQ,722.5271606445312,33654700
2026-07-10,QQQ,724.7548217773438,26415900
2026-07-13,QQQ,710.9990844726562,36552400
2026-07-14,QQQ,718.9408569335938,29448100
2026-07-15,QQQ,716.9928588867188,32627600
2026-07-16,QQQ,705.2051391601562,39402000
2026-07-17,QQQ,694.606201171875,54109300
2026-07-20,QQQ,695.33544921875,29687600
2026-07-21,QQQ,708.2319946289062,33728300
2026-07-22,QQQ,704.61572265625,23692200
2026-07-23,QQQ,691.23974609375,44028600
2026-07-24,QQQ,683.5177612304688,42876700
2026-07-27,QQQ,681.4099731445312,42681500
2026-07-28,QQQ,674.786865234375,51398700
2026-07-29,QQQ,661.0411376953125,57233300
2026-07-30,QQQ,682.8384399414062,66753700
2026-07-31,QQQ,687.2738647460938,50540500
2026-08-03,QQQ,699.34130859375,44965100
2026-08-04,QQQ,723.0964965820312,59778600
2026-08-05,QQQ,716.5533447265625,33540200
2026-08-06,QQQ,713.9061279296875,33035900
2026-08-07,QQQ,722.2774047851562,31070400
2026-08-10,QQQ,720.11962890625,26243200
2026-08-11,QQQ,717.7021484375,29286100
2026-08-12,QQQ,722.9467163085938,29066000
2026-08-13,QQQ,731.3079833984375,31599700
2026-08-14,QQQ,730.3090209960938,23790600
2026-08-17,QQQ,729.1102294921875,26452600
2026-08-18,QQQ,716.7631225585938,48997200
2026-08-19,QQQ,715.3345947265625,35801700
2026-08-20,QQQ,710.18994140625,33396400
2026-08-21,QQQ,712.6973876953125,33399400
2026-08-24,QQQ,705.5847778320312,37443100
2026-08-25,QQQ,709.9801635742188,23869600
2026-08-26,QQQ,710.6295166015625,20392400
2026-08-27,QQQ,720.359375,28723500
2026-08-28,QQQ,715.6842651367188,34105400
2026-08-31,QQQ,716.013916015625,32237200
2026-09-01,QQQ,706.9033813476562,35236100
2026-09-02,QQQ,708.501708984375,23476200
2026-09-03,QQQ,716.9229125976562,29449800
2026-09-04,QQQ,718.2116088867188,32871100
2026-09-08,QQQ,717.6122436523438,28341400
2026-09-09,QQQ,715.5643920898438,26763400
2026-09-10,QQQ,707.9523315429688,31414400
2026-09-11,QQQ,714.1358642578125,26649100
2026-09-14,QQQ,708.4417724609375,35219000
2026-09-15,QQQ,703.8065795898438,26631700
2026-09-16,QQQ,703.9863891601562,35688000
2026-09-17,QQQ,716.1737060546875,37270300
2026-09-18,QQQ,720.6990356445312,48478700
2026-09-21,QQQ,741.469970703125,46730600
2026-09-22,QQQ,747.4600219726562,40128800
2026-09-23,QQQ,741.2100219726562,33191800
2026-09-24,QQQ,741.0999755859375,28866800
2025-09-25,APLD,22.59000015258789,25579700
2025-09-26,APLD,21.709999084472656,22774700
2025-09-29,APLD,22.149999618530273,19268200
2025-09-30,APLD,22.940000534057617,27744000
2025-10-01,APLD,25.0,23678700
2025-10-02,APLD,26.469999313354492,35030200
2025-10-03,APLD,26.530000686645508,26999900
2025-10-06,APLD,27.709999084472656,28013300
2025-10-07,APLD,27.299999237060547,31017800
2025-10-08,APLD,27.940000534057617,20718200
2025-10-09,APLD,29.290000915527344,43613700
2025-10-10,APLD,33.9900016784668,108028100
2025-10-13,APLD,34.2400016784668,56662600
2025-10-14,APLD,35.040000915527344,48889400
2025-10-15,APLD,37.7599983215332,52351100
2025-10-16,APLD,36.63999938964844,41140300
2025-10-17,APLD,34.2400016784668,30485800
2025-10-20,APLD,35.900001525878906,24278500
2025-10-21,APLD,32.540000915527344,26889200
2025-10-22,APLD,30.6200008392334,46846400
2025-10-23,APLD,33.380001068115234,25086800
2025-10-24,APLD,33.43000030517578,29775100
2025-10-27,APLD,34.349998474121094,21483100
2025-10-28,APLD,34.33000183105469,32453400
2025-10-29,APLD,34.41999816894531,29240700
2025-10-30,APLD,33.95000076293945,24346300
2025-10-31,APLD,34.65999984741211,31397200
2025-11-03,APLD,32.869998931884766,27104700
2025-11-04,APLD,31.059999465942383,28974800
2025-11-05,APLD,33.09000015258789,19861900
2025-11-06,APLD,31.079999923706055,20430000
2025-11-07,APLD,30.979999542236328,25624100
2025-11-10,APLD,31.440000534057617,23962300
2025-11-11,APLD,28.56999969482422,22741500
2025-11-12,APLD,26.40999984741211,27253600
2025-11-13,APLD,23.059999465942383,31351800
2025-11-14,APLD,23.649999618530273,44561200
2025-11-17,APLD,22.934999465942383,25429800
2025-11-18,APLD,22.84000015258789,26812100
2025-11-19,APLD,23.09000015258789,27489800
2025-11-20,APLD,21.3700008392334,38275000
2025-11-21,APLD,21.09000015258789,36810200
2025-11-24,APLD,23.790000915527344,27304700
2025-11-25,APLD,23.739999771118164,19650400
2025-11-26,APLD,24.940000534057617,21975500
2025-11-28,APLD,27.100000381469727,19895400
2025-12-01,APLD,28.209999084472656,24936600
2025-12-02,APLD,28.049999237060547,32944400
2025-12-03,APLD,29.360000610351562,20922200
2025-12-04,APLD,31.139999389648438,22458200
2025-12-05,APLD,31.219999313354492,27001600
2025-12-08,APLD,32.11000061035156,17345600
2025-12-09,APLD,32.77000045776367,31545900
2025-12-10,APLD,30.989999771118164,18524000
2025-12-11,APLD,30.760000228881836,21150900
2025-12-12,APLD,27.860000610351562,24669600
2025-12-15,APLD,22.979999542236328,43525300
2025-12-16,APLD,24.239999771118164,33022900
2025-12-17,APLD,22.0,29286300
2025-12-18,APLD,23.899999618530273,31804200
2025-12-19,APLD,27.850000381469727,38058900
2025-12-22,APLD,27.780000686645508,23209100
2025-12-23,APLD,26.079999923706055,17906900
2025-12-24,APLD,25.719999313354492,7859800
2025-12-26,APLD,24.049999237060547,15491900
2025-12-29,APLD,24.809999465942383,16678600
2025-12-30,APLD,24.079999923706055,25504900
2025-12-31,APLD,24.520000457763672,29076400
2026-01-02,APLD,28.110000610351562,36069500
2026-01-05,APLD,30.200000762939453,34572600
2026-01-06,APLD,30.260000228881836,30638800
2026-01-07,APLD,29.559999465942383,43957700
2026-01-08,APLD,31.940000534057617,91307400
2026-01-09,APLD,37.68000030517578,86363400
2026-01-12,APLD,38.209999084472656,50577900
2026-01-13,APLD,36.709999084472656,32424400
2026-01-14,APLD,36.099998474121094,30396400
2026-01-15,APLD,35.220001220703125,25988700
2026-01-16,APLD,37.400001525878906,31828000
2026-01-20,APLD,35.459999084472656,35188300
2026-01-21,APLD,35.060001373291016,42153500
2026-01-22,APLD,34.7400016784668,29082800
2026-01-23,APLD,37.689998626708984,48149200
2026-01-26,APLD,36.18000030517578,48010800
2026-01-27,APLD,41.349998474121094,47555700
2026-01-28,APLD,40.220001220703125,30478600
2026-01-29,APLD,38.06999969482422,30467100
2026-01-30,APLD,33.880001068115234,30806600
2026-02-02,APLD,34.79999923706055,23149400
2026-02-03,APLD,36.70000076293945,26691500
2026-02-04,APLD,31.540000915527344,38524300
2026-02-05,APLD,27.844999313354492,29119800
2026-02-06,APLD,34.95000076293945,44656500
2026-02-09,APLD,38.2599983215332,36871700
2026-02-10,APLD,37.470001220703125,24414000
2026-02-11,APLD,36.599998474121094,23902900
2026-02-12,APLD,36.16999816894531,18236600
2026-02-13,APLD,35.279998779296875,22437000
2026-02-17,APLD,33.560001373291016,21378100
2026-02-18,APLD,31.90999984741211,24045600
2026-02-19,APLD,31.530000686645508,15011800
2026-02-20,APLD,29.040000915527344,23874600
2026-02-23,APLD,30.0,14692900
2026-02-24,APLD,30.65999984741211,18880800
2026-02-25,APLD,29.079999923706055,19076900
2026-02-26,APLD,28.649999618530273,16047300
2026-02-27,APLD,27.270000457763672,18375100
2026-03-02,APLD,27.93000030517578,16057100
2026-03-03,APLD,26.149999618530273,13745400
2026-03-04,APLD,28.649999618530273,17151800
2026-03-05,APLD,28.09000015258789,15913400
2026-03-06,APLD,25.139999389648438,20577000
2026-03-09,APLD,27.030000686645508,18590100
2026-03-10,APLD,27.399999618530273,13808700
2026-03-11,APLD,28.520000457763672,17901500
2026-03-12,APLD,27.479999542236328,14852100
2026-03-13,APLD,27.049999237060547,18724700
2026-03-16,APLD,27.709999084472656,14494500
2026-03-17,APLD,27.510000228881836,11388500
2026-03-18,APLD,26.649999618530273,12475900
2026-03-19,APLD,26.700000762939453,12261400
2026-03-20,APLD,25.93000030517578,17456300
2026-03-23,APLD,27.260000228881836,14847000
2026-03-24,APLD,26.790000915527344,12776100
2026-03-25,APLD,28.3700008392334,14613800
2026-03-26,APLD,25.71500015258789,19580000
2026-03-27,APLD,23.760000228881836,17033600
2026-03-30,APLD,20.545000076293945,27139000
2026-03-31,APLD,23.739999771118164,23993100
2026-04-01,APLD,24.489999771118164,25220100
2026-04-02,APLD,24.559999465942383,19745800
2026-04-06,APLD,25.190000534057617,17887600
2026-04-07,APLD,25.18000030517578,20180900
2026-04-08,APLD,27.790000915527344,39795700
2026-04-09,APLD,25.56999969482422,35842900
2026-04-10,APLD,26.260000228881836,26413200
2026-04-13,APLD,27.600000381469727,21422400
2026-04-14,APLD,31.469999313354492,37953800
2026-04-15,APLD,30.809999465942383,24272700
2026-04-16,APLD,30.09000015258789,15236500
2026-04-17,APLD,31.530000686645508,19767900
2026-04-20,APLD,32.189998626708984,22174300
2026-04-21,APLD,31.31999969482422,26536600
2026-04-22,APLD,32.43000030517578,17082000
2026-04-23,APLD,36.349998474121094,55485400
2026-04-24,APLD,34.97999954223633,35310300
2026-04-27,APLD,33.66999816894531,20833300
2026-04-28,APLD,32.11000061035156,22493800
2026-04-29,APLD,32.685001373291016,16979300
2026-04-30,APLD,34.25,21590700
2026-05-01,APLD,33.54999923706055,17041300
2026-05-04,APLD,35.630001068115234,23993400
2026-05-05,APLD,39.880001068115234,32489800
2026-05-06,APLD,44.2400016784668,32688600
2026-05-07,APLD,41.529998779296875,25434900
2026-05-08,APLD,41.25,19715600
2026-05-11,APLD,44.59000015258789,27374400
2026-05-12,APLD,43.93000030517578,20248300
2026-05-13,APLD,45.47999954223633,15283300
2026-05-14,APLD,46.709999084472656,16359300
2026-05-15,APLD,42.560001373291016,17723100
2026-05-18,APLD,39.13999938964844,19632900
2026-05-19,APLD,36.619998931884766,15285900
2026-05-20,APLD,39.52000045776367,27508600
2026-05-21,APLD,48.02000045776367,43074400
2026-05-22,APLD,45.869998931884766,22215200
2026-05-26,APLD,45.13999938964844,22554200
2026-05-27,APLD,48.97999954223633,25807700
2026-05-28,APLD,49.650001525878906,20470600
2026-05-29,APLD,47.279998779296875,21832000
2026-06-01,APLD,47.939998626708984,17487200
2026-06-02,APLD,47.86000061035156,17269200
2026-06-03,APLD,44.709999084472656,16325800
2026-06-04,APLD,44.150001525878906,14487400
2026-06-05,APLD,39.619998931884766,21846500
2026-06-08,APLD,40.94499969482422,15600000
2026-06-09,APLD,41.90999984741211,44142200
2026-06-10,APLD,38.91999816894531,21263300
2026-06-11,APLD,41.470001220703125,17088800
2026-06-12,APLD,42.70000076293945,22661000
2026-06-15,APLD,46.470001220703125,18805500
2026-06-16,APLD,46.27000045776367,20750400
2026-06-17,APLD,45.56999969482422,27044000
2026-06-18,APLD,46.59000015258789,14554400
2026-06-22,APLD,45.20000076293945,16311300
2026-06-23,APLD,45.27000045776367,17212800
2026-06-24,APLD,41.97999954223633,15648700
2026-06-25,APLD,40.95000076293945,12988400
2026-06-26,APLD,39.15999984741211,47908100
2026-06-29,APLD,37.77000045776367,20066500
2026-06-30,APLD,37.29999923706055,17984200
2026-07-01,APLD,35.52000045776367,18655200
2026-07-02,APLD,33.060001373291016,24591700
2026-07-06,APLD,33.5,13840800
2026-07-07,APLD,30.709999084472656,15456400
2026-07-08,APLD,31.440000534057617,18267400
2026-07-09,APLD,32.290000915527344,16552400
2026-07-10,APLD,31.149999618530273,12361800
2026-07-13,APLD,28.84000015258789,15224200
2026-07-14,APLD,28.469999313354492,17439500
2026-07-15,APLD,29.030000686645508,20046900
2026-07-16,APLD,26.440000534057617,18483600
2026-07-17,APLD,25.790000915527344,23585600
2026-07-20,APLD,27.850000381469727,23439900
2026-07-21,APLD,30.049999237060547,23352500
2026-07-22,APLD,30.079999923706055,14550900
2026-07-23,APLD,29.889999389648438,13818500
2026-07-24,APLD,27.190000534057617,20189700
2026-07-27,APLD,26.375,23738700
2026-07-28,APLD,26.6200008392334,40851400
2026-07-29,APLD,23.219999313354492,31686500
2026-07-30,APLD,27.969999313354492,25995300
2026-07-31,APLD,27.389999389648438,22020000
2026-08-03,APLD,29.489999771118164,21382100
2026-08-04,APLD,31.270000457763672,20826500
2026-08-05,APLD,29.8700008392334,14759300
2026-08-06,APLD,28.860000610351562,12582700
2026-08-07,APLD,29.219999313354492,12988700
2026-08-10,APLD,29.059999465942383,15541100
2026-08-11,APLD,29.690000534057617,12164500
2026-08-12,APLD,31.149999618530273,18706300
2026-08-13,APLD,30.6200008392334,16117600
2026-08-14,APLD,31.200000762939453,18077200
2026-08-17,APLD,31.18000030517578,13582700
2026-08-18,APLD,28.510000228881836,18093200
2026-08-19,APLD,28.229999542236328,17720100
2026-08-20,APLD,28.649999618530273,13969100
2026-08-21,APLD,27.209999084472656,17942000
2026-08-24,APLD,26.889999389648438,11738500
2026-08-25,APLD,28.850000381469727,13302300
2026-08-26,APLD,26.8700008392334,13311900
2026-08-27,APLD,27.440000534057617,16124800
2026-08-28,APLD,25.34000015258789,19791300
2026-08-31,APLD,25.40999984741211,12020000
2026-09-01,APLD,24.290000915527344,15171000
2026-09-02,APLD,24.90999984741211,16880900
2026-09-03,APLD,25.90999984741211,15966500
2026-09-04,APLD,26.3700008392334,13468000
2026-09-08,APLD,28.309999465942383,19993000
2026-09-09,APLD,27.139999389648438,11785600
2026-09-10,APLD,25.780000686645508,12049100
2026-09-11,APLD,26.420000076293945,10085400
2026-09-14,APLD,24.579999923706055,14977300
2026-09-15,APLD,23.420000076293945,13543600
2026-09-16,APLD,24.389999389648438,19033700
2026-09-17,APLD,26.3799991607666,24003400
2026-09-18,APLD,28.1200008392334,23876100
2026-09-21,APLD,28.190000534057617,18221800
2026-09-22,APLD,28.540000915527344,13089100
2026-09-23,APLD,27.229999542236328,13725500
2026-09-24,APLD,27.059999465942383,13153200
2025-09-25,SPY,651.0263061523438,89622100
2025-09-26,SPY,654.7560424804688,69179200
2025-09-29,SPY,656.59619140625,73499000
2025-09-30,SPY,659.0694580078125,86288000
2025-10-01,SPY,661.3153076171875,72545400
2025-10-02,SPY,662.0770263671875,56896000
2025-10-03,SPY,662.0671997070312,70494400
2025-10-06,SPY,664.4415283203125,54623300
2025-10-07,SPY,661.9781494140625,72020100
2025-10-08,SPY,665.925537109375,60702200
2025-10-09,SPY,663.9963989257812,66501900
2025-10-10,SPY,646.0499877929688,159422600
2025-10-13,SPY,655.9630126953125,79560500
2025-10-14,SPY,655.1616821289062,88779600
2025-10-15,SPY,658.0703125,81702600
2025-10-16,SPY,653.5886840820312,110563300
2025-10-17,SPY,657.2986450195312,96500900
2025-10-20,SPY,664.1348876953125,60493400
2025-10-21,SPY,664.1249389648438,56249000
2025-10-22,SPY,660.6722412109375,80564000
2025-10-23,SPY,664.5899658203125,65604500
2025-10-24,SPY,670.0213012695312,74356500
2025-10-27,SPY,677.9260864257812,63339800
2025-10-28,SPY,679.7266235351562,61738100
2025-10-29,SPY,680.0531005859375,85657100
2025-10-30,SPY,672.5739135742188,76335800
2025-10-31,SPY,674.780029296875,87164100
2025-11-03,SPY,676.04638671875,57315000
2025-11-04,SPY,668.0327758789062,78427000
2025-11-05,SPY,670.3478393554688,74402400
2025-11-06,SPY,663.1554565429688,85035300
2025-11-07,SPY,663.808349609375,100592400
2025-11-10,SPY,674.1666259765625,75842900
2025-11-11,SPY,675.7099609375,58953400
2025-11-12,SPY,676.0859375,62312500
2025-11-13,SPY,664.8670043945312,103457800
2025-11-14,SPY,664.7581176757812,96846700
2025-11-17,SPY,658.56494140625,90456100
2025-11-18,SPY,653.03466796875,114467500
2025-11-19,SPY,655.557373046875,94703000
2025-11-20,SPY,645.5652465820312,165293500
2025-11-21,SPY,651.995849609375,123956200
2025-11-24,SPY,661.59228515625,80437900
2025-11-25,SPY,667.8151245117188,81077100
2025-11-26,SPY,672.4254150390625,71879600
2025-11-28,SPY,676.0958862304688,49212000
2025-12-01,SPY,673.0091552734375,61201200
2025-12-02,SPY,674.2556762695312,62953800
2025-12-03,SPY,676.5905151367188,57238500
2025-12-04,SPY,677.0851440429688,61970300
2025-12-05,SPY,678.3712768554688,79241000
2025-12-08,SPY,676.3333129882812,55231500
2025-12-09,SPY,675.7495727539062,58310100
2025-12-10,SPY,680.231201171875,85671300
2025-12-11,SPY,681.8141479492188,86173700
2025-12-12,SPY,674.4832763671875,113160300
2025-12-15,SPY,673.4641723632812,90811000
2025-12-16,SPY,671.6240844726562,122030600
2025-12-17,SPY,664.2338256835938,110625200
2025-12-18,SPY,669.2496948242188,108650100
2025-12-19,SPY,675.3153686523438,103599500
2025-12-22,SPY,679.5224609375,69556700
2025-12-23,SPY,682.6282348632812,64840000
2025-12-24,SPY,685.0294799804688,39445600
2025-12-26,SPY,684.9600219726562,41613300
2025-12-29,SPY,682.51904296875,62559500
2025-12-30,SPY,681.685546875,47160700
2025-12-31,SPY,676.635009765625,74144800
2026-01-02,SPY,677.8753051757812,89377200
2026-01-05,SPY,682.3900756835938,71927200
2026-01-06,SPY,686.4483642578125,69273800
2026-01-07,SPY,684.2356567382812,75588300
2026-01-08,SPY,684.1661987304688,64019200
2026-01-09,SPY,688.6908569335938,80125500
2026-01-12,SPY,689.7723388671875,63976000
2026-01-13,SPY,688.3931884765625,78309700
2026-01-14,SPY,685.009521484375,94676700
2026-01-15,SPY,686.875,77862000
2026-01-16,SPY,686.299560546875,79289200
2026-01-20,SPY,672.3286743164062,111623300
2026-01-21,SPY,680.0880737304688,127844500
2026-01-22,SPY,683.6403198242188,77112200
2026-01-23,SPY,683.8883056640625,63059600
2026-01-26,SPY,687.3612060546875,60473800
2026-01-27,SPY,690.099853515625,55506100
2026-01-28,SPY,690.0303955078125,61172200
2026-01-29,SPY,688.6610717773438,97486200
2026-01-30,SPY,686.6071166992188,101835100
2026-02-02,SPY,690.0204467773438,79286500
2026-02-03,SPY,684.18603515625,107904600
2026-02-04,SPY,680.8718872070312,105204600
2026-02-05,SPY,672.3683471679688,113610800
2026-02-06,SPY,685.267578125,89127600
2026-02-09,SPY,688.57177734375,73885200
2026-02-10,SPY,686.7559204101562,65185700
2026-02-11,SPY,686.5972290039062,76353900
2026-02-12,SPY,675.9900512695312,118829000
2026-02-13,SPY,676.4663696289062,96267500
2026-02-17,SPY,677.5578002929688,81354700
2026-02-18,SPY,680.9711303710938,73570300
2026-02-19,SPY,679.1751098632812,58649400
2026-02-20,SPY,684.0868530273438,100034000
2026-02-23,SPY,677.1013793945312,90558100
2026-02-24,SPY,682.0228881835938,73798700
2026-02-25,SPY,687.7779541015625,56369500
2026-02-26,SPY,683.957763671875,71671000
2026-02-27,SPY,680.6734008789062,83308900
2026-03-02,SPY,681.0604858398438,87477200
2026-03-03,SPY,675.057373046875,105003100
2026-03-04,SPY,679.8201904296875,79182200
2026-03-05,SPY,676.0297241210938,106606500
2026-03-06,SPY,667.1689453125,100687000
2026-03-09,SPY,673.0133056640625,102667700
2026-03-10,SPY,671.9317016601562,81505300
2026-03-11,SPY,671.0883178710938,68441700
2026-03-12,SPY,660.8978881835938,108882200
2026-03-13,SPY,657.1571655273438,97200200
2026-03-16,SPY,663.8449096679688,82023100
2026-03-17,SPY,665.5912475585938,87128000
2026-03-18,SPY,656.3038330078125,82062600
2026-03-19,SPY,654.6864013671875,111272500
2026-03-20,SPY,645.301025390625,163617500
2026-03-23,SPY,652.07666015625,134802700
2026-03-24,SPY,649.8877563476562,96457500
2026-03-25,SPY,653.5093994140625,90653800
2026-03-26,SPY,641.8385620117188,96494400
2026-03-27,SPY,630.8939819335938,103649400
2026-03-30,SPY,628.78466796875,99275900
2026-03-31,SPY,647.0620727539062,152534100
2026-04-01,SPY,651.9373779296875,97841500
2026-04-02,SPY,652.5244140625,68358700
2026-04-06,SPY,655.6088256835938,39105800
2026-04-07,SPY,655.8972778320312,69980400
2026-04-08,SPY,672.6027221679688,93606100
2026-04-09,SPY,676.4829711914062,57134400
2026-04-10,SPY,676.0353393554688,42253500
2026-04-13,SPY,682.641845703125,54185800
2026-04-14,SPY,690.959716796875,63480500
2026-04-15,SPY,696.412109375,58240400
2026-04-16,SPY,698.1234130859375,49972400
2026-04-17,SPY,706.5607299804688,70661900
2026-04-20,SPY,705.1477661132812,43546800
2026-04-21,SPY,700.53125,58941400
2026-04-22,SPY,707.6253051757812,42518500
2026-04-23,SPY,704.8792114257812,56174000
2026-04-24,SPY,710.341552734375,45182000
2026-04-27,SPY,711.5653076171875,33135900
2026-04-28,SPY,708.1028442382812,43117400
2026-04-29,SPY,707.993408203125,41859200
2026-04-30,SPY,715.0377197265625,67240900
2026-05-01,SPY,717.0177001953125,43049800
2026-05-04,SPY,714.3909912109375,51950600
2026-05-05,SPY,720.1220092773438,36933200
2026-05-06,SPY,730.1312866210938,53288900
2026-05-07,SPY,727.8926391601562,51724600
2026-05-08,SPY,733.9021606445312,47227100
2026-05-11,SPY,735.5736694335938,44024000
2026-05-12,SPY,734.4593505859375,54185300
2026-05-13,SPY,738.5685424804688,44200200
2026-05-14,SPY,744.3989868164062,45307600
2026-05-15,SPY,735.4443969726562,60410800
2026-05-18,SPY,734.927001953125,47843900
2026-05-19,SPY,730.0317993164062,54255900
2026-05-20,SPY,737.5138549804688,45768000
2026-05-21,SPY,738.9764404296875,43332200
2026-05-22,SPY,741.8817749023438,41762000
2026-05-26,SPY,746.8068237304688,41123600
2026-05-27,SPY,746.677490234375,42106300
2026-05-28,SPY,750.7965698242188,41562600
2026-05-29,SPY,752.6671142578125,55075700
2026-06-01,SPY,754.7167358398438,43634900
2026-06-02,SPY,755.7415771484375,31581900
2026-06-03,SPY,750.4384155273438,51402500
2026-06-04,SPY,753.2740478515625,49923000
2026-06-05,SPY,733.83251953125,93989400
2026-06-08,SPY,735.4940795898438,49319100
2026-06-09,SPY,733.3350219726562,87683500
2026-06-10,SPY,721.7736206054688,60341300
2026-06-11,SPY,734.04150390625,86330500
2026-06-12,SPY,738.0113525390625,57079500
2026-06-15,SPY,751.0254516601562,60176400
2026-06-16,SPY,746.5481567382812,67093100
2026-06-17,SPY,737.225341796875,85945200
2026-06-18,SPY,744.8902587890625,80875700
2026-06-22,SPY,742.546142578125,46628100
2026-06-23,SPY,731.7628784179688,66846800
2026-06-24,SPY,731.4237060546875,57439500
2026-06-25,SPY,732.4810791015625,53934400
2026-06-26,SPY,727.1842651367188,71034000
2026-06-29,SPY,739.1644897460938,58035200
2026-06-30,SPY,744.9202270507812,55626000
2026-07-01,SPY,743.9127197265625,47100900
2026-07-02,SPY,742.9351806640625,57447800
2026-07-06,SPY,749.4190673828125,50673300
2026-07-07,SPY,745.85791015625,43721500
2026-07-08,SPY,743.5536499023438,43767400
2026-07-09,SPY,749.8480224609375,41441700
2026-07-10,SPY,753.0799560546875,42191300
2026-07-13,SPY,747.3142700195312,44013600
2026-07-14,SPY,749.9677124023438,35143100
2026-07-15,SPY,752.9403076171875,43844800
2026-07-16,SPY,748.8604125976562,46409800
2026-07-17,SPY,741.4487915039062,62651000
2026-07-20,SPY,740.2518310546875,50422300
2026-07-21,SPY,746.426513671875,34324300
2026-07-22,SPY,745.55859375,32836200
2026-07-23,SPY,736.3515014648438,55437300
2026-07-24,SPY,737.099609375,44782000
2026-07-27,SPY,737.25927734375,41461200
2026-07-28,SPY,739.0248413085938,47322200
2026-07-29,SPY,727.6531372070312,70697200
2026-07-30,SPY,739.852783203125,66811300
2026-07-31,SPY,745.1796264648438,62445900
2026-08-03,SPY,755.793212890625,59927500
2026-08-04,SPY,769.4193725585938,69154800
2026-08-05,SPY,767.8831787109375,44689100
2026-08-06,SPY,766.65625,38416900
2026-08-07,SPY,771.3446044921875,43586300
2026-08-10,SPY,771.1151733398438,39249500
2026-08-11,SPY,768.6513061523438,36740600
2026-08-12,SPY,770.5764770507812,33179100
2026-08-13,SPY,775.9531860351562,35634500
2026-08-14,SPY,774.4169921875,31367900
2026-08-17,SPY,770.7560424804688,34356600
2026-08-18,SPY,765.5490112304688,43920900
2026-08-19,SPY,767.1549682617188,40306000
2026-08-20,SPY,760.7109985351562,45520300
2026-08-21,SPY,763.8232421875,39188700
2026-08-24,SPY,761.5787963867188,32430900
2026-08-25,SPY,764.0127563476562,27422300
2026-08-26,SPY,764.182373046875,28751600
2026-08-27,SPY,769.18994140625,34557100
2026-08-28,SPY,767.4442749023438,36744300
2026-08-31,SPY,765.1499633789062,38810800
2026-09-01,SPY,759.89306640625,41126300
2026-09-02,SPY,763.2646484375,29566200
2026-09-03,SPY,771.2548217773438,43531600
2026-09-04,SPY,768.2822265625,34054200
2026-09-08,SPY,764.0626831054688,44746100
2026-09-09,SPY,760.5115356445312,32812400
2026-09-10,SPY,755.9528198242188,42740400
2026-09-11,SPY,762.3967895507812,45512700
2026-09-14,SPY,758.9952392578125,43992400
2026-09-15,SPY,755.513916015625,46195000
2026-09-16,SPY,752.1821899414062,59217700
2026-09-17,SPY,760.7109985351562,49652800
2026-09-18,SPY,761.6900024414062,65395100
2026-09-21,SPY,773.5,50484700
2026-09-22,SPY,773.3800048828125,34802300
2026-09-23,SPY,767.8099975585938,54931700
2026-09-24,SPY,767.1799926757812,43886300
2025-09-25,VST,200.45553588867188,4262600
2025-09-26,VST,206.023193359375,3096200
2025-09-29,VST,196.79678344726562,8373900
2025-09-30,VST,194.7884521484375,5828400
2025-10-01,VST,200.34616088867188,5387700
2025-10-02,VST,201.4795684814453,4224200
2025-10-03,VST,200.82339477539062,5306900
2025-10-06,VST,199.25253295898438,6019800
2025-10-07,VST,198.4670867919922,2865800
2025-10-08,VST,205.35704040527344,3706000
2025-10-09,VST,208.78713989257812,3796100
2025-10-10,VST,195.7230224609375,4388200
2025-10-13,VST,208.33973693847656,3868800
2025-10-14,VST,204.32305908203125,3088200
2025-10-15,VST,209.63223266601562,5412000
2025-10-16,VST,209.184814453125,3562200
2025-10-17,VST,200.1870880126953,4004700
2025-10-20,VST,193.1181640625,4058400
2025-10-21,VST,185.4427490234375,5781700
2025-10-22,VST,184.75672912597656,5344400
2025-10-23,VST,190.2647247314453,3033700
2025-10-24,VST,200.306396484375,4787500
2025-10-27,VST,198.14894104003906,4539500
2025-10-28,VST,189.48924255371094,9390500
2025-10-29,VST,198.218505859375,6158900
2025-10-30,VST,188.61431884765625,3805400
2025-10-31,VST,187.2124786376953,4231300
2025-11-03,VST,191.92507934570312,3585000
2025-11-04,VST,184.66725158691406,3805000
2025-11-05,VST,188.29617309570312,3547000
2025-11-06,VST,183.5537109375,6543600
2025-11-07,VST,189.89688110351562,5805300
2025-11-10,VST,187.19256591796875,4273700
2025-11-11,VST,178.12525939941406,4542600
2025-11-12,VST,177.2404022216797,4252100
2025-11-13,VST,170.5691375732422,5467400
2025-11-14,VST,173.6810760498047,5484400
2025-11-17,VST,173.98927307128906,3108600
2025-11-18,VST,173.41262817382812,3279100
2025-11-19,VST,178.1053466796875,3384400
2025-11-20,VST,172.78627014160156,4271500
2025-11-21,VST,167.61630249023438,6303800
2025-11-24,VST,174.1284637451172,5750900
2025-11-25,VST,169.85330200195312,3865100
2025-11-26,VST,175.7788848876953,2937800
2025-11-28,VST,177.8269805908203,1908400
2025-12-01,VST,172.63711547851562,3251000
2025-12-02,VST,171.55343627929688,3029200
2025-12-03,VST,170.6586151123047,2492600
2025-12-04,VST,175.05311584472656,3408700
2025-12-05,VST,166.20449829101562,4524300
2025-12-08,VST,165.16058349609375,4230200
2025-12-09,VST,163.8581085205078,3939500
2025-12-10,VST,164.21604919433594,5778100
2025-12-11,VST,173.5915985107422,6197100
2025-12-12,VST,169.11756896972656,5870200
2025-12-15,VST,167.27825927734375,4287400
2025-12-16,VST,172.4482421875,4190100
2025-12-17,VST,159.04608154296875,6902900
2025-12-18,VST,165.21026611328125,7652500
2025-12-19,VST,162.08840942382812,7141800
2025-12-22,VST,160.86082458496094,4379200
2025-12-23,VST,160.9603729248047,3772000
2025-12-24,VST,161.24911499023438,1342200
2025-12-26,VST,160.9603729248047,2317500
2025-12-29,VST,161.129638671875,2856100
2025-12-30,VST,161.9062042236328,2220600
2025-12-31,VST,160.6218719482422,1845100
2026-01-02,VST,164.50474548339844,3838400
2026-01-05,VST,162.21484375,4385200
2026-01-06,VST,168.785888671875,6577500
2026-01-07,VST,153.92141723632812,9433200
2026-01-08,VST,149.93898010253906,6866800
2026-01-09,VST,165.63973999023438,14316000
2026-01-12,VST,171.82249450683594,7189100
2026-01-13,VST,170.66758728027344,5430300
2026-01-14,VST,168.22833251953125,3888200
2026-01-15,VST,179.38914489746094,7116800
2026-01-16,VST,165.86874389648438,13330600
2026-01-20,VST,156.12171936035156,7599100
2026-01-21,VST,159.317626953125,6651300
2026-01-22,VST,159.6561279296875,4176200
2026-01-23,VST,159.41717529296875,4475800
2026-01-26,VST,158.11293029785156,3953100
2026-01-27,VST,163.5390167236328,3622100
2026-01-28,VST,164.91294860839844,4263800
2026-01-29,VST,161.86639404296875,4798800
2026-01-30,VST,157.6549530029297,3810800
2026-02-02,VST,153.5828857421875,5506900
2026-02-03,VST,152.3284454345703,4375800
2026-02-04,VST,141.89443969726562,13329800
2026-02-05,VST,142.44203186035156,7112900
2026-02-06,VST,148.99313354492188,7406400
2026-02-09,VST,152.29856872558594,5097000
2026-02-10,VST,158.89947509765625,9074400
2026-02-11,VST,159.44705200195312,4279300
2026-02-12,VST,162.3841094970703,7493800
2026-02-13,VST,170.73727416992188,5967900
2026-02-17,VST,172.91766357421875,4655500
2026-02-18,VST,169.82131958007812,3622700
2026-02-19,VST,171.7428436279297,3154700
2026-02-20,VST,170.6476593017578,3879800
2026-02-23,VST,167.06346130371094,4133200
2026-02-24,VST,170.86669921875,4375300
2026-02-25,VST,174.59030151367188,4810200
2026-02-26,VST,176.0438995361328,7746200
2026-02-27,VST,173.12673950195312,5494900
2026-03-02,VST,165.2614288330078,5138100
2026-03-03,VST,160.990234375,6653900
2026-03-04,VST,162.64295959472656,4677700
2026-03-05,VST,166.66522216796875,4946400
2026-03-06,VST,157.95362854003906,5625400
2026-03-09,VST,162.9018096923828,4109000
2026-03-10,VST,163.6783905029297,4148000
2026-03-11,VST,158.46139526367188,6074600
2026-03-12,VST,158.8795623779297,4053200
2026-03-13,VST,158.25230407714844,3679600
2026-03-16,VST,161.2789764404297,2775200
2026-03-17,VST,163.60870361328125,2065300
2026-03-18,VST,169.373291015625,3685300
2026-03-19,VST,166.63536071777344,3106700
2026-03-20,VST,145.57737731933594,11109500
2026-03-23,VST,150.8314208984375,5338500
2026-03-24,VST,152.257080078125,3995500
2026-03-25,VST,151.0507354736328,3512900
2026-03-26,VST,151.83836364746094,4437900
2026-03-27,VST,155.0087127685547,4554500
2026-03-30,VST,147.0927734375,4734900
2026-03-31,VST,149.8743133544922,5402200
2026-04-01,VST,153.4933319091797,3782800
2026-04-02,VST,150.72174072265625,2950300
2026-04-06,VST,151.1304931640625,2309800
2026-04-07,VST,153.2141571044922,2229100
2026-04-08,VST,155.41746520996094,4320600
2026-04-09,VST,152.2869873046875,4103200
2026-04-10,VST,154.260986328125,2900900
2026-04-13,VST,157.720458984375,4458600
2026-04-14,VST,163.4729766845703,3767300
2026-04-15,VST,162.44610595703125,3098300
2026-04-16,VST,165.0282440185547,3126000
2026-04-17,VST,162.9645233154297,4104300
2026-04-20,VST,159.11622619628906,2924100
2026-04-21,VST,154.44044494628906,3748800
2026-04-22,VST,155.31776428222656,2642200
2026-04-23,VST,156.37457275390625,3272600
2026-04-24,VST,163.85183715820312,3481400
2026-04-27,VST,166.0750732421875,4577600
2026-04-28,VST,160.63162231445312,5205600
2026-04-29,VST,153.32382202148438,4992800
2026-04-30,VST,157.36155700683594,3954800
2026-05-01,VST,154.809326171875,3144000
2026-05-04,VST,160.36244201660156,4209300
2026-05-05,VST,159.89385986328125,3567200
2026-05-06,VST,157.81019592285156,8214800
2026-05-07,VST,153.4833526611328,7895800
2026-05-08,VST,147.27224731445312,8074500
2026-05-11,VST,151.589111328125,5905400
2026-05-12,VST,146.42481994628906,4904300
2026-05-13,VST,142.17771911621094,6385400
2026-05-14,VST,141.46986389160156,5117100
2026-05-15,VST,139.25660705566406,6632200
2026-05-18,VST,136.33547973632812,6321800
2026-05-19,VST,134.3016815185547,5860700
2026-05-20,VST,143.5635223388672,7901600
2026-05-21,VST,148.62811279296875,4621400
2026-05-22,VST,155.79632568359375,8062500
2026-05-26,VST,164.06118774414062,8511800
2026-05-27,VST,159.66456604003906,4896900
2026-05-28,VST,159.79417419433594,3598000
2026-05-29,VST,159.7443084716797,3781200
2026-06-01,VST,154.29087829589844,4322700
2026-06-02,VST,157.4911651611328,4544900
2026-06-03,VST,153.33380126953125,3884900
2026-06-04,VST,153.23411560058594,2969400
2026-06-05,VST,148.30906677246094,3673400
2026-06-08,VST,146.4547119140625,3327700
2026-06-09,VST,145.7767791748047,4059000
2026-06-10,VST,138.12005615234375,5195000
2026-06-11,VST,145.93630981445312,5127400
2026-06-12,VST,147.57131958007812,4573500
2026-06-15,VST,153.05465698242188,4455200
2026-06-16,VST,158.1292266845703,4942900
2026-06-17,VST,158.3485565185547,4490400
2026-06-18,VST,163.25364685058594,7976300
2026-06-22,VST,166.9865264892578,4971200
2026-06-23,VST,162.12449645996094,3855400
2026-06-24,VST,162.60369873046875,3722600
2026-06-25,VST,167.49569702148438,3633200
2026-06-26,VST,163.2227020263672,5487400
2026-06-29,VST,162.11451721191406,2814800
2026-06-30,VST,158.37063598632812,4182000
2026-07-01,VST,152.9095916748047,5090100
2026-07-02,VST,150.80303955078125,4254100
2026-07-06,VST,156.96295166015625,3395800
2026-07-07,VST,155.47537231445312,3027300
2026-07-08,VST,154.56687927246094,3605700
2026-07-09,VST,157.72169494628906,2907500
2026-07-10,VST,158.6002655029297,2996000
2026-07-13,VST,157.86146545410156,3613300
2026-07-14,VST,158.17095947265625,5415600
2026-07-15,VST,159.968017578125,5504500
2026-07-16,VST,152.31056213378906,7070000
2026-07-17,VST,155.18585205078125,4441000
2026-07-20,VST,157.731689453125,3256700
2026-07-21,VST,162.06459045410156,3721400
2026-07-22,VST,166.46737670898438,2971500
2026-07-23,VST,168.70370483398438,2538200
2026-07-24,VST,163.1128692626953,2553500
2026-07-27,VST,156.82318115234375,4478000
2026-07-28,VST,148.39697265625,5857500
2026-07-29,VST,142.57650756835938,4925900
2026-07-30,VST,148.3769989013672,4599600
2026-07-31,VST,147.9477081298828,4390700
2026-08-03,VST,155.68504333496094,4022300
2026-08-04,VST,142.99581909179688,11503000
2026-08-05,VST,140.35015869140625,6091500
2026-08-06,VST,141.1488494873047,5422800
2026-08-07,VST,140.36012268066406,7860700
2026-08-10,VST,142.6363983154297,4609100
2026-08-11,VST,144.68304443359375,3356800
2026-08-12,VST,146.44017028808594,2680000
2026-08-13,VST,146.16062927246094,2839700
2026-08-14,VST,147.8878173828125,3040000
2026-08-17,VST,145.87110900878906,4037700
2026-08-18,VST,140.29025268554688,4310800
2026-08-19,VST,142.4666748046875,4322300
2026-08-20,VST,138.71282958984375,3737000
2026-08-21,VST,135.9873046875,5095600
2026-08-24,VST,135.43820190429688,5193900
2026-08-25,VST,138.8026885986328,4036000
2026-08-26,VST,139.80104064941406,3428500
2026-08-27,VST,139.58140563964844,2966200
2026-08-28,VST,136.8658447265625,3074100
2026-08-31,VST,137.1453857421875,4146600
2026-09-01,VST,137.85423278808594,4288600
2026-09-02,VST,143.22544860839844,4766100
2026-09-03,VST,143.98419189453125,4321900
2026-09-04,VST,149.05589294433594,4616700
2026-09-08,VST,151.47193908691406,7000200
2026-09-09,VST,150.8529510498047,3891300
2026-09-10,VST,146.8095703125,4544300
2026-09-11,VST,148.1374053955078,3174800
2026-09-14,VST,140.49989318847656,5232800
2026-09-15,VST,141.29859924316406,5593100
2026-09-16,VST,140.16046142578125,3832600
2026-09-17,VST,143.3252716064453,3952100
2026-09-18,VST,140.44000244140625,5269000
2026-09-21,VST,140.77999877929688,4506500
2026-09-22,VST,140.41000366210938,4771300
2026-09-23,VST,137.97000122070312,4412200
2026-09-24,VST,137.94000244140625,3629400
2025-09-25,VRT,139.621337890625,6197600
2025-09-26,VRT,138.47254943847656,3607600
2025-09-29,VRT,143.15756225585938,5876700
2025-09-30,VRT,150.6995391845703,6822300
2025-10-01,VRT,161.41812133789062,12844000
2025-10-02,VRT,161.4680633544922,8936100
2025-10-03,VRT,160.02960205078125,5728500
2025-10-06,VRT,162.62684631347656,7203300
2025-10-07,VRT,158.7010040283203,6899100
2025-10-08,VRT,167.20196533203125,4889900
2025-10-09,VRT,168.70037841796875,4972800
2025-10-10,VRT,168.83021545410156,16066600
2025-10-13,VRT,178.80960083007812,11056200
2025-10-14,VRT,174.96368408203125,7427500
2025-10-15,VRT,180.3179931640625,5642900
2025-10-16,VRT,177.63087463378906,5000100
2025-10-17,VRT,173.81491088867188,5880700
2025-10-20,VRT,175.54306030273438,6692000
2025-10-21,VRT,174.61407470703125,8130700
2025-10-22,VRT,171.40748596191406,22483700
2025-10-23,VRT,183.00514221191406,9679400
2025-10-24,VRT,185.86209106445312,7188500
2025-10-27,VRT,192.69483947753906,6673000
2025-10-28,VRT,190.3673095703125,6044100
2025-10-29,VRT,199.05804443359375,6298900
2025-10-30,VRT,193.5539093017578,5693500
2025-10-31,VRT,192.6548614501953,7726600
2025-11-03,VRT,191.1964111328125,6065100
2025-11-04,VRT,180.627685546875,8984800
2025-11-05,VRT,190.5071563720703,6534700
2025-11-06,VRT,182.82533264160156,5907100
2025-11-07,VRT,179.6087646484375,9143000
2025-11-10,VRT,187.64019775390625,5590100
2025-11-11,VRT,178.85955810546875,5625700
2025-11-12,VRT,173.1855926513672,6131700
2025-11-13,VRT,163.46595764160156,11389900
2025-11-14,VRT,170.78814697265625,10018700
2025-11-17,VRT,166.4727325439453,5249900
2025-11-18,VRT,164.68466186523438,7586300
2025-11-19,VRT,170.46849060058594,6070500
2025-11-20,VRT,159.4402313232422,10076100
2025-11-21,VRT,159.66000366210938,10577700
2025-11-24,VRT,168.7303466796875,8208200
2025-11-25,VRT,169.4528350830078,8573200
2025-11-26,VRT,171.90115356445312,5264800
2025-11-28,VRT,179.60581970214844,4059600
2025-12-01,VRT,179.09617614746094,6501500
2025-12-02,VRT,180.78501892089844,5304500
2025-12-03,VRT,178.7564239501953,5374500
2025-12-04,VRT,182.41387939453125,4962300
2025-12-05,VRT,188.889404296875,7445800
2025-12-08,VRT,185.4817657470703,5556300
2025-12-09,VRT,178.2567596435547,6414700
2025-12-10,VRT,181.6943817138672,5301300
2025-12-11,VRT,178.5365753173828,11321100
2025-12-12,VRT,161.15858459472656,12512200
2025-12-15,VRT,161.6282501220703,8861400
2025-12-16,VRT,160.5489959716797,7808700
2025-12-17,VRT,149.72647094726562,11959800
2025-12-18,VRT,154.2833251953125,7773800
2025-12-19,VRT,159.70957946777344,9716400
2025-12-22,VRT,166.13514709472656,5688100
2025-12-23,VRT,166.14512634277344,3220400
2025-12-24,VRT,166.7547149658203,1335200
2025-12-26,VRT,167.46421813964844,2532800
2025-12-29,VRT,165.5055694580078,3075200
2025-12-30,VRT,164.22645568847656,3764300
2025-12-31,VRT,161.89805603027344,2575500
2026-01-02,VRT,175.48866271972656,7348200
2026-01-05,VRT,173.82981872558594,5860200
2026-01-06,VRT,174.82913208007812,7813700
2026-01-07,VRT,171.42149353027344,5205600
2026-01-08,VRT,160.6688995361328,7684900
2026-01-09,VRT,163.46697998046875,5665300
2026-01-12,VRT,169.9125213623047,4181100
2026-01-13,VRT,172.6006622314453,3648000
2026-01-14,VRT,170.74195861816406,3780800
2026-01-15,VRT,172.42079162597656,4104000
2026-01-16,VRT,176.80775451660156,4502300
2026-01-20,VRT,175.0589599609375,4690500
2026-01-21,VRT,181.34461975097656,5587300
2026-01-22,VRT,180.99485778808594,5508700
2026-01-23,VRT,182.36392211914062,3496300
2026-01-26,VRT,181.10479736328125,3020100
2026-01-27,VRT,189.07928466796875,4390300
2026-01-28,VRT,193.62612915039062,4935700
2026-01-29,VRT,194.9652099609375,5662000
2026-01-30,VRT,186.0513458251953,4502700
2026-02-02,VRT,189.87872314453125,4112100
2026-02-03,VRT,190.0186309814453,4433000
2026-02-04,VRT,182.43386840820312,8287200
2026-02-05,VRT,177.627197265625,6144600
2026-02-06,VRT,195.4448699951172,7197300
2026-02-09,VRT,201.86044311523438,7638400
2026-02-10,VRT,199.48208618164062,6707800
2026-02-11,VRT,248.3383026123047,19793500
2026-02-12,VRT,236.34658813476562,12438800
2026-02-13,VRT,234.3679656982422,6785200
2026-02-17,VRT,243.3617401123047,6449600
2026-02-18,VRT,243.04196166992188,5350700
2026-02-19,VRT,242.89207458496094,3929800
2026-02-20,VRT,243.58160400390625,3879200
2026-02-23,VRT,245.2504425048828,4026100
2026-02-24,VRT,252.97509765625,5458200
2026-02-25,VRT,262.00885009765625,6580300
2026-02-26,VRT,259.0509033203125,8566400
2026-02-27,VRT,254.71389770507812,6967900
2026-03-02,VRT,257.5719299316406,5382300
2026-03-03,VRT,244.2711181640625,6866600
2026-03-04,VRT,251.1063995361328,4298500
2026-03-05,VRT,249.5774383544922,5291500
2026-03-06,VRT,241.61294555664062,8772600
2026-03-09,VRT,264.1673583984375,20427900
2026-03-10,VRT,269.8734130859375,11306800
2026-03-11,VRT,268.0746765136719,7103200
2026-03-12,VRT,265.1966552734375,7465400
2026-03-13,VRT,258.7011413574219,6981200
2026-03-16,VRT,264.55706787109375,7386700
2026-03-17,VRT,268.28839111328125,5121300
2026-03-18,VRT,264.5900573730469,6673800
2026-03-19,VRT,269.0480651855469,7084600
2026-03-20,VRT,255.76406860351562,87826600
2026-03-23,VRT,255.88401794433594,8888100
2026-03-24,VRT,270.76727294921875,6843000
2026-03-25,VRT,276.0348815917969,5929000
2026-03-26,VRT,252.28564453125,6621700
2026-03-27,VRT,250.9562530517578,5444500
2026-03-30,VRT,234.1138916015625,6930400
2026-03-31,VRT,250.4664764404297,6686100
2026-04-01,VRT,259.2524719238281,5112600
2026-04-02,VRT,261.171630859375,3965500
2026-04-06,VRT,258.61279296875,3305700
2026-04-07,VRT,262.1811218261719,2937200
2026-04-08,VRT,280.9026794433594,5696700
2026-04-09,VRT,287.50970458984375,5166400
2026-04-10,VRT,294.9762878417969,4644800
2026-04-13,VRT,299.8240966796875,4733900
2026-04-14,VRT,310.36932373046875,4993800
2026-04-15,VRT,301.0235595703125,5353600
2026-04-16,VRT,293.99676513671875,4832600
2026-04-17,VRT,307.2007751464844,5805500
2026-04-20,VRT,314.2675476074219,4672300
2026-04-21,VRT,312.2984619140625,7285400
2026-04-22,VRT,305.00177001953125,9835900
2026-04-23,VRT,321.6042175292969,7067000
2026-04-24,VRT,323.3134460449219,5281500
2026-04-27,VRT,322.2839050292969,5442500
2026-04-28,VRT,304.89178466796875,8217600
2026-04-29,VRT,306.041259765625,4536300
2026-04-30,VRT,328.3411560058594,6268700
2026-05-01,VRT,328.1612548828125,4408600
2026-05-04,VRT,330.820068359375,4927400
2026-05-05,VRT,340.865478515625,5456200
2026-05-06,VRT,358.75738525390625,5583200
2026-05-07,VRT,339.85595703125,5458100
2026-05-08,VRT,339.81597900390625,4081000
2026-05-11,VRT,367.7533264160156,7279200
2026-05-12,VRT,366.9636535644531,6556200
2026-05-13,VRT,369.8223876953125,4461000
2026-05-14,VRT,376.0595397949219,3611300
2026-05-15,VRT,370.7719421386719,4871200
2026-05-18,VRT,339.57611083984375,8086700
2026-05-19,VRT,322.48382568359375,9039500
2026-05-20,VRT,315.5270080566406,6014000
2026-05-21,VRT,323.25347900390625,5221300
2026-05-22,VRT,327.3116149902344,4801800
2026-05-26,VRT,323.7632751464844,6523700
2026-05-27,VRT,319.6351318359375,5293000
2026-05-28,VRT,314.03765869140625,5384100
2026-05-29,VRT,315.56695556640625,7218800
2026-06-01,VRT,323.2434997558594,6162100
2026-06-02,VRT,334.3384704589844,5077300
2026-06-03,VRT,331.2898254394531,3927700
2026-06-04,VRT,323.7732849121094,6075900
2026-06-05,VRT,300.3738708496094,7330000
2026-06-08,VRT,300.433837890625,4790000
2026-06-09,VRT,289.3888244628906,11117700
2026-06-10,VRT,280.8526916503906,6904200
2026-06-11,VRT,297.74505615234375,5408800
2026-06-12,VRT,302.7327880859375,4958100
2026-06-15,VRT,311.8535461425781,5346400
2026-06-16,VRT,299.5265808105469,4581900
2026-06-17,VRT,317.50213623046875,6181400
2026-06-18,VRT,332.9683532714844,7262600
2026-06-22,VRT,357.87225341796875,7284300
2026-06-23,VRT,318.2419738769531,10277700
2026-06-24,VRT,316.3524475097656,6106100
2026-06-25,VRT,325.4902038574219,6305000
2026-06-26,VRT,303.8755187988281,21988200
2026-06-29,VRT,306.894775390625,6708600
2026-06-30,VRT,334.7379455566406,7742500
2026-07-01,VRT,311.34368896484375,6259800
2026-07-02,VRT,300.4563293457031,5898700
2026-07-06,VRT,318.3919372558594,6428200
2026-07-07,VRT,305.5050964355469,5986600
2026-07-08,VRT,317.73211669921875,4425200
2026-07-09,VRT,323.84063720703125,3946300
2026-07-10,VRT,318.7818298339844,3001200
2026-07-13,VRT,305.7950134277344,3720300
2026-07-14,VRT,303.5055847167969,3560900
2026-07-15,VRT,304.495361328125,3873700
2026-07-16,VRT,294.03790283203125,5017800
2026-07-17,VRT,289.489013671875,6068200
2026-07-20,VRT,291.5985412597656,3770300
2026-07-21,VRT,304.42535400390625,3485200
2026-07-22,VRT,301.086181640625,2935100
2026-07-23,VRT,303.9654846191406,3098500
2026-07-24,VRT,290.288818359375,3405200
2026-07-27,VRT,287.5295104980469,5017300
2026-07-28,VRT,269.4939270019531,8157500
2026-07-29,VRT,222.98532104492188,21265700
2026-07-30,VRT,227.44424438476562,14508000
2026-07-31,VRT,241.51080322265625,10849600
2026-08-03,VRT,262.9855041503906,9517100
2026-08-04,VRT,269.86383056640625,5802700
2026-08-05,VRT,277.87188720703125,5933200
2026-08-06,VRT,275.1025695800781,5084700
2026-08-07,VRT,272.3332214355469,3909500
2026-08-10,VRT,270.0338134765625,2859500
2026-08-11,VRT,281.7409362792969,3686900
2026-08-12,VRT,288.289306640625,4034300
2026-08-13,VRT,286.9996337890625,3120100
2026-08-14,VRT,293.7679748535156,3153600
2026-08-17,VRT,292.3583068847656,3575900
2026-08-18,VRT,272.47320556640625,5584100
2026-08-19,VRT,260.93603515625,6206500
2026-08-20,VRT,264.5651550292969,5219700
2026-08-21,VRT,261.88580322265625,3207800
2026-08-24,VRT,254.9075164794922,3982100
2026-08-25,VRT,255.68731689453125,3921600
2026-08-26,VRT,263.7453308105469,3930900
2026-08-27,VRT,269.2139892578125,4604800
2026-08-28,VRT,257.0169677734375,3840500
2026-08-31,VRT,258.6565856933594,4082600
2026-09-01,VRT,255.90725708007812,4279200
2026-09-02,VRT,256.6370849609375,3011200
2026-09-03,VRT,268.76409912109375,4241000
2026-09-04,VRT,280.46124267578125,3318600
2026-09-08,VRT,290.7586975097656,4751000
2026-09-09,VRT,262.8255920410156,9798800
2026-09-10,VRT,248.06918334960938,10055200
2026-09-11,VRT,256.9969787597656,4767600
2026-09-14,VRT,237.38999938964844,10905000
2026-09-15,VRT,234.61000061035156,5728200
2026-09-16,VRT,239.41000366210938,5514600
2026-09-17,VRT,241.49000549316406,4967200
2026-09-18,VRT,249.38999938964844,7837100
2026-09-21,VRT,250.86000061035156,4867500
2026-09-23,VRT,248.77999877929688,3549000
2026-09-24,VRT,245.3000030517578,4122500
2025-09-25,ORCL,288.0469055175781,39274900
2025-09-26,ORCL,280.265625,25990700
2025-09-29,ORCL,279.5735168457031,25778500
2025-09-30,ORCL,278.0706481933594,23880800
2025-10-01,ORCL,285.7530822753906,23378300
2025-10-02,ORCL,285.5256652832031,16215500
2025-10-03,ORCL,282.9154357910156,13688400
2025-10-06,ORCL,288.30401611328125,14076800
2025-10-07,ORCL,281.03680419921875,31723400
2025-10-08,ORCL,285.3773498535156,18982100
2025-10-09,ORCL,294.12298583984375,26479800
2025-10-10,ORCL,290.16119384765625,28895300
2025-10-13,ORCL,305.06744384765625,21703700
2025-10-14,ORCL,296.1435241699219,17346200
2025-10-15,ORCL,300.7193908691406,13698900
2025-10-16,ORCL,310.0097961425781,32500900
2025-10-17,ORCL,288.5269775390625,37653000
2025-10-20,ORCL,274.5319519042969,32810700
2025-10-21,ORCL,272.5213623046875,18370800
2025-10-22,ORCL,270.05517578125,16474000
2025-10-23,ORCL,277.3944091796875,16872200
2025-10-24,ORCL,280.62322998046875,13194900
2025-10-27,ORCL,278.711669921875,13855800
2025-10-28,ORCL,278.1470947265625,12448500
2025-10-29,ORCL,272.669921875,18007100
2025-10-30,ORCL,254.4358367919922,27954200
2025-10-31,ORCL,260.1011657714844,16898700
2025-11-03,ORCL,255.38665771484375,15709200
2025-11-04,ORCL,245.79913330078125,19772600
2025-11-05,ORCL,247.91868591308594,11991500
2025-11-06,ORCL,241.47088623046875,18678300
2025-11-07,ORCL,236.9742431640625,20969300
2025-11-10,ORCL,238.5292510986328,16698700
2025-11-11,ORCL,233.8939666748047,20686600
2025-11-12,ORCL,224.82147216796875,24195000
2025-11-13,ORCL,215.49147033691406,30009000
2025-11-14,ORCL,220.7210235595703,36053800
2025-11-17,ORCL,217.75958251953125,16143800
2025-11-18,ORCL,218.38356018066406,21098300
2025-11-19,ORCL,223.37542724609375,21679500
2025-11-20,ORCL,208.6772003173828,27459600
2025-11-21,ORCL,196.86114501953125,44834100
2025-11-24,ORCL,198.36663818359375,31144700
2025-11-25,ORCL,195.14768981933594,29595000
2025-11-26,ORCL,203.00193786621094,26544100
2025-11-28,ORCL,200.02069091796875,13848500
2025-12-01,ORCL,199.02032470703125,13461200
2025-12-02,ORCL,199.17881774902344,19664500
2025-12-03,ORCL,205.74546813964844,19060500
2025-12-04,ORCL,212.2824249267578,23316900
2025-12-05,ORCL,215.50137329101562,24208700
2025-12-08,ORCL,218.43309020996094,24711200
2025-12-09,ORCL,219.41363525390625,17643600
2025-12-10,ORCL,220.87948608398438,47928000
2025-12-11,ORCL,196.95030212402344,100612700
2025-12-12,ORCL,188.15513610839844,55201600
2025-12-15,ORCL,183.15338134765625,43897500
2025-12-16,ORCL,186.8477325439453,32433500
2025-12-17,ORCL,176.75509643554688,50222000
2025-12-18,ORCL,178.3101043701172,36297300
2025-12-19,ORCL,190.1360321044922,77008600
2025-12-22,ORCL,196.48480224609375,27148000
2025-12-23,ORCL,193.4738311767578,18301600
2025-12-24,ORCL,195.60328674316406,9282700
2025-12-26,ORCL,196.09852600097656,11262000
2025-12-29,ORCL,193.51345825195312,14748100
2025-12-30,ORCL,195.32598876953125,14197400
2025-12-31,ORCL,193.04794311523438,10341500
2026-01-02,ORCL,193.84031677246094,14540700
2026-01-05,ORCL,190.75010681152344,22635500
2026-01-06,ORCL,191.89903259277344,16474500
2026-01-07,ORCL,190.99771118164062,11171200
2026-01-08,ORCL,187.83819580078125,19468500
2026-01-09,ORCL,197.14321899414062,26152700
2026-01-12,ORCL,203.26048278808594,25428500
2026-01-13,ORCL,200.88705444335938,15857400
2026-01-14,ORCL,192.2672576904297,22473200
2026-01-15,ORCL,188.53335571289062,16418600
2026-01-16,ORCL,189.76473999023438,19224700
2026-01-20,ORCL,178.67221069335938,29129500
2026-01-21,ORCL,172.67410278320312,38190000
2026-01-22,ORCL,176.9442596435547,21141900
2026-01-23,ORCL,175.9313507080078,23011300
2026-01-26,ORCL,181.1747283935547,21100400
2026-01-27,ORCL,173.68701171875,27093700
2026-01-28,ORCL,171.60159301757812,35882700
2026-01-29,ORCL,167.83787536621094,37254500
2026-01-30,ORCL,163.43858337402344,27362400
2026-02-02,ORCL,158.94993591308594,47421000
2026-02-03,ORCL,153.59732055664062,43260100
2026-02-04,ORCL,145.65280151367188,42323400
2026-02-05,ORCL,135.53347778320312,42789000
2026-02-06,ORCL,141.8295135498047,29962400
2026-02-09,ORCL,155.50401306152344,49936500
2026-02-10,ORCL,158.7811279296875,40092200
2026-02-11,ORCL,156.07005310058594,24538900
2026-02-12,ORCL,155.394775390625,23285400
2026-02-13,ORCL,159.02938842773438,18597000
2026-02-17,ORCL,152.9021759033203,19610800
2026-02-18,ORCL,155.0869140625,14801100
2026-02-19,ORCL,155.454345703125,14976300
2026-02-20,ORCL,147.0530242919922,29621900
2026-02-23,ORCL,140.32997131347656,31749800
2026-02-24,ORCL,145.12648010253906,21336600
2026-02-25,ORCL,146.8643341064453,27303900
2026-02-26,ORCL,149.26756286621094,20652200
2026-02-27,ORCL,144.3916015625,36425200
2026-03-02,ORCL,148.21490478515625,22418800
2026-03-03,ORCL,147.97657775878906,20120800
2026-03-04,ORCL,151.31326293945312,17585400
2026-03-05,ORCL,153.71649169921875,24094800
2026-03-06,ORCL,151.89918518066406,38000600
2026-03-09,ORCL,150.50889587402344,31173500
2026-03-10,ORCL,148.36386108398438,51544600
2026-03-11,ORCL,161.98870849609375,83247500
2026-03-12,ORCL,158.05618286132812,37133700
2026-03-13,ORCL,154.03427124023438,26350400
2026-03-16,ORCL,154.88832092285156,21607700
2026-03-17,ORCL,153.6171875,23929500
2026-03-18,ORCL,151.83958435058594,18051100
2026-03-19,ORCL,154.44143676757812,22046100
2026-03-20,ORCL,148.6419219970703,37551400
2026-03-23,ORCL,153.2696075439453,19927900
2026-03-24,ORCL,146.06988525390625,26122100
2026-03-25,ORCL,145.00730895996094,20683800
2026-03-26,ORCL,141.819580078125,16961900
2026-03-27,ORCL,138.69142150878906,17929600
2026-03-30,ORCL,137.83738708496094,20125700
2026-03-31,ORCL,146.08975219726562,24492000
2026-04-01,ORCL,144.22279357910156,20495900
2026-04-02,ORCL,145.36480712890625,14381900
2026-04-06,ORCL,144.53062438964844,12556700
2026-04-07,ORCL,142.1770782470703,17250400
2026-04-08,ORCL,142.66368103027344,23527000
2026-04-09,ORCL,137.38204956054688,30407800
2026-04-10,ORCL,137.6112518310547,26171800
2026-04-13,ORCL,155.08047485351562,49997700
2026-04-14,ORCL,162.4348907470703,59779800
2026-04-15,ORCL,169.22128295898438,43010800
2026-04-16,ORCL,177.72171020507812,46997300
2026-04-17,ORCL,174.4530792236328,45282600
2026-04-20,ORCL,176.96435546875,22330900
2026-04-21,ORCL,180.54190063476562,39638000
2026-04-22,ORCL,186.84996032714844,32448800
2026-04-23,ORCL,175.66885375976562,37084200
2026-04-24,ORCL,172.67926025390625,33215000
2026-04-27,ORCL,172.36036682128906,21616600
2026-04-28,ORCL,165.3846435546875,33716500
2026-04-29,ORCL,163.26202392578125,20587500
2026-04-30,ORCL,160.83047485351562,21016400
2026-05-01,ORCL,171.23428344726562,26318000
2026-05-04,ORCL,179.66494750976562,33504500
2026-05-05,ORCL,184.70741271972656,23497200
2026-05-06,ORCL,193.35731506347656,27685500
2026-05-07,ORCL,193.91537475585938,31803200
2026-05-08,ORCL,195.27066040039062,21158300
2026-05-11,ORCL,193.16796875,16890600
2026-05-12,ORCL,186.18228149414062,22123400
2026-05-13,ORCL,189.10211181640625,15789300
2026-05-14,ORCL,194.9318389892578,22545000
2026-05-15,ORCL,192.2810516357422,15747100
2026-05-18,ORCL,185.96304321289062,19114300
2026-05-19,ORCL,180.83090209960938,16717700
2026-05-20,ORCL,187.50767517089844,16517200
2026-05-21,ORCL,189.11209106445312,12119700
2026-05-22,ORCL,191.41407775878906,10875800
2026-05-26,ORCL,192.3906707763672,12856100
2026-05-27,ORCL,190.2979736328125,12126000
2026-05-28,ORCL,202.99378967285156,25339900
2026-05-29,ORCL,224.9972381591797,41082200
2026-06-01,ORCL,247.28968811035156,48390000
2026-06-02,ORCL,243.73207092285156,30294800
2026-06-03,ORCL,229.53146362304688,23644700
2026-06-04,ORCL,235.5206298828125,19993800
2026-06-05,ORCL,212.93917846679688,29019900
2026-06-08,ORCL,211.0856475830078,17227200
2026-06-09,ORCL,205.0964813232422,26040700
2026-06-10,ORCL,200.56224060058594,46108300
2026-06-11,ORCL,183.4617462158203,63678500
2026-06-12,ORCL,183.49163818359375,29562300
2026-06-15,ORCL,191.97213745117188,20279900
2026-06-16,ORCL,187.6770782470703,16985500
2026-06-17,ORCL,182.8937225341797,16616600
2026-06-18,ORCL,183.6510772705078,31386100
2026-06-22,ORCL,174.4630584716797,22935400
2026-06-23,ORCL,164.58740234375,33327900
2026-06-24,ORCL,156.98385620117188,38305000
2026-06-25,ORCL,151.9314422607422,36844400
2026-06-26,ORCL,148.0150604248047,36532100
2026-06-29,ORCL,147.2477264404297,34310300
2026-06-30,ORCL,146.04193115234375,35926900
2026-07-01,ORCL,142.00596618652344,45964000
2026-07-02,ORCL,139.78370666503906,44166700
2026-07-06,ORCL,143.2615966796875,36683000
2026-07-07,ORCL,141.1090850830078,47200000
2026-07-08,ORCL,140.00294494628906,34607300
2026-07-09,ORCL,143.72000122070312,35221900
2026-07-10,ORCL,140.63999938964844,29843300
2026-07-13,ORCL,131.5399932861328,56690300
2026-07-14,ORCL,127.94000244140625,52670400
2026-07-15,ORCL,132.49000549316406,48520400
2026-07-16,ORCL,124.20999908447266,54780900
2026-07-17,ORCL,126.41000366210938,39917100
2026-07-20,ORCL,121.37999725341797,36793200
2026-07-21,ORCL,127.05000305175781,27748100
2026-07-22,ORCL,125.83999633789062,21096700
2026-07-23,ORCL,120.04000091552734,30900600
2026-07-24,ORCL,114.98999786376953,46405700
2026-07-27,ORCL,119.9000015258789,36916600
2026-07-28,ORCL,119.95999908447266,32665400
2026-07-29,ORCL,117.73999786376953,28081800
2026-07-30,ORCL,127.55999755859375,41338400
2026-07-31,ORCL,129.8699951171875,34438700
2026-08-03,ORCL,141.85000610351562,49696900
2026-08-04,ORCL,145.74000549316406,43723500
2026-08-05,ORCL,144.38999938964844,23524100
2026-08-06,ORCL,143.47000122070312,23073300
2026-08-07,ORCL,147.02000427246094,22874000
2026-08-10,ORCL,151.0500030517578,24265000
2026-08-11,ORCL,145.47999572753906,28761800
2026-08-12,ORCL,153.27999877929688,43559400
2026-08-13,ORCL,156.22000122070312,25740000
2026-08-14,ORCL,150.52000427246094,21905500
2026-08-17,ORCL,146.64999389648438,20668000
2026-08-18,ORCL,142.7899932861328,19152300
2026-08-19,ORCL,143.80999755859375,26552900
2026-08-20,ORCL,142.07000732421875,15184400
2026-08-21,ORCL,146.47000122070312,19635000
2026-08-24,ORCL,142.4499969482422,14158600
2026-08-25,ORCL,144.75999450683594,13329400
2026-08-26,ORCL,148.8699951171875,18426100
2026-08-27,ORCL,151.94000244140625,30251400
2026-08-28,ORCL,150.85000610351562,17800000
2026-08-31,ORCL,149.1199951171875,16118900
2026-09-01,ORCL,141.32000732421875,25443300
2026-09-02,ORCL,145.75,21906700
2026-09-03,ORCL,154.0399932861328,25101700
2026-09-04,ORCL,158.77999877929688,26511300
2026-09-08,ORCL,162.52000427246094,37662800
2026-09-09,ORCL,161.6300048828125,27464600
2026-09-10,ORCL,152.94000244140625,56824700
2026-09-11,ORCL,150.27999877929688,80438600
2026-09-14,ORCL,144.7899932861328,42159700
2026-09-15,ORCL,140.35000610351562,31552700
2026-09-16,ORCL,143.16000366210938,34366400
2026-09-17,ORCL,150.58999633789062,27742400
2026-09-18,ORCL,147.61000061035156,39324900
2026-09-21,ORCL,148.55999755859375,22418300
2026-09-22,ORCL,149.1999969482422,31260000
2026-09-23,ORCL,144.55999755859375,22682300
2026-09-24,ORCL,139.5399932861328,56498300
2025-09-25,MSFT,502.8923645019531,15786500
2025-09-26,MSFT,507.2861633300781,16213100
2025-09-29,MSFT,510.4005126953125,17617800
2025-09-30,MSFT,513.7232666015625,19728200
2025-10-01,MSFT,515.4688720703125,22632300
2025-10-02,MSFT,511.53125,21222900
2025-10-03,MSFT,513.1281127929688,15112300
2025-10-06,MSFT,524.256591796875,21388600
2025-10-07,MSFT,519.7039794921875,14615200
2025-10-08,MSFT,520.56689453125,13363400
2025-10-09,MSFT,518.136962890625,18343600
2025-10-10,MSFT,506.790283203125,24133800
2025-10-13,MSFT,509.8550720214844,14284200
2025-10-14,MSFT,509.3790283203125,14684300
2025-10-15,MSFT,509.2401123046875,14694700
2025-10-16,MSFT,507.4349670410156,15559600
2025-10-17,MSFT,509.3889465332031,19867800
2025-10-20,MSFT,512.5726928710938,14665600
2025-10-21,MSFT,513.4356079101562,15586200
2025-10-22,MSFT,516.2921142578125,18962700
2025-10-23,MSFT,516.3118896484375,14023500
2025-10-24,MSFT,519.3369750976562,15532400
2025-10-27,MSFT,527.1824951171875,18734700
2025-10-28,MSFT,537.6464233398438,29986700
2025-10-29,MSFT,537.130615234375,36023000
2025-10-30,MSFT,521.469482421875,41023100
2025-10-31,MSFT,513.5844116210938,34006400
2025-11-03,MSFT,512.810791015625,22374700
2025-11-04,MSFT,510.13275146484375,20958700
2025-11-05,MSFT,503.02130126953125,23024300
2025-11-06,MSFT,493.0434265136719,27406500
2025-11-07,MSFT,492.76568603515625,24019800
2025-11-10,MSFT,501.8707580566406,26101500
2025-11-11,MSFT,504.5289001464844,17980000
2025-11-12,MSFT,506.9688415527344,26574900
2025-11-13,MSFT,499.1828918457031,25273100
2025-11-14,MSFT,506.0166320800781,28505700
2025-11-17,MSFT,503.34857177734375,19092800
2025-11-18,MSFT,489.76043701171875,33815100
2025-11-19,MSFT,483.14483642578125,23245300
2025-11-20,MSFT,475.41387939453125,26802500
2025-11-21,MSFT,469.1436462402344,31769200
2025-11-24,MSFT,471.0118103027344,34421000
2025-11-25,MSFT,473.9829406738281,28019800
2025-11-26,MSFT,482.4393310546875,25709100
2025-11-28,MSFT,488.9082946777344,14386700
2025-12-01,MSFT,483.6715087890625,23964000
2025-12-02,MSFT,486.91094970703125,19562700
2025-12-03,MSFT,474.71832275390625,34615100
2025-12-04,MSFT,477.8087158203125,22318200
2025-12-05,MSFT,480.11407470703125,22608700
2025-12-08,MSFT,487.92449951171875,21965900
2025-12-09,MSFT,488.918212890625,14696100
2025-12-10,MSFT,475.5430603027344,35756200
2025-12-11,MSFT,480.422119140625,24669200
2025-12-12,MSFT,475.51324462890625,21248100
2025-12-15,MSFT,471.8266296386719,23727700
2025-12-16,MSFT,473.38677978515625,20705600
2025-12-17,MSFT,473.1184387207031,24527200
2025-12-18,MSFT,480.9289245605469,28573500
2025-12-19,MSFT,482.8566589355469,70836100
2025-12-22,MSFT,481.8630065917969,16963000
2025-12-23,MSFT,483.7807922363281,14683600
2025-12-24,MSFT,484.9433898925781,5855900
2025-12-26,MSFT,484.6353454589844,8842200
2025-12-29,MSFT,484.02923583984375,10893400
2025-12-30,MSFT,484.4068603515625,13944500
2025-12-31,MSFT,480.5711669921875,15601600
2026-01-02,MSFT,469.95849609375,25571600
2026-01-05,MSFT,469.86907958984375,25250300
2026-01-06,MSFT,475.493408203125,23037700
2026-01-07,MSFT,480.422119140625,25564200
2026-01-08,MSFT,475.09588623046875,18162600
2026-01-09,MSFT,476.2585144042969,18491000
2026-01-12,MSFT,474.1717529296875,23519900
2026-01-13,MSFT,467.70281982421875,28545800
2026-01-14,MSFT,456.4839782714844,28184300
2026-01-15,MSFT,453.7811279296875,23225800
2026-01-16,MSFT,456.9609069824219,34246700
2026-01-20,MSFT,451.6546325683594,26130000
2026-01-21,MSFT,441.31024169921875,37980500
2026-01-22,MSFT,448.2959289550781,25349400
2026-01-23,MSFT,463.0125732421875,38000200
2026-01-26,MSFT,467.3152770996094,29291200
2026-01-27,MSFT,477.55029296875,29213900
2026-01-28,MSFT,478.5937194824219,36875400
2026-01-29,MSFT,430.7671203613281,128855300
2026-01-30,MSFT,427.577392578125,58566800
2026-02-02,MSFT,420.70098876953125,42219900
2026-02-03,MSFT,408.6176452636719,61424100
2026-02-04,MSFT,411.578857421875,45012400
2026-02-05,MSFT,391.188232421875,66289200
2026-02-06,MSFT,398.61114501953125,53515300
2026-02-09,MSFT,410.99261474609375,45480500
2026-02-10,MSFT,410.6646728515625,44857900
2026-02-11,MSFT,401.8207702636719,42491000
2026-02-12,MSFT,399.30670166015625,40802400
2026-02-13,MSFT,398.7900085449219,34091600
2026-02-17,MSFT,394.35809326171875,32078800
2026-02-18,MSFT,397.08087158203125,23223400
2026-02-19,MSFT,396.8517761230469,28234000
2026-02-20,MSFT,395.6267395019531,34015200
2026-02-23,MSFT,382.918212890625,43238300
2026-02-24,MSFT,387.4299621582031,33884700
2026-02-25,MSFT,398.9831237792969,43625500
2026-02-26,MSFT,400.0986022949219,34405900
2026-02-27,MSFT,391.15484619140625,51367200
2026-03-02,MSFT,396.9413757324219,35474900
2026-03-03,MSFT,402.2996826171875,38199200
2026-03-04,MSFT,403.5645751953125,35808000
2026-03-05,MSFT,409.0224304199219,39001300
2026-03-06,MSFT,407.30938720703125,31123900
2026-03-09,MSFT,407.757568359375,30131900
2026-03-10,MSFT,404.122314453125,31706400
2026-03-11,MSFT,403.245849609375,25512100
2026-03-12,MSFT,400.238037109375,27263900
2026-03-13,MSFT,393.9534912109375,26848000
2026-03-16,MSFT,398.33575439453125,27733700
2026-03-17,MSFT,397.79791259765625,26228300
2026-03-18,MSFT,390.2087097167969,25908500
2026-03-19,MSFT,387.4498596191406,25138800
2026-03-20,MSFT,380.3287353515625,50853200
2026-03-23,MSFT,381.4541931152344,29680100
2026-03-24,MSFT,371.2355651855469,42733600
2026-03-25,MSFT,369.5424499511719,31181200
2026-03-26,MSFT,364.492919921875,36836600
2026-03-27,MSFT,355.33001708984375,37883400
2026-03-30,MSFT,357.51116943359375,44797000
2026-03-31,MSFT,368.67596435546875,45244400
2026-04-01,MSFT,367.8791809082031,29417200
2026-04-02,MSFT,371.9526672363281,24099100
2026-04-06,MSFT,371.375,16146600
2026-04-07,MSFT,370.78741455078125,21443300
2026-04-08,MSFT,372.81915283203125,33064800
2026-04-09,MSFT,371.56427001953125,30435300
2026-04-10,MSFT,369.3731384277344,28111100
2026-04-13,MSFT,382.8186340332031,35745800
2026-04-14,MSFT,391.5233459472656,37504500
2026-04-15,MSFT,409.5602722167969,45063400
2026-04-16,MSFT,418.56378173828125,41642400
2026-04-17,MSFT,421.0835876464844,48568200
2026-04-20,MSFT,416.38262939453125,27582200
2026-04-21,MSFT,422.44805908203125,32048500
2026-04-22,MSFT,431.1726989746094,29378200
2026-04-23,MSFT,414.07196044921875,38308000
2026-04-24,MSFT,422.90618896484375,27457400
2026-04-27,MSFT,423.1053771972656,30867300
2026-04-28,MSFT,427.5174865722656,30438100
2026-04-29,MSFT,422.7467956542969,38288300
2026-04-30,MSFT,406.1341552734375,70909400
2026-05-01,MSFT,412.76727294921875,31372400
2026-05-04,MSFT,411.9505615234375,28066500
2026-05-05,MSFT,409.7196350097656,25700900
2026-05-06,MSFT,412.2891845703125,30285900
2026-05-07,MSFT,419.07171630859375,34942400
2026-05-08,MSFT,413.44451904296875,33383800
2026-05-11,MSFT,410.99444580078125,35657900
2026-05-12,MSFT,406.1241760253906,38594200
2026-05-13,MSFT,403.57452392578125,29667100
2026-05-14,MSFT,407.7774963378906,27077500
2026-05-15,MSFT,420.2170715332031,50771200
2026-05-18,MSFT,421.83056640625,32564100
2026-05-19,MSFT,415.7352600097656,33018700
2026-05-20,MSFT,419.36053466796875,27864000
2026-05-21,MSFT,418.3025207519531,31393500
2026-05-22,MSFT,417.7835388183594,22390300
2026-05-26,MSFT,415.248291015625,30398000
2026-05-27,MSFT,411.8946228027344,28901500
2026-05-28,MSFT,426.18768310546875,47250500
2026-05-29,MSFT,449.3940124511719,79654400
2026-06-01,MSFT,459.6546936035156,53628900
2026-06-02,MSFT,440.48077392578125,37036800
2026-06-03,MSFT,426.53704833984375,39037000
2026-06-04,MSFT,427.2456970214844,26899500
2026-06-05,MSFT,415.8870849609375,34782200
2026-06-08,MSFT,410.9663391113281,32086700
2026-06-09,MSFT,402.6520080566406,35317300
2026-06-10,MSFT,396.61334228515625,32576000
2026-06-11,MSFT,389.6065673828125,47224100
2026-06-12,MSFT,390.00579833984375,34865800
2026-06-15,MSFT,399.0088806152344,32266400
2026-06-16,MSFT,393.0899963378906,31506800
2026-06-17,MSFT,378.1980285644531,41987800
2026-06-18,MSFT,378.6871032714844,59714200
2026-06-22,MSFT,366.6497802734375,45171100
2026-06-23,MSFT,373.23736572265625,40647600
2026-06-24,MSFT,364.7733154296875,44509900
2026-06-25,MSFT,352.1670227050781,66179000
2026-06-26,MSFT,372.2691955566406,186201600
2026-06-29,MSFT,367.8774719238281,51229900
2026-06-30,MSFT,372.319091796875,44945700
2026-07-01,MSFT,383.5579528808594,48065800
2026-07-02,MSFT,389.7562561035156,42128900
2026-07-06,MSFT,386.0133056640625,34224500
2026-07-07,MSFT,388.109375,29297500
2026-07-08,MSFT,382.6197204589844,25908300
2026-07-09,MSFT,383.6377868652344,31083200
2026-07-10,MSFT,384.37640380859375,24644600
2026-07-13,MSFT,390.2553405761719,28914900
2026-07-14,MSFT,384.20672607421875,27863900
2026-07-15,MSFT,394.8866271972656,36253700
2026-07-16,MSFT,400.3463439941406,37047400
2026-07-17,MSFT,393.08001708984375,33049800
2026-07-20,MSFT,401.53411865234375,27915800
2026-07-21,MSFT,397.00262451171875,24126600
2026-07-22,MSFT,389.6065673828125,28142500
2026-07-23,MSFT,380.8630065917969,30351800
2026-07-24,MSFT,380.9828186035156,27659400
2026-07-27,MSFT,388.368896484375,27856200
2026-07-28,MSFT,392.61090087890625,32367500
2026-07-29,MSFT,389.8061828613281,47209000
2026-07-30,MSFT,450.2524108886719,110160700
2026-07-31,MSFT,463.8468017578125,60846000
2026-08-03,MSFT,486.73370361328125,66762100
2026-08-04,MSFT,491.884033203125,50455500
2026-08-05,MSFT,486.5440673828125,33388900
2026-08-06,MSFT,498.9207458496094,36441500
2026-08-07,MSFT,499.0505065917969,28846200
2026-08-10,MSFT,505.109130859375,31206100
2026-08-11,MSFT,502.86334228515625,23049800
2026-08-12,MSFT,491.5047302246094,29001500
2026-08-13,MSFT,495.9463806152344,23039000
2026-08-14,MSFT,494.4691467285156,16217600
2026-08-17,MSFT,479.44744873046875,29635800
2026-08-18,MSFT,480.72503662109375,24087600
2026-08-19,MSFT,483.3999938964844,19961900
2026-08-20,MSFT,481.1499938964844,20020800
2026-08-21,MSFT,483.239990234375,22510800
2026-08-24,MSFT,487.30999755859375,17230800
2026-08-25,MSFT,491.7099914550781,19519000
2026-08-26,MSFT,496.3699951171875,20758900
2026-08-27,MSFT,505.05999755859375,28688800
2026-08-28,MSFT,513.530029296875,29207300
2026-08-31,MSFT,507.2900085449219,27208900
2026-09-01,MSFT,501.0199890136719,21046900
2026-09-02,MSFT,496.82000732421875,15336100
2026-09-03,MSFT,510.1199951171875,24125900
2026-09-04,MSFT,499.70001220703125,18101800
2026-09-08,MSFT,493.95001220703125,18882300
2026-09-09,MSFT,491.6499938964844,12889600
2026-09-10,MSFT,492.44000244140625,16038800
2026-09-11,MSFT,495.6300048828125,14510500
2026-09-14,MSFT,505.4100036621094,23091900
2026-09-15,MSFT,497.1199951171875,17794600
2026-09-16,MSFT,490.29998779296875,16670300
2026-09-17,MSFT,497.75,17841600
2026-09-18,MSFT,493.7799987792969,39622300
2026-09-21,MSFT,501.6099853515625,27959900
2026-09-22,MSFT,498.0,21652800
2026-09-23,MSFT,500.5899963378906,19445600
2026-09-24,MSFT,497.92999267578125,16637200
2025-09-25,SMH,320.0640869140625,9592900
2025-09-26,SMH,320.8217468261719,6886100
2025-09-29,SMH,321.65911865234375,5833600
2025-09-30,SMH,325.3476257324219,7459900
2025-10-01,SMH,332.6549072265625,9911800
2025-10-02,SMH,337.1907958984375,8092600
2025-10-03,SMH,335.6356201171875,7770000
2025-10-06,SMH,342.3148498535156,10263200
2025-10-07,SMH,336.0044860839844,9365700
2025-10-08,SMH,344.99652099609375,7841500
2025-10-09,SMH,344.13916015625,5565500
2025-10-10,SMH,324.330810546875,18804500
2025-10-13,SMH,338.69610595703125,11760200
2025-10-14,SMH,332.46551513671875,7296700
2025-10-15,SMH,340.7198181152344,8283800
2025-10-16,SMH,342.2350769042969,9047500
2025-10-17,SMH,341.76654052734375,8396300
2025-10-20,SMH,346.1429443359375,6436900
2025-10-21,SMH,344.2288818359375,4391800
2025-10-22,SMH,337.5496826171875,8014200
2025-10-23,SMH,343.7304382324219,6422600
2025-10-24,SMH,350.0508117675781,5649300
2025-10-27,SMH,358.823486328125,6663400
2025-10-28,SMH,361.983642578125,5086000
2025-10-29,SMH,367.4665832519531,8102600
2025-10-30,SMH,362.60174560546875,6932700
2025-10-31,SMH,361.8939208984375,4917900
2025-11-03,SMH,364.9643859863281,4470500
2025-11-04,SMH,351.665771484375,8269000
2025-11-05,SMH,358.3848571777344,8605400
2025-11-06,SMH,350.0009460449219,9600500
2025-11-07,SMH,347.0401611328125,14723200
2025-11-10,SMH,357.67706298828125,9180700
2025-11-11,SMH,349.9610595703125,7661200
2025-11-12,SMH,354.4271545410156,5870700
2025-11-13,SMH,343.7503967285156,10654800
2025-11-14,SMH,343.909912109375,12271200
2025-11-17,SMH,339.244384765625,6921300
2025-11-18,SMH,332.25616455078125,12933100
2025-11-19,SMH,338.3870849609375,9842300
2025-11-20,SMH,324.091552734375,14686700
2025-11-21,SMH,325.1183776855469,17298700
2025-11-24,SMH,338.06805419921875,10650900
2025-11-25,SMH,338.955322265625,12052700
2025-11-26,SMH,346.63140869140625,5533300
2025-11-28,SMH,351.187255859375,3352700
2025-12-01,SMH,351.8651428222656,3902000
2025-12-02,SMH,358.3150634765625,6657900
2025-12-03,SMH,363.23974609375,4642700
2025-12-04,SMH,360.47833251953125,3971800
2025-12-05,SMH,363.28961181640625,3619200
2025-12-08,SMH,367.4067687988281,4334300
2025-12-09,SMH,367.8553771972656,3173300
2025-12-10,SMH,372.9395751953125,5653300
2025-12-11,SMH,369.7395324707031,7499900
2025-12-12,SMH,353.02154541015625,12705900
2025-12-15,SMH,351.8053283691406,5605800
2025-12-16,SMH,350.8482971191406,5849200
2025-12-17,SMH,338.18768310546875,10780400
2025-12-18,SMH,346.1728515625,8260200
2025-12-19,SMH,355.125,8838700
2025-12-22,SMH,359.70001220703125,4799500
2025-12-23,SMH,363.1600036621094,3542100
2025-12-24,SMH,364.1700134277344,1640500
2025-12-26,SMH,365.8599853515625,2921300
2025-12-29,SMH,364.2099914550781,4874400
2025-12-30,SMH,363.30999755859375,2927000
2025-12-31,SMH,360.1300048828125,2687300
2026-01-02,SMH,373.29998779296875,8972400
2026-01-05,SMH,377.5899963378906,9071300
2026-01-06,SMH,387.6199951171875,10201200
2026-01-07,SMH,385.0199890136719,6058900
2026-01-08,SMH,378.9800109863281,5724000
2026-01-09,SMH,389.2200012207031,6490800
2026-01-12,SMH,390.6600036621094,5532000
2026-01-13,SMH,391.5299987792969,5281600
2026-01-14,SMH,388.3500061035156,6696500
2026-01-15,SMH,396.4100036621094,9948100
2026-01-16,SMH,400.3900146484375,5485900
2026-01-20,SMH,390.3900146484375,7158500
2026-01-21,SMH,401.92999267578125,8754600
2026-01-22,SMH,402.82000732421875,5462600
2026-01-23,SMH,400.0899963378906,5869500
2026-01-26,SMH,398.82000732421875,4326900
2026-01-27,SMH,407.25,6145600
2026-01-28,SMH,416.6300048828125,7641900
2026-01-29,SMH,417.5199890136719,9352500
2026-01-30,SMH,403.4599914550781,9029000
2026-02-02,SMH,407.9700012207031,5946300
2026-02-03,SMH,397.67999267578125,12188600
2026-02-04,SMH,382.0199890136719,16908500
2026-02-05,SMH,381.07000732421875,12007800
2026-02-06,SMH,401.6499938964844,13460300
2026-02-09,SMH,406.6499938964844,5915200
2026-02-10,SMH,404.760009765625,5645300
2026-02-11,SMH,414.7799987792969,6211200
2026-02-12,SMH,406.1099853515625,7379100
2026-02-13,SMH,407.7200012207031,6481600
2026-02-17,SMH,407.510009765625,7312700
2026-02-18,SMH,412.54998779296875,5839900
2026-02-19,SMH,410.20001220703125,4056400
2026-02-20,SMH,415.0299987792969,5715800
2026-02-23,SMH,412.8800048828125,5842800
2026-02-24,SMH,419.1600036621094,7828900
2026-02-25,SMH,426.1600036621094,7714500
2026-02-26,SMH,412.010009765625,14811300
2026-02-27,SMH,406.3699951171875,9049100
2026-03-02,SMH,406.3900146484375,11490200
2026-03-03,SMH,391.05999755859375,13768900
2026-03-04,SMH,399.1000061035156,8767200
2026-03-05,SMH,395.3500061035156,11793700
2026-03-06,SMH,380.55999755859375,12423200
2026-03-09,SMH,394.3699951171875,16338100
2026-03-10,SMH,397.3299865722656,13687700
2026-03-11,SMH,401.0299987792969,6024900
2026-03-12,SMH,388.1300048828125,9845200
2026-03-13,SMH,387.3299865722656,7636100
2026-03-16,SMH,393.9200134277344,10317600
2026-03-17,SMH,396.8800048828125,6646300
2026-03-18,SMH,393.6700134277344,8372400
2026-03-19,SMH,394.9200134277344,12674800
2026-03-20,SMH,384.739990234375,12846800
2026-03-23,SMH,391.3599853515625,12742300
2026-03-24,SMH,394.5899963378906,6177200
2026-03-25,SMH,399.0199890136719,7388700
2026-03-26,SMH,380.8399963378906,14806200
2026-03-27,SMH,374.25,11811400
2026-03-30,SMH,362.5299987792969,12198200
2026-03-31,SMH,383.3999938964844,13834900
2026-04-01,SMH,391.9700012207031,10805400
2026-04-02,SMH,392.32000732421875,8505800
2026-04-06,SMH,395.9800109863281,4186100
2026-04-07,SMH,399.8999938964844,6672500
2026-04-08,SMH,422.9200134277344,10184300
2026-04-09,SMH,430.30999755859375,6018200
2026-04-10,SMH,436.8800048828125,11224200
2026-04-13,SMH,443.3399963378906,6549800
2026-04-14,SMH,452.0,6932400
2026-04-15,SMH,453.0,9155700
2026-04-16,SMH,454.79998779296875,6450700
2026-04-17,SMH,464.1600036621094,7184600
2026-04-20,SMH,463.9599914550781,3935100
2026-04-21,SMH,464.6600036621094,5598600
2026-04-22,SMH,476.8299865722656,7835200
2026-04-23,SMH,481.8500061035156,10619700
2026-04-24,SMH,506.44000244140625,12614300
2026-04-27,SMH,506.260009765625,9040200
2026-04-28,SMH,491.2099914550781,12664800
2026-04-29,SMH,499.5799865722656,6007900
2026-04-30,SMH,506.7200012207031,8401600
2026-05-01,SMH,509.82000732421875,5308300
2026-05-04,SMH,506.7900085449219,6867500
2026-05-05,SMH,522.6900024414062,8624600
2026-05-06,SMH,549.760009765625,15262900
2026-05-07,SMH,540.0999755859375,10905200
2026-05-08,SMH,566.5399780273438,8553700
2026-05-11,SMH,576.3099975585938,12680900
2026-05-12,SMH,561.25,17720800
2026-05-13,SMH,572.4600219726562,9586700
2026-05-14,SMH,578.3400268554688,8458700
2026-05-15,SMH,556.3400268554688,13009600
2026-05-18,SMH,546.1599731445312,12317500
2026-05-19,SMH,543.9600219726562,11905800
2026-05-20,SMH,564.6599731445312,8892200
2026-05-21,SMH,567.8800048828125,8293800
2026-05-22,SMH,576.3200073242188,7535000
2026-05-26,SMH,602.1400146484375,10008500
2026-05-27,SMH,595.5,11209000
2026-05-28,SMH,599.8300170898438,7625000
2026-05-29,SMH,598.9299926757812,7596100
2026-06-01,SMH,607.8099975585938,8649000
2026-06-02,SMH,632.2100219726562,8083500
2026-06-03,SMH,637.9000244140625,10179900
2026-06-04,SMH,627.530029296875,10462900
2026-06-05,SMH,569.6900024414062,22038000
2026-06-08,SMH,598.1599731445312,13823900
2026-06-09,SMH,591.010009765625,20329700
2026-06-10,SMH,570.9099731445312,12711400
2026-06-11,SMH,609.4500122070312,12196800
2026-06-12,SMH,619.9600219726562,8963300
2026-06-15,SMH,647.0999755859375,9613900
2026-06-16,SMH,616.0,10949600
2026-06-17,SMH,623.969970703125,10658800
2026-06-18,SMH,659.8800048828125,11229700
2026-06-22,SMH,668.9099731445312,8043000
2026-06-23,SMH,622.0499877929688,19126000
2026-06-24,SMH,618.9199829101562,11902000
2026-06-25,SMH,636.8800048828125,14877600
2026-06-26,SMH,611.6099853515625,12728300
2026-06-29,SMH,631.97998046875,10473900
2026-06-30,SMH,655.8900146484375,9406900
2026-07-01,SMH,620.4600219726562,13424700
2026-07-02,SMH,592.2899780273438,21288600
2026-07-06,SMH,604.2999877929688,9820700
2026-07-07,SMH,581.4500122070312,14619200
2026-07-08,SMH,593.0,9521300
2026-07-09,SMH,607.72998046875,9045100
2026-07-10,SMH,611.030029296875,6608400
2026-07-13,SMH,585.6199951171875,8736500
2026-07-14,SMH,600.3099975585938,7581100
2026-07-15,SMH,590.77001953125,11020800
2026-07-16,SMH,568.9199829101562,12353300
2026-07-17,SMH,556.530029296875,22083900
2026-07-20,SMH,558.8300170898438,6962600
2026-07-21,SMH,584.0800170898438,7129800
2026-07-22,SMH,586.9099731445312,5249700
2026-07-23,SMH,580.1699829101562,7963200
2026-07-24,SMH,561.1900024414062,19156400
2026-07-27,SMH,548.5499877929688,38682200
2026-07-28,SMH,529.5999755859375,18429000
2026-07-29,SMH,504.2200012207031,19440900
2026-07-30,SMH,538.9000244140625,14175000
2026-07-31,SMH,540.530029296875,14673900
2026-08-03,SMH,545.4600219726562,7283800
2026-08-04,SMH,575.7100219726562,9566200
2026-08-05,SMH,569.7000122070312,6209400
2026-08-06,SMH,571.47998046875,6231700
2026-08-07,SMH,582.7000122070312,6505000
2026-08-10,SMH,569.4099731445312,6476700
2026-08-11,SMH,572.9299926757812,5029000
2026-08-12,SMH,584.8300170898438,7414100
2026-08-13,SMH,589.1199951171875,6786000
2026-08-14,SMH,587.8200073242188,5524300
2026-08-17,SMH,594.0700073242188,7700500
2026-08-18,SMH,569.77001953125,11364400
2026-08-19,SMH,560.9199829101562,8713300
2026-08-20,SMH,562.6500244140625,6240600
2026-08-21,SMH,560.4199829101562,9619300
2026-08-24,SMH,546.7999877929688,7743300
2026-08-25,SMH,555.8200073242188,6038900
2026-08-26,SMH,555.77001953125,3865000
2026-08-27,SMH,573.0,6562500
2026-08-28,SMH,553.1099853515625,6461800
2026-08-31,SMH,556.6300048828125,4317100
2026-09-01,SMH,545.219970703125,6195100
2026-09-02,SMH,550.47998046875,5127100
2026-09-03,SMH,552.5999755859375,5623500
2026-09-04,SMH,567.010009765625,9451200
2026-09-08,SMH,573.72998046875,8300300
2026-09-09,SMH,574.2899780273438,3458300
2026-09-10,SMH,560.280029296875,6621000
2026-09-11,SMH,568.530029296875,5199300
2026-09-14,SMH,541.5,10627900
2026-09-15,SMH,542.1099853515625,6113700
2026-09-16,SMH,545.5599975585938,5998800
2026-09-17,SMH,560.6099853515625,6164200
2026-09-18,SMH,573.0,6296500
2026-09-21,SMH,596.030029296875,9886000
2026-09-22,SMH,607.4600219726562,6631100
2026-09-23,SMH,601.4099731445312,6116400
2026-09-24,SMH,600.52001953125,5628200
2025-09-25,COHR,106.56999969482422,2602600
2025-09-26,COHR,106.98999786376953,2968500
2025-09-29,COHR,107.97000122070312,2411700
2025-09-30,COHR,107.72000122070312,2331000
2025-10-01,COHR,114.6500015258789,3101700
2025-10-02,COHR,112.79000091552734,3007500
2025-10-03,COHR,113.58000183105469,3016800
2025-10-06,COHR,114.7699966430664,3775500
2025-10-07,COHR,113.55999755859375,3932300
2025-10-08,COHR,116.66999816894531,2378700
2025-10-09,COHR,122.3499984741211,3574600
2025-10-10,COHR,111.0999984741211,3883700
2025-10-13,COHR,115.12999725341797,2868300
2025-10-14,COHR,109.37000274658203,2641100
2025-10-15,COHR,110.41000366210938,3175500
2025-10-16,COHR,115.95999908447266,3368300
2025-10-17,COHR,116.3499984741211,2405500
2025-10-20,COHR,120.19999694824219,3075800
2025-10-21,COHR,120.79000091552734,2993200
2025-10-22,COHR,115.37000274658203,3602300
2025-10-23,COHR,121.5199966430664,2603300
2025-10-24,COHR,129.33999633789062,5477100
2025-10-27,COHR,134.99000549316406,4588800
2025-10-28,COHR,134.24000549316406,3008400
2025-10-29,COHR,138.05999755859375,3712000
2025-10-30,COHR,132.7100067138672,3002500
2025-10-31,COHR,131.9600067138672,4537100
2025-11-03,COHR,132.0,3782700
2025-11-04,COHR,128.6999969482422,4230900
2025-11-05,COHR,134.6300048828125,9063100
2025-11-06,COHR,159.3000030517578,10803400
2025-11-07,COHR,154.50999450683594,7985100
2025-11-10,COHR,166.72000122070312,6874700
2025-11-11,COHR,158.00999450683594,4184700
2025-11-12,COHR,156.6699981689453,3716900
2025-11-13,COHR,139.97000122070312,7205800
2025-11-14,COHR,139.3300018310547,4134900
2025-11-17,COHR,139.07000732421875,3523500
2025-11-18,COHR,138.14999389648438,3108900
2025-11-19,COHR,142.94000244140625,3658500
2025-11-20,COHR,135.61000061035156,5688700
2025-11-21,COHR,139.50999450683594,5003000
2025-11-24,COHR,151.80999755859375,5471200
2025-11-25,COHR,148.85000610351562,6559700
2025-11-26,COHR,154.0,3664300
2025-11-28,COHR,164.25999450683594,4781500
2025-12-01,COHR,163.5,4136200
2025-12-02,COHR,164.88999938964844,4572600
2025-12-03,COHR,170.9600067138672,4085700
2025-12-04,COHR,177.35000610351562,6568600
2025-12-05,COHR,181.7899932861328,5181700
2025-12-08,COHR,185.86000061035156,5857200
2025-12-09,COHR,192.72999572753906,3995700
2025-12-10,COHR,197.4499969482422,4188500
2025-12-11,COHR,198.5,5474400
2025-12-12,COHR,178.33999633789062,7353000
2025-12-15,COHR,178.4499969482422,4507400
2025-12-16,COHR,175.1999969482422,4319600
2025-12-17,COHR,170.44000244140625,4582800
2025-12-18,COHR,175.7100067138672,4707800
2025-12-19,COHR,185.8300018310547,4441000
2025-12-22,COHR,190.97999572753906,3380000
2025-12-23,COHR,191.8699951171875,2052300
2025-12-24,COHR,191.3699951171875,1566300
2025-12-26,COHR,191.72000122070312,1707600
2025-12-29,COHR,189.02000427246094,2023200
2025-12-30,COHR,186.80999755859375,1259500
2025-12-31,COHR,184.57000732421875,2170000
2026-01-02,COHR,194.3300018310547,3515100
2026-01-05,COHR,186.36000061035156,5235400
2026-01-06,COHR,194.11000061035156,4647500
2026-01-07,COHR,191.6199951171875,3064300
2026-01-08,COHR,173.14999389648438,5985000
2026-01-09,COHR,178.05999755859375,5456500
2026-01-12,COHR,185.17999267578125,5984600
2026-01-13,COHR,190.02999877929688,4541300
2026-01-14,COHR,184.11000061035156,2882800
2026-01-15,COHR,195.9600067138672,7028800
2026-01-16,COHR,191.0399932861328,3592300
2026-01-20,COHR,193.4600067138672,4305500
2026-01-21,COHR,201.4600067138672,5978400
2026-01-22,COHR,202.72000122070312,4101300
2026-01-23,COHR,196.94000244140625,2564900
2026-01-26,COHR,197.75999450683594,3097000
2026-01-27,COHR,214.0,4140200
2026-01-28,COHR,221.13999938964844,4303500
2026-01-29,COHR,215.86000061035156,4535800
2026-01-30,COHR,212.17999267578125,7083200
2026-02-02,COHR,222.44000244140625,5212000
2026-02-03,COHR,229.17999267578125,6938800
2026-02-04,COHR,211.0,13363100
2026-02-05,COHR,209.24000549316406,12867100
2026-02-06,COHR,227.67999267578125,6589900
2026-02-09,COHR,242.4600067138672,5940600
2026-02-10,COHR,228.3699951171875,7514100
2026-02-11,COHR,223.69000244140625,5608400
2026-02-12,COHR,216.10000610351562,6733700
2026-02-13,COHR,217.22999572753906,4052200
2026-02-17,COHR,219.9600067138672,4616600
2026-02-18,COHR,223.88999938964844,3227100
2026-02-19,COHR,232.47999572753906,4084700
2026-02-20,COHR,248.17999267578125,6285900
2026-02-23,COHR,248.88999938964844,4712700
2026-02-24,COHR,254.86000061035156,4618900
2026-02-25,COHR,267.8999938964844,7096800
2026-02-26,COHR,250.13999938964844,7894000
2026-02-27,COHR,258.92999267578125,15226100
2026-03-02,COHR,298.9100036621094,10243400
2026-03-03,COHR,280.80999755859375,8099500
2026-03-04,COHR,274.8599853515625,10520100
2026-03-05,COHR,253.8699951171875,8812300
2026-03-06,COHR,235.72000122070312,8055900
2026-03-09,COHR,252.32000732421875,10589700
2026-03-10,COHR,260.6400146484375,7866100
2026-03-11,COHR,251.41000366210938,6806900
2026-03-12,COHR,241.27000427246094,5718800
2026-03-13,COHR,242.75999450683594,3932600
2026-03-16,COHR,247.3699951171875,6165200
2026-03-17,COHR,245.8000030517578,7599900
2026-03-18,COHR,257.2099914550781,9952700
2026-03-19,COHR,275.57000732421875,9382800
2026-03-20,COHR,253.6300048828125,51484800
2026-03-23,COHR,255.0500030517578,9205200
2026-03-24,COHR,272.3299865722656,9338800
2026-03-25,COHR,272.0400085449219,5314100
2026-03-26,COHR,243.2899932861328,6390900
2026-03-27,COHR,243.47999572753906,5433500
2026-03-30,COHR,219.64999389648438,8235200
2026-03-31,COHR,238.2100067138672,6152000
2026-04-01,COHR,247.8000030517578,6927800
2026-04-02,COHR,258.1600036621094,5188100
2026-04-06,COHR,253.22000122070312,3772200
2026-04-07,COHR,255.10000610351562,4027500
2026-04-08,COHR,281.7900085449219,7230100
2026-04-09,COHR,284.1700134277344,6374700
2026-04-10,COHR,307.5,7969000
2026-04-13,COHR,307.92999267578125,4516800
2026-04-14,COHR,313.4200134277344,4500100
2026-04-15,COHR,308.20001220703125,4953400
2026-04-16,COHR,328.0,6805400
2026-04-17,COHR,345.0199890136719,5628900
2026-04-20,COHR,347.510009765625,3872500
2026-04-21,COHR,343.7900085449219,5115900
2026-04-22,COHR,350.4700012207031,5202300
2026-04-23,COHR,337.67999267578125,6064200
2026-04-24,COHR,336.0899963378906,5294900
2026-04-27,COHR,321.5299987792969,6217500
2026-04-28,COHR,303.9700012207031,6393400
2026-04-29,COHR,304.92999267578125,6884400
2026-04-30,COHR,319.7099914550781,6165400
2026-05-01,COHR,329.5,4620100
2026-05-04,COHR,329.8900146484375,6539000
2026-05-05,COHR,335.7300109863281,5601200
2026-05-06,COHR,344.6700134277344,9720600
2026-05-07,COHR,319.19000244140625,12673300
2026-05-08,COHR,335.260009765625,7901600
2026-05-11,COHR,379.69000244140625,9856100
2026-05-12,COHR,374.010009765625,5990300
2026-05-13,COHR,403.7099914550781,6758900
2026-05-14,COHR,404.94000244140625,4791300
2026-05-15,COHR,382.45001220703125,6627000
2026-05-18,COHR,362.8299865722656,6342100
2026-05-19,COHR,353.6300048828125,5779000
2026-05-20,COHR,358.5,5065900
2026-05-21,COHR,378.0,4366200
2026-05-22,COHR,377.57000732421875,3980200
2026-05-26,COHR,381.3500061035156,4081200
2026-05-27,COHR,380.17999267578125,3989500
2026-05-28,COHR,376.95001220703125,3698100
2026-05-29,COHR,361.4700012207031,11073100
2026-06-01,COHR,362.8999938964844,6065900
2026-06-02,COHR,426.8900146484375,9124000
2026-06-03,COHR,417.42999267578125,5393600
2026-06-04,COHR,421.8999938964844,6032700
2026-06-05,COHR,376.989990234375,6418700
2026-06-08,COHR,401.92999267578125,5558400
2026-06-09,COHR,355.94000244140625,8180300
2026-06-10,COHR,354.7699890136719,5666800
2026-06-11,COHR,363.5799865722656,6489500
2026-06-12,COHR,385.0299987792969,5386600
2026-06-15,COHR,413.8399963378906,5158700
2026-06-16,COHR,382.80999755859375,5594400
2026-06-17,COHR,378.8500061035156,5707600
2026-06-18,COHR,389.57000732421875,7520600
2026-06-22,COHR,425.4800109863281,9178100
2026-06-23,COHR,381.2200012207031,5954800
2026-06-24,COHR,392.5,4641200
2026-06-25,COHR,407.25,4530200
2026-06-26,COHR,380.55999755859375,7103900
2026-06-29,COHR,391.2200012207031,7860000
2026-06-30,COHR,394.4700012207031,4428300
2026-07-01,COHR,368.6499938964844,4316200
2026-07-02,COHR,333.3599853515625,6965900
2026-07-06,COHR,335.70001220703125,3258300
2026-07-07,COHR,314.1300048828125,5475000
2026-07-08,COHR,317.04998779296875,3873700
2026-07-09,COHR,327.239990234375,4158600
2026-07-10,COHR,324.5,4030200
2026-07-13,COHR,307.3900146484375,3218900
2026-07-14,COHR,310.7699890136719,3093700
2026-07-15,COHR,299.3800048828125,5188100
2026-07-16,COHR,276.9599914550781,4962600
2026-07-17,COHR,277.6000061035156,5956400
2026-07-20,COHR,285.3999938964844,3606800
2026-07-21,COHR,317.2200012207031,4531800
2026-07-22,COHR,312.19000244140625,2769700
2026-07-23,COHR,313.2200012207031,2853300
2026-07-24,COHR,282.3900146484375,3765800
2026-07-27,COHR,271.30999755859375,4637800
2026-07-28,COHR,243.3300018310547,8375000
2026-07-29,COHR,222.0500030517578,6900600
2026-07-30,COHR,249.05999755859375,6357000
2026-07-31,COHR,262.8900146484375,5475200
2026-08-03,COHR,288.1400146484375,5547900
2026-08-04,COHR,323.7300109863281,8958000
2026-08-05,COHR,328.2200012207031,5780900
2026-08-06,COHR,334.2200012207031,6037000
2026-08-07,COHR,379.1300048828125,11257200
2026-08-10,COHR,325.1499938964844,9845600
2026-08-11,COHR,328.57000732421875,6507100
2026-08-12,COHR,355.6400146484375,12452800
2026-08-13,COHR,327.2300109863281,13072500
2026-08-14,COHR,325.8299865722656,8757800
2026-08-17,COHR,351.2200012207031,8609600
2026-08-18,COHR,306.42999267578125,9644600
2026-08-19,COHR,287.4700012207031,7421700
2026-08-20,COHR,290.0299987792969,4979500
2026-08-21,COHR,289.5199890136719,6000800
2026-08-24,COHR,275.489990234375,6919700
2026-08-25,COHR,288.1400146484375,4738900
2026-08-26,COHR,294.3699951171875,5468200
2026-08-27,COHR,295.3900146484375,4907600
2026-08-28,COHR,279.20001220703125,5240200
2026-08-31,COHR,277.8299865722656,5049000
2026-09-01,COHR,272.0299987792969,5509600
2026-09-02,COHR,268.6400146484375,4189500
2026-09-03,COHR,264.4100036621094,4212500
2026-09-04,COHR,281.8599853515625,5035800
2026-09-08,COHR,301.8800048828125,8701500
2026-09-09,COHR,303.4800109863281,5036100
2026-09-10,COHR,293.1700134277344,5638400
2026-09-11,COHR,305.3699951171875,7303900
2026-09-14,COHR,266.5,9939600
2026-09-15,COHR,271.1700134277344,4335400
2026-09-16,COHR,289.92999267578125,7543200
2026-09-17,COHR,295.9800109863281,6563300
2026-09-18,COHR,317.3599853515625,10161600
2026-09-21,COHR,321.5199890136719,7586500
2026-09-22,COHR,310.3900146484375,7469600
2026-09-23,COHR,300.6000061035156,5703000
2026-09-24,COHR,290.6099853515625,4983500
2025-09-25,LQD,106.0822982788086,36991200
2025-09-26,LQD,106.2255859375,31962100
2025-09-29,LQD,106.5790023803711,31961900
2025-09-30,LQD,106.47393035888672,34939700
2025-10-01,LQD,106.90149688720703,30262700
2025-10-02,LQD,107.07405853271484,18259400
2025-10-03,LQD,106.93987274169922,19971200
2025-10-06,LQD,106.5947265625,19553600
2025-10-07,LQD,106.79603576660156,29459500
2025-10-08,LQD,106.6618423461914,22462100
2025-10-09,LQD,106.45092010498047,29660700
2025-10-10,LQD,106.74810028076172,39146400
2025-10-13,LQD,107.11241912841797,11235900
2025-10-14,LQD,107.46711730957031,43975300
2025-10-15,LQD,107.46711730957031,45017200
2025-10-16,LQD,107.77388763427734,39858400
2025-10-17,LQD,107.56298065185547,35433500
2025-10-20,LQD,107.88893127441406,26361100
2025-10-21,LQD,107.90809631347656,27353800
2025-10-22,LQD,108.01355743408203,41003600
2025-10-23,LQD,107.87933349609375,27558500
2025-10-24,LQD,108.06149291992188,29474600
2025-10-27,LQD,108.24364471435547,23513400
2025-10-28,LQD,108.25321960449219,34236300
2025-10-29,LQD,107.6396713256836,36236000
2025-10-30,LQD,107.06446838378906,46045200
2025-10-31,LQD,106.6330795288086,57255300
2025-11-03,LQD,106.34635925292969,53372100
2025-11-04,LQD,106.49067687988281,62636700
2025-11-05,LQD,106.17315673828125,43258300
2025-11-06,LQD,106.73121643066406,37814800
2025-11-07,LQD,106.51953887939453,42671600
2025-11-10,LQD,106.57725524902344,45229000
2025-11-11,LQD,107.0006103515625,11282600
2025-11-12,LQD,106.89476776123047,39067900
2025-11-13,LQD,106.3656005859375,34125900
2025-11-14,LQD,106.07695007324219,31437600
2025-11-17,LQD,106.14429473876953,34343300
2025-11-18,LQD,106.1924057006836,30566000
2025-11-19,LQD,106.20203399658203,29144800
2025-11-20,LQD,106.34635925292969,49362200
2025-11-21,LQD,106.72161102294922,41000500
2025-11-24,LQD,107.14492797851562,28437900
2025-11-25,LQD,107.44319915771484,47560900
2025-11-26,LQD,107.80882263183594,24585400
2025-11-28,LQD,107.62600708007812,25471200
2025-12-01,LQD,107.04948425292969,24610100
2025-12-02,LQD,107.1170654296875,34955000
2025-12-03,LQD,107.3584976196289,20997800
2025-12-04,LQD,107.16535949707031,29846500
2025-12-05,LQD,107.05912780761719,25470000
2025-12-08,LQD,106.8370132446289,28815200
2025-12-09,LQD,106.70182037353516,29239900
2025-12-10,LQD,107.19432830810547,34019300
2025-12-11,LQD,107.03980255126953,41927200
2025-12-12,LQD,106.39279174804688,39040100
2025-12-15,LQD,106.51834106445312,22151200
2025-12-16,LQD,106.75975799560547,31692600
2025-12-17,LQD,106.64387512207031,22248000
2025-12-18,LQD,107.04948425292969,31844300
2025-12-19,LQD,106.77413177490234,28594900
2025-12-22,LQD,106.7547378540039,17335000
2025-12-23,LQD,106.86138916015625,16137300
2025-12-24,LQD,107.27827453613281,6400600
2025-12-26,LQD,107.26858520507812,10589300
2025-12-29,LQD,107.41402435302734,18943900
2025-12-30,LQD,107.28797149658203,21486400
2025-12-31,LQD,106.8322982788086,19124600
2026-01-02,LQD,106.80322265625,25676200
2026-01-05,LQD,107.10376739501953,27771000
2026-01-06,LQD,107.10376739501953,31037300
2026-01-07,LQD,107.18132781982422,28107400
2026-01-08,LQD,106.88076782226562,26395600
2026-01-09,LQD,107.26858520507812,29660300
2026-01-12,LQD,107.1425552368164,28990100
2026-01-13,LQD,107.37522888183594,31139200
2026-01-14,LQD,107.6467056274414,27251900
2026-01-15,LQD,107.5109634399414,34534800
2026-01-16,LQD,107.20072937011719,38762100
2026-01-20,LQD,106.55113220214844,43500200
2026-01-21,LQD,107.19103240966797,38616500
2026-01-22,LQD,107.3946304321289,36342900
2026-01-23,LQD,107.46247863769531,30615300
2026-01-26,LQD,107.54975128173828,23629800
2026-01-27,LQD,107.43341064453125,27166000
2026-01-28,LQD,107.27827453613281,31045900
2026-01-29,LQD,107.307373046875,45815500
2026-01-30,LQD,107.20072937011719,39631400
2026-02-02,LQD,107.10144805908203,35480300
2026-02-03,LQD,107.15011596679688,32761700
2026-02-04,LQD,107.01388549804688,31344400
2026-02-05,LQD,107.5296401977539,23929700
2026-02-06,LQD,107.58802032470703,29022200
2026-02-09,LQD,107.58802032470703,27356900
2026-02-10,LQD,107.84103393554688,34509800
2026-02-11,LQD,107.72425842285156,29955300
2026-02-12,LQD,108.23027801513672,39724200
2026-02-13,LQD,108.59033203125,33609900
2026-02-17,LQD,108.69738006591797,33132600
2026-02-18,LQD,108.59033203125,40087000
2026-02-19,LQD,108.67791748046875,30394400
2026-02-20,LQD,108.59033203125,44837400
2026-02-23,LQD,108.70711517333984,33323600
2026-02-24,LQD,108.67791748046875,37797100
2026-02-25,LQD,108.64872741699219,33682200
2026-02-26,LQD,108.71684265136719,33031800
2026-02-27,LQD,108.67791748046875,48343700
2026-03-02,LQD,108.30977630615234,54854600
2026-03-03,LQD,108.26095581054688,78775000
2026-03-04,LQD,108.35860443115234,49023300
2026-03-05,LQD,107.92896270751953,47318400
2026-03-06,LQD,107.56767272949219,58242900
2026-03-09,LQD,108.2121353149414,44312100
2026-03-10,LQD,107.47001647949219,71501200
2026-03-11,LQD,106.5912094116211,66523500
2026-03-12,LQD,106.01507568359375,72750200
2026-03-13,LQD,105.6244888305664,54605100
2026-03-16,LQD,106.13225555419922,65430000
2026-03-17,LQD,106.7279052734375,53953900
2026-03-18,LQD,106.15178680419922,60360000
2026-03-19,LQD,106.62049102783203,60271200
2026-03-20,LQD,105.3120346069336,66608900
2026-03-23,LQD,106.00531768798828,54512800
2026-03-24,LQD,105.79049682617188,46515300
2026-03-25,LQD,106.17131805419922,48616300
2026-03-26,LQD,105.34131622314453,42072700
2026-03-27,LQD,105.08744812011719,42578500
2026-03-30,LQD,105.76119995117188,42677000
2026-03-31,LQD,106.4251937866211,57883800
2026-04-01,LQD,106.53893280029297,37445300
2026-04-02,LQD,106.98995208740234,27148600
2026-04-06,LQD,106.8232650756836,29080500
2026-04-07,LQD,106.94092559814453,41258900
2026-04-08,LQD,107.35272979736328,63694700
2026-04-09,LQD,107.35272979736328,39122000
2026-04-10,LQD,107.06838989257812,22857000
2026-04-13,LQD,107.48019409179688,19904200
2026-04-14,LQD,107.83316040039062,29507800
2026-04-15,LQD,107.79395294189453,30074300
2026-04-16,LQD,107.29389190673828,25833300
2026-04-17,LQD,107.89199829101562,44767700
2026-04-20,LQD,107.88218688964844,19935900
2026-04-21,LQD,107.47039031982422,26008100
2026-04-22,LQD,107.67628479003906,17815000
2026-04-23,LQD,107.38213348388672,25668600
2026-04-24,LQD,107.46057891845703,23212600
2026-04-27,LQD,107.15663146972656,21833200
2026-04-28,LQD,107.20565795898438,25603500
2026-04-29,LQD,106.6075668334961,21800900
2026-04-30,LQD,106.7252197265625,45530700
2026-05-01,LQD,106.8974838256836,34755500
2026-05-04,LQD,106.55296325683594,21983900
2026-05-05,LQD,106.94670104980469,33609700
2026-05-06,LQD,107.47823333740234,28417400
2026-05-07,LQD,107.03528594970703,24184900
2026-05-08,LQD,107.48807525634766,17503300
2026-05-11,LQD,107.2223129272461,23050600
2026-05-12,LQD,106.85810852050781,26579400
2026-05-13,LQD,106.91717529296875,19083000
2026-05-14,LQD,106.84825897216797,18038000
2026-05-15,LQD,106.16907501220703,49718000
2026-05-18,LQD,105.97222137451172,31145200
2026-05-19,LQD,105.44068145751953,36965500
2026-05-20,LQD,106.25765991210938,34281700
2026-05-21,LQD,106.4742202758789,25440400
2026-05-22,LQD,106.67108917236328,19668800
2026-05-26,LQD,107.07465362548828,23730300
2026-05-27,LQD,107.2223129272461,16208400
2026-05-28,LQD,107.54712677001953,24176800
2026-05-29,LQD,107.64556884765625,26551200
2026-06-01,LQD,107.62876892089844,19298000
2026-06-02,LQD,107.61888122558594,14394700
2026-06-03,LQD,107.32247161865234,24018700
2026-06-04,LQD,107.54972076416016,17881600
2026-06-05,LQD,106.87784576416016,30790300
2026-06-08,LQD,106.76915740966797,21944000
2026-06-09,LQD,107.11498260498047,37925400
2026-06-10,LQD,106.86796569824219,20870100
2026-06-11,LQD,107.7769775390625,34849400
2026-06-12,LQD,107.70780944824219,23423000
2026-06-15,LQD,107.68805694580078,27040500
2026-06-16,LQD,107.81649780273438,24297100
2026-06-17,LQD,107.4706802368164,31079300
2026-06-18,LQD,107.76708984375,41725500
2026-06-22,LQD,107.48055267333984,22557300
2026-06-23,LQD,107.6090087890625,27509300
2026-06-24,LQD,108.10302734375,31462200
2026-06-25,LQD,108.19194793701172,33772500
2026-06-26,LQD,108.19194793701172,26033500
2026-06-29,LQD,108.38956451416016,43883300
2026-06-30,LQD,107.76708984375,32665400
2026-07-01,LQD,107.54102325439453,25563100
2026-07-02,LQD,107.71949768066406,18406000
2026-07-06,LQD,107.74923706054688,17471600
2026-07-07,LQD,106.96593475341797,32025000
2026-07-08,LQD,106.7577133178711,31080600
2026-07-09,LQD,106.79737854003906,24612700
2026-07-10,LQD,106.54949188232422,34114000
2026-07-13,LQD,106.0537338256836,29936100
2026-07-14,LQD,106.3016128540039,33688900
2026-07-15,LQD,106.6684799194336,27178700
2026-07-16,LQD,106.58914947509766,33413200
2026-07-17,LQD,106.64865112304688,25761500
2026-07-20,LQD,106.24211883544922,29445700
2026-07-21,LQD,105.94466400146484,26033300
2026-07-22,LQD,105.76618194580078,20115500
2026-07-23,LQD,105.35966491699219,35690700
2026-07-24,LQD,105.32991790771484,27980000
2026-07-27,LQD,105.60755157470703,33698100
2026-07-28,LQD,105.92483520507812,23347600
2026-07-29,LQD,105.32000732421875,44523200
2026-07-30,LQD,105.50839233398438,30975700
2026-07-31,LQD,105.34974670410156,40904000
2026-08-03,LQD,105.66641998291016,30003200
2026-08-04,LQD,106.31370544433594,30075900
2026-08-05,LQD,106.29378509521484,24602300
2026-08-06,LQD,105.91537475585938,32079900
2026-08-07,LQD,106.10458374023438,22803900
2026-08-10,LQD,105.51704406738281,26021600
2026-08-11,LQD,105.54692077636719,24716700
2026-08-12,LQD,105.67638397216797,23031500
2026-08-13,LQD,106.10458374023438,25741000
2026-08-14,LQD,105.67638397216797,29528400
2026-08-17,LQD,105.25813293457031,25578600
2026-08-18,LQD,105.39754486083984,33979400
2026-08-19,LQD,106.12449645996094,37259700
2026-08-20,LQD,105.61663055419922,26597500
2026-08-21,LQD,105.47721099853516,24263700
2026-08-24,LQD,105.73612976074219,23581900
2026-08-25,LQD,106.41328430175781,30966800
2026-08-26,LQD,106.3336181640625,19195700
2026-08-27,LQD,106.28382873535156,21807300
2026-08-28,LQD,105.9054183959961,27002300
2026-08-31,LQD,105.76599884033203,29345400
2026-09-01,LQD,105.22000122070312,34399700
2026-09-02,LQD,105.3499984741211,26691200
2026-09-03,LQD,105.5,16263200
2026-09-04,LQD,105.4800033569336,20428600
2026-09-08,LQD,105.4800033569336,19467300
2026-09-09,LQD,105.30999755859375,34130300
2026-09-10,LQD,104.36000061035156,35685400
2026-09-11,LQD,104.31999969482422,27934300
2026-09-14,LQD,104.30000305175781,30889400
2026-09-15,LQD,104.27999877929688,30710000
2026-09-16,LQD,104.44999694824219,39080800
2026-09-17,LQD,105.16000366210938,29644300
2026-09-18,LQD,104.69999694824219,29164800
2026-09-21,LQD,105.08999633789062,23076500
2026-09-23,LQD,103.88999938964844,35099900
2026-09-24,LQD,103.1500015258789,40152500
2025-09-25,CRDO,144.94000244140625,6634600
2025-09-26,CRDO,142.92999267578125,4861800
2025-09-29,CRDO,146.00999450683594,5283200
2025-09-30,CRDO,145.61000061035156,3625700
2025-10-01,CRDO,144.91000366210938,4274400
2025-10-02,CRDO,149.6300048828125,6126500
2025-10-03,CRDO,143.8699951171875,6153700
2025-10-06,CRDO,147.4199981689453,6451300
2025-10-07,CRDO,137.1999969482422,8393300
2025-10-08,CRDO,148.8699951171875,6720500
2025-10-09,CRDO,151.14999389648438,5514600
2025-10-10,CRDO,138.8300018310547,8183200
2025-10-13,CRDO,149.89999389648438,5980600
2025-10-14,CRDO,129.75,10759000
2025-10-15,CRDO,131.41000366210938,6274700
2025-10-16,CRDO,136.52999877929688,4884500
2025-10-17,CRDO,143.61000061035156,6207400
2025-10-20,CRDO,151.66000366210938,6634800
2025-10-21,CRDO,144.1699981689453,5265700
2025-10-22,CRDO,137.1999969482422,6333200
2025-10-23,CRDO,150.97000122070312,5553900
2025-10-24,CRDO,155.5500030517578,6051900
2025-10-27,CRDO,154.9600067138672,3906500
2025-10-28,CRDO,162.17999267578125,4021900
2025-10-29,CRDO,171.52000427246094,4543400
2025-10-30,CRDO,166.6199951171875,5154900
2025-10-31,CRDO,187.6199951171875,7556900
2025-11-03,CRDO,180.63999938964844,4599700
2025-11-04,CRDO,164.22999572753906,5998300
2025-11-05,CRDO,173.16000366210938,4984300
2025-11-06,CRDO,162.74000549316406,5245500
2025-11-07,CRDO,163.61000061035156,6910100
2025-11-10,CRDO,170.16000366210938,4127800
2025-11-11,CRDO,158.5,3985500
2025-11-12,CRDO,160.33999633789062,3984200
2025-11-13,CRDO,142.9499969482422,7413900
2025-11-14,CRDO,145.52000427246094,5715400
2025-11-17,CRDO,145.5800018310547,4124300
2025-11-18,CRDO,139.55999755859375,4503000
2025-11-19,CRDO,141.8800048828125,4494000
2025-11-20,CRDO,134.72999572753906,9424500
2025-11-21,CRDO,133.49000549316406,8404400
2025-11-24,CRDO,150.85000610351562,16607000
2025-11-25,CRDO,154.17999267578125,5200000
2025-11-26,CRDO,164.00999450683594,5384100
2025-11-28,CRDO,177.60000610351562,5665200
2025-12-01,CRDO,171.1300048828125,10755500
2025-12-02,CRDO,188.44000244140625,16853500
2025-12-03,CRDO,189.19000244140625,7506000
2025-12-04,CRDO,180.9199981689453,5648000
2025-12-05,CRDO,176.0399932861328,5292200
2025-12-08,CRDO,178.94000244140625,5847600
2025-12-09,CRDO,170.2899932861328,4881600
2025-12-10,CRDO,157.97999572753906,9031600
2025-12-11,CRDO,154.47000122070312,7089000
2025-12-12,CRDO,143.91000366210938,7997700
2025-12-15,CRDO,142.02000427246094,5586500
2025-12-16,CRDO,140.33999633789062,4778400
2025-12-17,CRDO,134.1300048828125,4786900
2025-12-18,CRDO,138.57000732421875,5374200
2025-12-19,CRDO,150.1300048828125,9664800
2025-12-22,CRDO,149.94000244140625,5094100
2025-12-23,CRDO,147.80999755859375,3091900
2025-12-24,CRDO,150.19000244140625,1956400
2025-12-26,CRDO,144.8300018310547,2727500
2025-12-29,CRDO,144.6999969482422,2828700
2025-12-30,CRDO,144.9199981689453,2182700
2025-12-31,CRDO,143.88999938964844,2521600
2026-01-02,CRDO,143.22000122070312,5797600
2026-01-05,CRDO,140.24000549316406,8056400
2026-01-06,CRDO,132.9499969482422,7360800
2026-01-07,CRDO,141.0,9879300
2026-01-08,CRDO,141.58999633789062,6231100
2026-01-09,CRDO,150.4199981689453,7517300
2026-01-12,CRDO,156.07000732421875,4636500
2026-01-13,CRDO,161.3800048828125,4604700
2026-01-14,CRDO,156.83999633789062,4918400
2026-01-15,CRDO,149.1199951171875,5677000
2026-01-16,CRDO,150.97000122070312,4370800
2026-01-20,CRDO,153.22000122070312,6083800
2026-01-21,CRDO,139.16000366210938,9437800
2026-01-22,CRDO,135.10000610351562,7268000
2026-01-23,CRDO,133.16000366210938,4348200
2026-01-26,CRDO,128.02000427246094,4894700
2026-01-27,CRDO,129.57000732421875,4884200
2026-01-28,CRDO,129.66000366210938,5147000
2026-01-29,CRDO,129.47000122070312,5588100
2026-01-30,CRDO,125.27999877929688,6759200
2026-02-02,CRDO,119.95999908447266,5572900
2026-02-03,CRDO,111.30999755859375,10940600
2026-02-04,CRDO,96.94999694824219,14406000
2026-02-05,CRDO,98.05999755859375,8225300
2026-02-06,CRDO,111.4000015258789,9896600
2026-02-09,CRDO,123.41000366210938,9063700
2026-02-10,CRDO,134.72000122070312,12592700
2026-02-11,CRDO,128.39999389648438,9878800
2026-02-12,CRDO,121.77999877929688,6440700
2026-02-13,CRDO,121.44000244140625,4520600
2026-02-17,CRDO,124.80000305175781,4931900
2026-02-18,CRDO,127.91000366210938,3918900
2026-02-19,CRDO,130.66000366210938,3358200
2026-02-20,CRDO,124.05999755859375,5201500
2026-02-23,CRDO,124.05000305175781,3814500
2026-02-24,CRDO,120.83000183105469,4042300
2026-02-25,CRDO,123.45999908447266,5359600
2026-02-26,CRDO,114.4800033569336,7864100
2026-02-27,CRDO,112.2699966430664,7420500
2026-03-02,CRDO,114.22000122070312,12477400
2026-03-03,CRDO,97.30000305175781,19706000
2026-03-04,CRDO,102.54000091552734,9137900
2026-03-05,CRDO,114.73999786376953,11716200
2026-03-06,CRDO,109.83000183105469,6948700
2026-03-09,CRDO,115.9800033569336,7272300
2026-03-10,CRDO,112.33000183105469,5691500
2026-03-11,CRDO,115.91000366210938,6121200
2026-03-12,CRDO,111.56999969482422,6053300
2026-03-13,CRDO,117.69000244140625,4495300
2026-03-16,CRDO,116.87999725341797,9100900
2026-03-17,CRDO,104.05999755859375,15647400
2026-03-18,CRDO,101.72000122070312,7469600
2026-03-19,CRDO,107.08999633789062,6957100
2026-03-20,CRDO,103.4000015258789,6805000
2026-03-23,CRDO,105.0999984741211,6881700
2026-03-24,CRDO,100.30000305175781,6309000
2026-03-25,CRDO,103.91000366210938,5303000
2026-03-26,CRDO,96.44000244140625,5719100
2026-03-27,CRDO,95.23999786376953,4402000
2026-03-30,CRDO,87.80999755859375,6562100
2026-03-31,CRDO,93.87000274658203,7240000
2026-04-01,CRDO,95.91999816894531,4869800
2026-04-02,CRDO,101.44999694824219,5095800
2026-04-06,CRDO,102.45999908447266,4279300
2026-04-07,CRDO,106.79000091552734,4159100
2026-04-08,CRDO,110.20999908447266,6093300
2026-04-09,CRDO,107.93000030517578,4392800
2026-04-10,CRDO,119.58999633789062,8563600
2026-04-13,CRDO,134.36000061035156,10402300
2026-04-14,CRDO,159.52000427246094,18523300
2026-04-15,CRDO,168.35000610351562,10699500
2026-04-16,CRDO,158.92999267578125,9679800
2026-04-17,CRDO,160.69000244140625,7236700
2026-04-20,CRDO,174.52999877929688,7465800
2026-04-21,CRDO,183.32000732421875,9610600
2026-04-22,CRDO,189.49000549316406,7342700
2026-04-23,CRDO,185.5399932861328,5820000
2026-04-24,CRDO,195.0399932861328,6639700
2026-04-27,CRDO,180.5,6799000
2026-04-28,CRDO,165.9199981689453,6339500
2026-04-29,CRDO,175.77000427246094,4415300
2026-04-30,CRDO,174.00999450683594,4438900
2026-05-01,CRDO,184.3800048828125,4701700
2026-05-04,CRDO,180.05999755859375,3636000
2026-05-05,CRDO,193.57000732421875,6133200
2026-05-06,CRDO,198.2899932861328,6073100
2026-05-07,CRDO,188.2899932861328,5514600
2026-05-08,CRDO,188.5050048828125,4837000
2026-05-11,CRDO,210.22000122070312,7999300
2026-05-12,CRDO,198.57000732421875,6256300
2026-05-13,CRDO,189.36000061035156,6644700
2026-05-14,CRDO,184.5399932861328,4949800
2026-05-15,CRDO,172.1699981689453,5528800
2026-05-18,CRDO,156.27000427246094,8611700
2026-05-19,CRDO,168.99000549316406,8285000
2026-05-20,CRDO,182.97999572753906,7487300
2026-05-21,CRDO,193.38999938964844,6775200
2026-05-22,CRDO,218.41000366210938,8538600
2026-05-26,CRDO,221.63999938964844,9575000
2026-05-27,CRDO,221.22999572753906,4256100
2026-05-28,CRDO,222.35000610351562,5014500
2026-05-29,CRDO,236.02999877929688,7597100
2026-06-01,CRDO,226.10000610351562,13043500
2026-06-02,CRDO,229.0,16247800
2026-06-03,CRDO,214.60000610351562,9697100
2026-06-04,CRDO,217.5,7454800
2026-06-05,CRDO,206.88999938964844,15917900
2026-06-08,CRDO,222.27000427246094,8731000
2026-06-09,CRDO,234.32000732421875,15750900
2026-06-10,CRDO,237.67999267578125,13941100
2026-06-11,CRDO,264.760009765625,13005200
2026-06-12,CRDO,250.80999755859375,9009800
2026-06-15,CRDO,259.4100036621094,7921300
2026-06-16,CRDO,239.17999267578125,7557200
2026-06-17,CRDO,249.3300018310547,7492800
2026-06-18,CRDO,271.8299865722656,9353600
2026-06-22,CRDO,302.5199890136719,9529700
2026-06-23,CRDO,272.0050048828125,10376100
2026-06-24,CRDO,268.989990234375,6666200
2026-06-25,CRDO,268.0299987792969,8181700
2026-06-26,CRDO,238.0,38637200
2026-06-29,CRDO,245.67999267578125,10111500
2026-06-30,CRDO,271.95001220703125,8072100
2026-07-01,CRDO,259.0899963378906,7941300
2026-07-02,CRDO,241.91000366210938,9047500
2026-07-06,CRDO,265.54998779296875,7501200
2026-07-07,CRDO,246.39999389648438,7836100
2026-07-08,CRDO,258.69000244140625,5727300
2026-07-09,CRDO,265.6499938964844,6959200
2026-07-10,CRDO,257.7900085449219,3977000
2026-07-13,CRDO,236.8800048828125,6736600
2026-07-14,CRDO,236.17999267578125,4162800
2026-07-15,CRDO,226.74000549316406,5569100
2026-07-16,CRDO,207.97000122070312,7997000
2026-07-17,CRDO,202.67999267578125,8283300
2026-07-20,CRDO,212.07000732421875,5200600
2026-07-21,CRDO,223.8699951171875,4765200
2026-07-22,CRDO,228.27000427246094,4036500
2026-07-23,CRDO,236.5,4503000
2026-07-24,CRDO,213.14999389648438,5926600
2026-07-27,CRDO,208.13999938964844,5010000
2026-07-28,CRDO,192.27999877929688,6706100
2026-07-29,CRDO,177.4499969482422,7010900
2026-07-30,CRDO,201.0800018310547,6966700
2026-07-31,CRDO,206.99000549316406,6428500
2026-08-03,CRDO,218.35000610351562,4667700
2026-08-04,CRDO,237.9199981689453,6945100
2026-08-05,CRDO,224.6300048828125,4282000
2026-08-06,CRDO,230.42999267578125,3657900
2026-08-07,CRDO,249.88999938964844,4265500
2026-08-10,CRDO,239.93499755859375,4320600
2026-08-11,CRDO,247.69000244140625,2456300
2026-08-12,CRDO,268.1600036621094,5267100
2026-08-13,CRDO,265.989990234375,4298000
2026-08-14,CRDO,259.8999938964844,3384600
2026-08-17,CRDO,282.82000732421875,5762800
2026-08-18,CRDO,245.97000122070312,7742700
2026-08-19,CRDO,234.82000732421875,4903100
2026-08-20,CRDO,231.35000610351562,3278400
2026-08-21,CRDO,230.57000732421875,2714400
2026-08-24,CRDO,222.61000061035156,4256100
2026-08-25,CRDO,226.50999450683594,2639100
2026-08-26,CRDO,226.49000549316406,2283300
2026-08-27,CRDO,240.24000549316406,4227700
2026-08-28,CRDO,232.75,3518200
2026-08-31,CRDO,226.19000244140625,4270300
2026-09-01,CRDO,206.6300048828125,9513700
2026-09-02,CRDO,165.22000122070312,30111800
2026-09-03,CRDO,164.1699981689453,13770300
2026-09-04,CRDO,170.57000732421875,10756500
2026-09-08,CRDO,167.75,10394700
2026-09-09,CRDO,167.9199981689453,6972200
2026-09-10,CRDO,160.30999755859375,6901300
2026-09-11,CRDO,162.9499969482422,5889800
2026-09-14,CRDO,150.08999633789062,10698800
2026-09-15,CRDO,150.38999938964844,6494300
2026-09-16,CRDO,161.49000549316406,8978500
2026-09-17,CRDO,168.25,8903300
2026-09-18,CRDO,175.88999938964844,13345500
2026-09-21,CRDO,187.27000427246094,11146500
2026-09-22,CRDO,192.55999755859375,8199200
2026-09-23,CRDO,193.8699951171875,7813400
2026-09-24,CRDO,195.97000122070312,5788700
2025-09-25,ETN,360.7182312011719,2029100
2025-09-26,ETN,361.5489807128906,1625400
2025-09-29,ETN,363.1016845703125,1466300
2025-09-30,ETN,370.1233825683594,1805800
2025-10-01,ETN,369.7178955078125,1590400
2025-10-02,ETN,372.6057434082031,1777800
2025-10-03,ETN,369.34210205078125,1372100
2025-10-06,ETN,375.8297424316406,1852100
2025-10-07,ETN,366.849853515625,2321600
2025-10-08,ETN,372.54638671875,2168600
2025-10-09,ETN,373.031005859375,1723200
2025-10-10,ETN,365.0103759765625,2164700
2025-10-13,ETN,371.23101806640625,2089900
2025-10-14,ETN,370.2222900390625,1669400
2025-10-15,ETN,377.5110168457031,1589200
2025-10-16,ETN,371.4485778808594,1597300
2025-10-17,ETN,369.1838684082031,1732900
2025-10-20,ETN,373.5254821777344,1331400
2025-10-21,ETN,369.34210205078125,2334700
2025-10-22,ETN,356.6239318847656,4029400
2025-10-23,ETN,368.2938232421875,1601600
2025-10-24,ETN,372.14093017578125,1650200
2025-10-27,ETN,375.5528869628906,1772200
2025-10-28,ETN,371.864013671875,1551400
2025-10-29,ETN,383.4745178222656,2245000
2025-10-30,ETN,378.86590576171875,3112800
2025-10-31,ETN,377.352783203125,2407300
2025-11-03,ETN,382.3075866699219,3254500
2025-11-04,ETN,373.5551452636719,7551400
2025-11-05,ETN,382.24249267578125,3075600
2025-11-06,ETN,374.2691650390625,2235800
2025-11-07,ETN,370.6692810058594,2604600
2025-11-10,ETN,376.4211730957031,1801700
2025-11-11,ETN,364.85791015625,3103300
2025-11-12,ETN,366.33551025390625,1962100
2025-11-13,ETN,351.1327209472656,2762400
2025-11-14,ETN,349.4666748046875,3385200
2025-11-17,ETN,339.9066162109375,3019500
2025-11-18,ETN,335.483642578125,3158100
2025-11-19,ETN,342.78253173828125,2650800
2025-11-20,ETN,325.4674072265625,4550600
2025-11-21,ETN,328.95819091796875,4397400
2025-11-24,ETN,327.6888122558594,3672800
2025-11-25,ETN,333.85723876953125,3968800
2025-11-26,ETN,338.8554382324219,2474500
2025-11-28,ETN,343.0205993652344,935100
2025-12-01,ETN,336.891845703125,2248800
2025-12-02,ETN,330.3465881347656,3850000
2025-12-03,ETN,332.7861633300781,3079400
2025-12-04,ETN,336.1183166503906,2351500
2025-12-05,ETN,334.8588562011719,1845400
2025-12-08,ETN,340.54132080078125,3734100
2025-12-09,ETN,338.9248046875,2149700
2025-12-10,ETN,350.51788330078125,2554100
2025-12-11,ETN,347.4534912109375,2405600
2025-12-12,ETN,329.2259826660156,3921900
2025-12-15,ETN,330.4457702636719,2569000
2025-12-16,ETN,327.1929626464844,2527100
2025-12-17,ETN,313.20001220703125,7694400
2025-12-18,ETN,313.3289489746094,3826600
2025-12-19,ETN,315.16357421875,7357000
2025-12-22,ETN,317.73211669921875,2080400
2025-12-23,ETN,320.13201904296875,2196900
2025-12-24,ETN,320.98492431640625,766500
2025-12-26,ETN,319.49737548828125,1100800
2025-12-29,ETN,318.7833557128906,1948700
2025-12-30,ETN,318.19818115234375,1727000
2025-12-31,ETN,315.8677062988281,1553900
2026-01-02,ETN,324.5946960449219,2559600
2026-01-05,ETN,319.5865783691406,3381700
2026-01-06,ETN,330.2077331542969,3246600
2026-01-07,ETN,319.99322509765625,3166100
2026-01-08,ETN,317.9205322265625,4582300
2026-01-09,ETN,321.81793212890625,2690000
2026-01-12,ETN,326.369873046875,2166600
2026-01-13,ETN,329.6226501464844,2524500
2026-01-14,ETN,328.3929443359375,2148000
2026-01-15,ETN,330.6936950683594,2127500
2026-01-16,ETN,340.8983154296875,3768500
2026-01-20,ETN,334.7894287109375,2869500
2026-01-21,ETN,335.1563415527344,3426200
2026-01-22,ETN,331.2689208984375,2549000
2026-01-23,ETN,328.4722595214844,2235400
2026-01-26,ETN,329.5234680175781,2812600
2026-01-27,ETN,338.35955810546875,2814700
2026-01-28,ETN,344.438720703125,3072500
2026-01-29,ETN,351.43023681640625,4065400
2026-01-30,ETN,348.50469970703125,4260900
2026-02-02,ETN,356.45819091796875,3867500
2026-02-03,ETN,359.5225524902344,5853300
2026-02-04,ETN,361.9720458984375,5131600
2026-02-05,ETN,351.7277526855469,3303300
2026-02-06,ETN,370.7188720703125,3105600
2026-02-09,ETN,373.9320068359375,2809400
2026-02-10,ETN,374.3385925292969,1795300
2026-02-11,ETN,392.8041076660156,3826600
2026-02-12,ETN,387.0918884277344,4603600
2026-02-13,ETN,386.0208740234375,2253500
2026-02-17,ETN,388.2422790527344,2094500
2026-02-18,ETN,377.2244873046875,2740000
2026-02-19,ETN,374.1898193359375,2277400
2026-02-20,ETN,370.28253173828125,2600300
2026-02-23,ETN,359.0464782714844,2920800
2026-02-24,ETN,371.4527282714844,2387200
2026-02-25,ETN,370.4312438964844,2300100
2026-02-26,ETN,371.48248291015625,2231100
2026-02-27,ETN,372.8014831542969,2169000
2026-03-02,ETN,374.2691650390625,1828400
2026-03-03,ETN,352.6103515625,2864200
2026-03-04,ETN,351.51947021484375,1793000
2026-03-05,ETN,351.8467712402344,3219700
2026-03-06,ETN,344.8651428222656,3795100
2026-03-09,ETN,350.9343566894531,3409100
2026-03-10,ETN,359.1812438964844,3646400
2026-03-11,ETN,353.93865966796875,2807300
2026-03-12,ETN,346.82586669921875,2429200
2026-03-13,ETN,353.5506896972656,3581800
2026-03-16,ETN,359.1613464355469,3493900
2026-03-17,ETN,362.05621337890625,1942300
2026-03-18,ETN,358.6639709472656,2240200
2026-03-19,ETN,358.3555908203125,2144800
2026-03-20,ETN,354.9433898925781,4219100
2026-03-23,ETN,357.86810302734375,2618100
2026-03-24,ETN,372.15338134765625,2666100
2026-03-25,ETN,373.0487060546875,2527400
2026-03-26,ETN,355.2418518066406,2036900
2026-03-27,ETN,355.50048828125,2152100
2026-03-30,ETN,341.7424621582031,3239200
2026-03-31,ETN,355.80889892578125,2175100
2026-04-01,ETN,363.6578063964844,1980500
2026-04-02,ETN,359.2210388183594,1424600
2026-04-06,ETN,361.99652099609375,1360900
2026-04-07,ETN,366.9306945800781,2185300
2026-04-08,ETN,383.5736389160156,2255100
2026-04-09,ETN,398.3563232421875,2134100
2026-04-10,ETN,400.90301513671875,2218700
2026-04-13,ETN,401.2611389160156,1818700
2026-04-14,ETN,399.8087463378906,1825900
2026-04-15,ETN,393.0043029785156,2266900
2026-04-16,ETN,390.68646240234375,1815700
2026-04-17,ETN,404.0962829589844,2624700
2026-04-20,ETN,405.4492492675781,2416200
2026-04-21,ETN,407.5681457519531,2022300
2026-04-22,ETN,411.7164611816406,2683000
2026-04-23,ETN,422.2911376953125,2912100
2026-04-24,ETN,421.71417236328125,2490300
2026-04-27,ETN,414.6013488769531,2463900
2026-04-28,ETN,410.9206237792969,2483900
2026-04-29,ETN,408.632568359375,1932500
2026-04-30,ETN,430.7568664550781,3251000
2026-05-01,ETN,423.3356628417969,2478400
2026-05-04,ETN,420.2418518066406,3298500
2026-05-05,ETN,408.7220764160156,6876500
2026-05-06,ETN,419.1973571777344,3289700
2026-05-07,ETN,397.0730285644531,3590000
2026-05-08,ETN,400.5245666503906,2386900
2026-05-11,ETN,417.97161865234375,3724700
2026-05-12,ETN,400.54449462890625,2953100
2026-05-13,ETN,405.94122314453125,2316800
2026-05-14,ETN,407.098388671875,2011900
2026-05-15,ETN,398.45965576171875,3253300
2026-05-18,ETN,380.9327697753906,2862900
2026-05-19,ETN,370.96728515625,2951900
2026-05-20,ETN,378.75811767578125,2684600
2026-05-21,ETN,380.57366943359375,1933700
2026-05-22,ETN,390.3894958496094,2353500
2026-05-26,ETN,402.1405944824219,2855200
2026-05-27,ETN,405.37261962890625,2846000
2026-05-28,ETN,400.9534912109375,2318400
2026-05-29,ETN,399.6167907714844,3321300
2026-06-01,ETN,399.0980529785156,2339300
2026-06-02,ETN,416.5950012207031,2074500
2026-06-03,ETN,420.17620849609375,2181800
2026-06-04,ETN,417.58258056640625,1859800
2026-06-05,ETN,394.9682312011719,2538000
2026-06-08,ETN,402.15057373046875,2100500
2026-06-09,ETN,400.7340393066406,2335800
2026-06-10,ETN,374.5384826660156,3555500
2026-06-11,ETN,392.67388916015625,2639800
2026-06-12,ETN,390.4294128417969,2175100
2026-06-15,ETN,406.0609436035156,2336700
2026-06-16,ETN,406.7093200683594,1788700
2026-06-17,ETN,408.6346130371094,2242500
2026-06-18,ETN,420.7348327636719,3715600
2026-06-22,ETN,434.71044921875,2571500
2026-06-23,ETN,404.2853088378906,2459000
2026-06-24,ETN,403.59698486328125,2397000
2026-06-25,ETN,418.8394775390625,1896100
2026-06-26,ETN,401.6916809082031,5273200
2026-06-29,ETN,407.25799560546875,2201100
2026-06-30,ETN,425.07415771484375,2537600
2026-07-01,ETN,411.29803466796875,2379600
2026-07-02,ETN,397.5418701171875,2601600
2026-07-06,ETN,412.40533447265625,1764800
2026-07-07,ETN,394.7088623046875,2330000
2026-07-08,ETN,398.579345703125,1754200
2026-07-09,ETN,404.8339538574219,1706200
2026-07-10,ETN,406.2803955078125,1404000
2026-07-13,ETN,401.86126708984375,1682900
2026-07-14,ETN,414.5001525878906,1918200
2026-07-15,ETN,411.8466796875,1946000
2026-07-16,ETN,395.2973937988281,3239100
2026-07-17,ETN,399.0082702636719,2650000
2026-07-20,ETN,400.4248046875,1650900
2026-07-21,ETN,401.9610290527344,1883600
2026-07-22,ETN,405.91131591796875,1770900
2026-07-23,ETN,414.11114501953125,1828100
2026-07-24,ETN,403.0782775878906,1564100
2026-07-27,ETN,397.66162109375,2138900
2026-07-28,ETN,385.3119812011719,2963500
2026-07-29,ETN,360.9918212890625,4513900
2026-07-30,ETN,385.9404602050781,3897300
2026-07-31,ETN,414.18096923828125,4550700
2026-08-03,ETN,437.1544494628906,3635400
2026-08-04,ETN,443.6783752441406,3028300
2026-08-05,ETN,446.1822204589844,2178300
2026-08-06,ETN,447.0899963378906,1753600
2026-08-07,ETN,448.67999267578125,1721700
2026-08-10,ETN,444.9599914550781,1394600
2026-08-11,ETN,459.2900085449219,1840300
2026-08-12,ETN,459.9599914550781,1663000
2026-08-13,ETN,453.3299865722656,1565100
2026-08-14,ETN,451.510009765625,1401000
2026-08-17,ETN,455.3999938964844,1605300
2026-08-18,ETN,431.3299865722656,2120700
2026-08-19,ETN,424.6700134277344,1748600
2026-08-20,ETN,415.2900085449219,1684300
2026-08-21,ETN,419.20001220703125,1749400
2026-08-24,ETN,408.6700134277344,1573400
2026-08-25,ETN,409.20001220703125,1521400
2026-08-26,ETN,419.44000244140625,1792900
2026-08-27,ETN,416.0400085449219,1621800
2026-08-28,ETN,402.7799987792969,1822900
2026-08-31,ETN,401.8800048828125,2165900
2026-09-01,ETN,390.7099914550781,2022300
2026-09-02,ETN,390.8500061035156,1631100
2026-09-03,ETN,397.1199951171875,1476800
2026-09-04,ETN,410.8500061035156,1889700
2026-09-08,ETN,422.1300048828125,2035200
2026-09-09,ETN,415.2200012207031,1775100
2026-09-10,ETN,409.1499938964844,1529300
2026-09-11,ETN,425.3699951171875,1630700
2026-09-14,ETN,393.1600036621094,3188400
2026-09-15,ETN,392.3999938964844,2689300
2026-09-16,ETN,397.79998779296875,1810600
2026-09-17,ETN,409.4599914550781,2602500
2026-09-18,ETN,424.7699890136719,4612300
2026-09-21,ETN,435.42999267578125,2194500
2026-09-23,ETN,438.760009765625,1787100
2026-09-24,ETN,440.0,1362000
2025-09-25,HYG,76.27718353271484,33509900
2025-09-26,HYG,76.4280014038086,31046800
2025-09-29,HYG,76.55996704101562,28558500
2025-09-30,HYG,76.53170013427734,54970300
2025-10-01,HYG,76.67471313476562,58042600
2025-10-02,HYG,76.64630889892578,33348900
2025-10-03,HYG,76.5610580444336,35109200
2025-10-06,HYG,76.58000946044922,29485100
2025-10-07,HYG,76.49476623535156,27672300
2025-10-08,HYG,76.38111877441406,34932200
2025-10-09,HYG,76.16329193115234,65586700
2025-10-10,HYG,75.7181625366211,83840400
2025-10-13,HYG,76.19169616699219,31926800
2025-10-14,HYG,76.27693176269531,63860100
2025-10-15,HYG,76.5231704711914,59802200
2025-10-16,HYG,76.24853515625,75725200
2025-10-17,HYG,76.44741821289062,70044200
2025-10-20,HYG,76.59893798828125,43762300
2025-10-21,HYG,76.48529052734375,45418100
2025-10-22,HYG,76.4095230102539,50698600
2025-10-23,HYG,76.58000946044922,37962400
2025-10-24,HYG,76.7883529663086,39905600
2025-10-27,HYG,76.9777603149414,36495000
2025-10-28,HYG,76.90198516845703,31591400
2025-10-29,HYG,76.66524505615234,51827100
2025-10-30,HYG,76.5231704711914,39967300
2025-10-31,HYG,76.5231704711914,45044600
2025-11-03,HYG,76.28519439697266,54615100
2025-11-04,HYG,76.29470825195312,49705000
2025-11-05,HYG,76.37085723876953,42273700
2025-11-06,HYG,76.39942932128906,46629200
2025-11-07,HYG,76.46605682373047,47233800
2025-11-10,HYG,76.72307586669922,51875200
2025-11-11,HYG,76.8087387084961,17001100
2025-11-12,HYG,76.65644836425781,43962900
2025-11-13,HYG,76.3423080444336,53631300
2025-11-14,HYG,76.36133575439453,40853500
2025-11-17,HYG,76.23760223388672,42954200
2025-11-18,HYG,76.25663757324219,44098700
2025-11-19,HYG,76.29470825195312,33510100
2025-11-20,HYG,76.24711608886719,65471200
2025-11-21,HYG,76.50413513183594,62331700
2025-11-24,HYG,76.71354675292969,38964900
2025-11-25,HYG,76.98008728027344,56524800
2025-11-26,HYG,77.05624389648438,27454800
2025-11-28,HYG,77.09432220458984,29430800
2025-12-01,HYG,76.95565795898438,45274800
2025-12-02,HYG,77.09910583496094,38842600
2025-12-03,HYG,77.16604614257812,35019100
2025-12-04,HYG,77.2234115600586,34777400
2025-12-05,HYG,77.2234115600586,30486800
2025-12-08,HYG,77.03215026855469,43160800
2025-12-09,HYG,76.94609069824219,30558800
2025-12-10,HYG,77.20429229736328,53052100
2025-12-11,HYG,77.19474029541016,44546400
2025-12-12,HYG,77.05127716064453,45566100
2025-12-15,HYG,77.08952331542969,28983600
2025-12-16,HYG,77.13735961914062,27908000
2025-12-17,HYG,77.04171752929688,36999700
2025-12-18,HYG,77.25210571289062,52680500
2025-12-19,HYG,77.21463012695312,34413300
2025-12-22,HYG,77.2818832397461,37203900
2025-12-23,HYG,77.33954620361328,24341800
2025-12-24,HYG,77.48367309570312,10533500
2025-12-26,HYG,77.44524383544922,10922900
2025-12-29,HYG,77.47406768798828,22012700
2025-12-30,HYG,77.55093383789062,20146700
2025-12-31,HYG,77.47406768798828,17457100
2026-01-02,HYG,77.51250457763672,28403300
2026-01-05,HYG,77.71427154541016,38563200
2026-01-06,HYG,77.73350524902344,31721500
2026-01-07,HYG,77.71427154541016,27022700
2026-01-08,HYG,77.77192687988281,33516900
2026-01-09,HYG,77.82958221435547,31849200
2026-01-12,HYG,77.8680191040039,23983600
2026-01-13,HYG,77.8680191040039,27607400
2026-01-14,HYG,77.8680191040039,42994000
2026-01-15,HYG,77.8680191040039,30412400
2026-01-16,HYG,77.91605377197266,52466300
2026-01-20,HYG,77.71427154541016,38653400
2026-01-21,HYG,77.94488525390625,42023500
2026-01-22,HYG,78.0025405883789,35231900
2026-01-23,HYG,77.964111328125,38360500
2026-01-26,HYG,78.0025405883789,27027500
2026-01-27,HYG,77.99293518066406,22961500
2026-01-28,HYG,77.8680191040039,35559200
2026-01-29,HYG,77.85840606689453,38201600
2026-01-30,HYG,77.94488525390625,59848000
2026-02-02,HYG,77.99219512939453,42890700
2026-02-03,HYG,77.94392395019531,49372700
2026-02-04,HYG,77.84736633300781,42829400
2026-02-05,HYG,77.76045989990234,75554200
2026-02-06,HYG,78.03081512451172,40915900
2026-02-09,HYG,78.13704681396484,33716900
2026-02-10,HYG,78.0597915649414,37886100
2026-02-11,HYG,78.05013275146484,27272300
2026-02-12,HYG,78.01152038574219,48457000
2026-02-13,HYG,78.0694351196289,36612400
2026-02-17,HYG,78.03081512451172,35682000
2026-02-18,HYG,78.12738037109375,33943100
2026-02-19,HYG,78.1563491821289,29531000
2026-02-20,HYG,78.21429443359375,37959800
2026-02-23,HYG,78.08876037597656,33666000
2026-02-24,HYG,78.03081512451172,54979900
2026-02-25,HYG,78.13704681396484,29428200
2026-02-26,HYG,78.0694351196289,54533600
2026-02-27,HYG,77.94392395019531,62450000
2026-03-02,HYG,77.89928436279297,74327000
2026-03-03,HYG,77.7440414428711,118126800
2026-03-04,HYG,78.0157241821289,58694100
2026-03-05,HYG,77.70521545410156,79841000
2026-03-06,HYG,77.3267822265625,82125600
2026-03-09,HYG,77.79254150390625,88695000
2026-03-10,HYG,77.66639709472656,67499600
2026-03-11,HYG,77.49173736572266,59983500
2026-03-12,HYG,76.99686431884766,68674300
2026-03-13,HYG,76.851318359375,68652900
2026-03-16,HYG,77.0938949584961,57535600
2026-03-17,HYG,77.44322204589844,47967800
2026-03-18,HYG,77.0453872680664,50281900
2026-03-19,HYG,77.29767608642578,103981600
2026-03-20,HYG,76.5796127319336,109084800
2026-03-23,HYG,77.08419799804688,79015800
2026-03-24,HYG,76.82219696044922,71941600
2026-03-25,HYG,77.06478881835938,49917700
2026-03-26,HYG,76.5796127319336,74979300
2026-03-27,HYG,76.38555145263672,68174300
2026-03-30,HYG,76.4728775024414,55210700
2026-03-31,HYG,77.20063018798828,101521300
2026-04-01,HYG,77.38980865478516,69789200
2026-04-02,HYG,77.57505798339844,53828200
2026-04-06,HYG,77.7115707397461,37098300
2026-04-07,HYG,77.73107147216797,47264100
2026-04-08,HYG,78.18933868408203,58556400
2026-04-09,HYG,78.27709197998047,45207500
2026-04-10,HYG,77.96508026123047,33005600
2026-04-13,HYG,78.25759887695312,38561400
2026-04-14,HYG,78.4916000366211,42038000
2026-04-15,HYG,78.45259857177734,47834900
2026-04-16,HYG,78.34534454345703,37743400
2026-04-17,HYG,78.63787078857422,61651600
2026-04-20,HYG,78.56961059570312,21104400
2026-04-21,HYG,78.3648452758789,58623500
2026-04-22,HYG,78.4916000366211,28004500
2026-04-23,HYG,78.3648452758789,49921700
2026-04-24,HYG,78.47211456298828,33626300
2026-04-27,HYG,78.5013656616211,24643700
2026-04-28,HYG,78.39409637451172,36382400
2026-04-29,HYG,78.1308364868164,56809400
2026-04-30,HYG,78.37459564208984,51626100
2026-05-01,HYG,78.47163391113281,43740400
2026-05-04,HYG,78.21678924560547,35069300
2026-05-05,HYG,78.33440399169922,26357900
2026-05-06,HYG,78.56964874267578,38323100
2026-05-07,HYG,78.27559661865234,44772900
2026-05-08,HYG,78.550048828125,29715200
2026-05-11,HYG,78.39321899414062,34366600
2026-05-12,HYG,78.28540802001953,37418900
2026-05-13,HYG,78.3246078491211,33257100
2026-05-14,HYG,78.26580047607422,27235600
2026-05-15,HYG,77.88353729248047,54466000
2026-05-18,HYG,77.96195220947266,38596100
2026-05-19,HYG,77.77571868896484,42904700
2026-05-20,HYG,78.27559661865234,58906300
2026-05-21,HYG,78.31480407714844,37584600
2026-05-22,HYG,78.3246078491211,22429400
2026-05-26,HYG,78.5892562866211,30406100
2026-05-27,HYG,78.54024505615234,22523800
2026-05-28,HYG,78.63826751708984,32001600
2026-05-29,HYG,78.71665954589844,39142200
2026-06-01,HYG,78.65657043457031,32671000
2026-06-02,HYG,78.71568298339844,25237500
2026-06-03,HYG,78.49894714355469,28203400
2026-06-04,HYG,78.64672088623047,22697900
2026-06-05,HYG,78.25265502929688,46035600
2026-06-08,HYG,78.36102294921875,25217800
2026-06-09,HYG,78.4398422241211,34705500
2026-06-10,HYG,78.29206085205078,30345200
2026-06-11,HYG,78.75509643554688,55089500
2026-06-12,HYG,78.75509643554688,29873300
2026-06-15,HYG,78.85360717773438,32019600
2026-06-16,HYG,78.84375762939453,24471900
2026-06-17,HYG,78.5482177734375,47184800
2026-06-18,HYG,78.82405853271484,41111700
2026-06-22,HYG,78.75509643554688,26479500
2026-06-23,HYG,78.6861343383789,29811300
2026-06-24,HYG,78.66642761230469,38841000
2026-06-25,HYG,78.69598388671875,29322400
2026-06-26,HYG,78.64672088623047,27647500
2026-06-29,HYG,78.82405853271484,37325700
2026-06-30,HYG,78.78465270996094,38103900
2026-07-01,HYG,78.77375793457031,38152300
2026-07-02,HYG,78.89252471923828,26111800
2026-07-06,HYG,79.05089569091797,25159400
2026-07-07,HYG,78.94202423095703,28558300
2026-07-08,HYG,78.84304809570312,30771300
2026-07-09,HYG,78.93212127685547,21882200
2026-07-10,HYG,78.89252471923828,24550300
2026-07-13,HYG,78.70448303222656,32133300
2026-07-14,HYG,78.86283874511719,28248700
2026-07-15,HYG,78.99150085449219,26948800
2026-07-16,HYG,78.98160552978516,22780300
2026-07-17,HYG,78.83314514160156,42020100
2026-07-20,HYG,78.86283874511719,19767900
2026-07-21,HYG,78.83314514160156,27198800
2026-07-22,HYG,78.70448303222656,24851700
2026-07-23,HYG,78.4174575805664,52554200
2026-07-24,HYG,78.4174575805664,41964600
2026-07-27,HYG,78.45703887939453,28939800
2026-07-28,HYG,78.60550689697266,33698300
2026-07-29,HYG,78.42735290527344,53074500
2026-07-30,HYG,78.65499114990234,30570700
2026-07-31,HYG,78.6648941040039,38659800
2026-08-03,HYG,78.87772369384766,30860100
2026-08-04,HYG,79.11642456054688,46524700
2026-08-05,HYG,79.08657836914062,25771800
2026-08-06,HYG,79.02690887451172,25818200
2026-08-07,HYG,79.17609405517578,23459400
2026-08-10,HYG,79.04680633544922,30292400
2026-08-11,HYG,79.0766372680664,17988300
2026-08-12,HYG,79.17609405517578,25243300
2026-08-13,HYG,79.35511016845703,28659200
2026-08-14,HYG,79.27554321289062,26611000
2026-08-17,HYG,79.17609405517578,22620500
2026-08-18,HYG,79.09652709960938,29462900
2026-08-19,HYG,79.27554321289062,29670000
2026-08-20,HYG,79.12635803222656,41762500
2026-08-21,HYG,79.17609405517578,37545400
2026-08-24,HYG,79.26559448242188,20714600
2026-08-25,HYG,79.4843978881836,29540300
2026-08-26,HYG,79.46451568603516,28585000
2026-08-27,HYG,79.43467712402344,32490100
2026-08-28,HYG,79.30538177490234,35134500
2026-08-31,HYG,79.375,36481400
2026-09-01,HYG,79.0999984741211,48867800
2026-09-02,HYG,79.11000061035156,34409100
2026-09-03,HYG,79.20999908447266,23037600
2026-09-04,HYG,79.16000366210938,25350900
2026-09-08,HYG,79.12000274658203,27470400
2026-09-09,HYG,78.9800033569336,31651700
2026-09-10,HYG,78.62000274658203,53424500
2026-09-11,HYG,78.5999984741211,38955300
2026-09-14,HYG,78.52999877929688,44071500
2026-09-15,HYG,78.37999725341797,42245600
2026-09-16,HYG,78.41999816894531,48625900
2026-09-17,HYG,78.72000122070312,45356000
2026-09-18,HYG,78.52999877929688,34871100
2026-09-21,HYG,78.68000030517578,44495800
2026-09-23,HYG,78.0999984741211,68957400
2026-09-24,HYG,77.88999938964844,74913300
2025-09-25,AVGO,333.6194763183594,21678200
2025-09-26,AVGO,332.06103515625,15464700
2025-09-29,AVGO,325.4799499511719,21336000
2025-09-30,AVGO,327.47509765625,20109500
2025-10-01,AVGO,330.929443359375,21122700
2025-10-02,AVGO,335.68408203125,19917600
2025-10-03,AVGO,335.8726806640625,14749100
2025-10-06,AVGO,333.0139465332031,18465700
2025-10-07,AVGO,333.9271545410156,18086700
2025-10-08,AVGO,342.9500427246094,21478300
2025-10-09,AVGO,342.47357177734375,17643700
2025-10-10,AVGO,322.23406982421875,28941000
2025-10-13,AVGO,354.0674133300781,45984300
2025-10-14,AVGO,341.5901794433594,22078000
2025-10-15,AVGO,348.7370300292969,23918500
2025-10-16,AVGO,351.53619384765625,20317200
2025-10-17,AVGO,346.75177001953125,20937900
2025-10-20,AVGO,346.6624755859375,15640200
2025-10-21,AVGO,340.1310119628906,16092600
2025-10-22,AVGO,337.7884216308594,19268800
2025-10-23,AVGO,341.7489929199219,12859200
2025-10-24,AVGO,351.516357421875,16143700
2025-10-27,AVGO,359.37786865234375,20065800
2025-10-28,AVGO,370.2173156738281,21056000
2025-10-29,AVGO,383.13128662109375,24975200
2025-10-30,AVGO,373.69146728515625,24295300
2025-10-31,AVGO,366.9019775390625,21598400
2025-11-03,AVGO,359.87420654296875,17198900
2025-11-04,AVGO,349.342529296875,24047500
2025-11-05,AVGO,356.3305969238281,17087600
2025-11-06,AVGO,352.9656066894531,19896900
2025-11-07,AVGO,346.8510437011719,21903200
2025-11-10,AVGO,355.7449645996094,16409000
2025-11-11,AVGO,349.3623962402344,16446800
2025-11-12,AVGO,352.59832763671875,12190500
2025-11-13,AVGO,337.4707946777344,22616600
2025-11-14,AVGO,339.9324951171875,18500800
2025-11-17,AVGO,340.12109375,14799600
2025-11-18,AVGO,337.9869689941406,21726800
2025-11-19,AVGO,351.8042297363281,21851900
2025-11-20,AVGO,344.26031494140625,28867000
2025-11-21,AVGO,337.689208984375,30280300
2025-11-24,AVGO,375.17047119140625,47262400
2025-11-25,AVGO,382.18829345703125,33507600
2025-11-26,AVGO,394.6357727050781,28693000
2025-11-28,AVGO,399.9859619140625,13365500
2025-12-01,AVGO,383.2305603027344,23252000
2025-12-02,AVGO,378.7538757324219,22207000
2025-12-03,AVGO,377.8009338378906,21336400
2025-12-04,AVGO,378.2178649902344,15845900
2025-12-05,AVGO,387.35986328125,24779900
2025-12-08,AVGO,398.1397399902344,30410600
2025-12-09,AVGO,403.29144287109375,24546000
2025-12-10,AVGO,409.922119140625,31531000
2025-12-11,AVGO,403.37078857421875,45681600
2025-12-12,AVGO,357.2735595703125,95588500
2025-12-15,AVGO,337.30206298828125,65894900
2025-12-16,AVGO,338.78106689453125,58061100
2025-12-17,AVGO,323.6138610839844,73300900
2025-12-18,AVGO,327.4453430175781,54501900
2025-12-19,AVGO,337.8479919433594,159095200
2025-12-22,AVGO,339.5784606933594,28739600
2025-12-23,AVGO,347.4053039550781,28232600
2025-12-24,AVGO,348.3004150390625,11424400
2025-12-26,AVGO,350.1999206542969,15028100
2025-12-29,AVGO,347.4749450683594,21946900
2025-12-30,AVGO,347.93243408203125,16633600
2025-12-31,AVGO,344.2029724121094,15346100
2026-01-02,AVGO,345.714599609375,25398600
2026-01-05,AVGO,341.5376892089844,31136000
2026-01-06,AVGO,341.8857421875,27135500
2026-01-07,AVGO,341.6172180175781,20249300
2026-01-08,AVGO,330.6576232910156,24385200
2026-01-09,AVGO,343.0791931152344,22482500
2026-01-12,AVGO,350.27947998046875,20949600
2026-01-13,AVGO,352.6663513183594,18308000
2026-01-14,AVGO,338.02703857421875,30094700
2026-01-15,AVGO,341.1398620605469,22218800
2026-01-16,AVGO,349.7822265625,31291200
2026-01-20,AVGO,330.7769470214844,32293900
2026-01-21,AVGO,326.9977722167969,32006600
2026-01-22,AVGO,323.7059020996094,24275400
2026-01-23,AVGO,318.2957458496094,30259500
2026-01-26,AVGO,323.0694274902344,25006400
2026-01-27,AVGO,330.9659118652344,25537600
2026-01-28,AVGO,331.4134216308594,23001700
2026-01-29,AVGO,328.917236328125,20447500
2026-01-30,AVGO,329.4841003417969,28313000
2026-02-02,AVGO,329.29510498046875,17278200
2026-02-03,AVGO,318.57421875,36914800
2026-02-04,AVGO,306.3614807128906,43330300
2026-02-05,AVGO,308.80804443359375,42775800
2026-02-06,AVGO,331.09521484375,33003400
2026-02-09,AVGO,342.0548095703125,30091000
2026-02-10,AVGO,338.573974609375,19542700
2026-02-11,AVGO,340.88128662109375,17004700
2026-02-12,AVGO,329.3548278808594,22007300
2026-02-13,AVGO,323.3876953125,18397200
2026-02-17,AVGO,330.71728515625,23469700
2026-02-18,AVGO,331.6819763183594,13565300
2026-02-19,AVGO,332.1593322753906,15180900
2026-02-20,AVGO,330.8266906738281,17658900
2026-02-23,AVGO,328.52935791015625,16472400
2026-02-24,AVGO,323.7059020996094,23614400
2026-02-25,AVGO,330.4885559082031,20182300
2026-02-26,AVGO,319.9367370605469,33025300
2026-02-27,AVGO,317.7984924316406,28004200
2026-03-02,AVGO,317.072509765625,20567200
2026-03-03,AVGO,312.11981201171875,20826200
2026-03-04,AVGO,315.7895812988281,34895800
2026-03-05,AVGO,330.9460144042969,57076600
2026-03-06,AVGO,328.6686096191406,39152200
2026-03-09,AVGO,343.8548583984375,40605800
2026-03-10,AVGO,340.7022399902344,29531700
2026-03-11,AVGO,339.69781494140625,20104100
2026-03-12,AVGO,334.1285095214844,21982700
2026-03-13,AVGO,320.3941955566406,34725000
2026-03-16,AVGO,323.1390686035156,31363100
2026-03-17,AVGO,319.5488586425781,38026500
2026-03-18,AVGO,314.1983337402344,25460600
2026-03-19,AVGO,318.0868835449219,23524800
2026-03-20,AVGO,308.80804443359375,43325900
2026-03-23,AVGO,321.41510009765625,27369200
2026-03-24,AVGO,317.20941162109375,19799000
2026-03-25,AVGO,317.7276611328125,19900000
2026-03-26,AVGO,308.3695373535156,20343700
2026-03-27,AVGO,299.6592102050781,23593900
2026-03-30,AVGO,292.41387939453125,28054500
2026-03-31,AVGO,308.4592590332031,29289500
2026-04-01,AVGO,312.42572021484375,19171000
2026-04-02,AVGO,313.48211669921875,14021100
2026-04-06,AVGO,313.3625183105469,12111300
2026-04-07,AVGO,332.836181640625,33310900
2026-04-08,AVGO,349.43963623046875,31573100
2026-04-09,AVGO,353.7051086425781,20514900
2026-04-10,AVGO,370.28857421875,29958100
2026-04-13,AVGO,378.4607849121094,24115800
2026-04-14,AVGO,379.48724365234375,24423000
2026-04-15,AVGO,395.3731384277344,29559300
2026-04-16,AVGO,397.1172180175781,18872900
2026-04-17,AVGO,405.15985107421875,20581700
2026-04-20,AVGO,398.27325439453125,16922000
2026-04-21,AVGO,400.8046569824219,16275500
2026-04-22,AVGO,421.2151184082031,23702500
2026-04-23,AVGO,418.51434326171875,19501600
2026-04-24,AVGO,421.32476806640625,22491100
2026-04-27,AVGO,416.7802429199219,17451600
2026-04-28,AVGO,398.47259521484375,25519200
2026-04-29,AVGO,404.0735168457031,15962500
2026-04-30,AVGO,416.0128479003906,21821600
2026-05-01,AVGO,419.8497619628906,11882600
2026-05-04,AVGO,415.08599853515625,15140400
2026-05-05,AVGO,425.90911865234375,21175200
2026-05-06,AVGO,423.99566650390625,20707000
2026-05-07,AVGO,411.1593933105469,22791700
2026-05-08,AVGO,428.5401611328125,22561400
2026-05-11,AVGO,426.9754943847656,16825500
2026-05-12,AVGO,417.8764953613281,19004300
2026-05-13,AVGO,415.3750305175781,16981200
2026-05-14,AVGO,438.29693603515625,19733800
2026-05-15,AVGO,423.7464904785156,18957100
2026-05-18,AVGO,419.2817077636719,17863300
2026-05-19,AVGO,409.6744384765625,20652100
2026-05-20,AVGO,416.34173583984375,16312600
2026-05-21,AVGO,413.1625671386719,16865300
2026-05-22,AVGO,412.7340393066406,14086400
2026-05-26,AVGO,420.57733154296875,22562900
2026-05-27,AVGO,420.4277648925781,17601000
2026-05-28,AVGO,425.13177490234375,17855600
2026-05-29,AVGO,445.25323486328125,41798400
2026-06-01,AVGO,458.4084167480469,30586000
2026-06-02,AVGO,479.93511962890625,38306700
2026-06-03,AVGO,477.6030578613281,50126400
2026-06-04,AVGO,417.4878234863281,80979400
2026-06-05,AVGO,384.42047119140625,51146100
2026-06-08,AVGO,395.2535705566406,37099000
2026-06-09,AVGO,390.8286437988281,37026900
2026-06-10,AVGO,370.8367614746094,38193500
2026-06-11,AVGO,384.2610168457031,35187600
2026-06-12,AVGO,380.7729187011719,27600900
2026-06-15,AVGO,392.60260009765625,32394200
2026-06-16,AVGO,375.4310607910156,31573700
2026-06-17,AVGO,391.5661315917969,40005500
2026-06-18,AVGO,409.9534912109375,45076100
2026-06-22,AVGO,391.4172668457031,26403700
2026-06-23,AVGO,379.4590148925781,33122200
2026-06-24,AVGO,381.37554931640625,29938700
2026-06-25,AVGO,378.2212829589844,23353700
2026-06-26,AVGO,364.35650634765625,34839300
2026-06-29,AVGO,371.7730407714844,24285200
2026-06-30,AVGO,377.0633850097656,28517400
2026-07-01,AVGO,368.6686706542969,23712600
2026-07-02,AVGO,359.7948303222656,26749500
2026-07-06,AVGO,373.2203674316406,24544000
2026-07-07,AVGO,370.1060485839844,24116700
2026-07-08,AVGO,387.9834899902344,31624100
2026-07-09,AVGO,400.38092041015625,28074000
2026-07-10,AVGO,399.2430114746094,14595900
2026-07-13,AVGO,383.3519287109375,21294500
2026-07-14,AVGO,388.4027099609375,20118700
2026-07-15,AVGO,393.5633239746094,16324100
2026-07-16,AVGO,373.7694091796875,23407200
2026-07-17,AVGO,370.15594482421875,23272200
2026-07-20,AVGO,377.47265625,14420500
2026-07-21,AVGO,385.7974853515625,17291100
2026-07-22,AVGO,396.0887451171875,16966200
2026-07-23,AVGO,391.7566223144531,16348700
2026-07-24,AVGO,381.225830078125,15149400
2026-07-27,AVGO,382.5234375,18502100
2026-07-28,AVGO,380.2176513671875,20328400
2026-07-29,AVGO,369.64691162109375,21374400
2026-07-30,AVGO,387.1350402832031,23639800
2026-07-31,AVGO,388.5724182128906,20391000
2026-08-03,AVGO,391.51708984375,17315100
2026-08-04,AVGO,417.3999328613281,29564200
2026-08-05,AVGO,417.51971435546875,16880400
2026-08-06,AVGO,419.8055725097656,13907500
2026-08-07,AVGO,426.98248291015625,14698300
2026-08-10,AVGO,421.6322326660156,13854100
2026-08-11,AVGO,415.3236999511719,12882700
2026-08-12,AVGO,415.29376220703125,15859200
2026-08-13,AVGO,417.060546875,13180500
2026-08-14,AVGO,392.2756652832031,29513600
2026-08-17,AVGO,391.7167053222656,20042600
2026-08-18,AVGO,379.3092956542969,22878200
2026-08-19,AVGO,361.8211364746094,35091400
2026-08-20,AVGO,363.3683166503906,19729800
2026-08-21,AVGO,367.7803039550781,19037100
2026-08-24,AVGO,358.10791015625,18717200
2026-08-25,AVGO,356.091552734375,18014900
2026-08-26,AVGO,354.94366455078125,19196300
2026-08-27,AVGO,370.86468505859375,21330000
2026-08-28,AVGO,368.11968994140625,16596100
2026-08-31,AVGO,369.6668395996094,21948000
2026-09-01,AVGO,369.008056640625,19288900
2026-09-02,AVGO,366.5724792480469,38874600
2026-09-03,AVGO,356.51080322265625,60242600
2026-09-04,AVGO,357.24945068359375,32863300
2026-09-08,AVGO,367.89007568359375,30464900
2026-09-09,AVGO,363.7176818847656,25918200
2026-09-10,AVGO,360.17413330078125,23994300
2026-09-11,AVGO,361.33203125,21166900
2026-09-14,AVGO,344.0934143066406,32662800
2026-09-15,AVGO,338.6533203125,24783900
2026-09-16,AVGO,338.8929138183594,23152500
2026-09-17,AVGO,346.6687316894531,24389600
2026-09-18,AVGO,356.9599914550781,44032800
2026-09-21,AVGO,362.6600036621094,26498600
2026-09-22,AVGO,364.5400085449219,20570800
2026-09-23,AVGO,354.989990234375,23387700
2026-09-24,AVGO,350.3599853515625,20887100
2025-09-25,AMZN,218.14999389648438,52226300
2025-09-26,AMZN,219.77999877929688,41650100
2025-09-29,AMZN,222.1699981689453,44259200
2025-09-30,AMZN,219.57000732421875,48396400
2025-10-01,AMZN,220.6300048828125,43933800
2025-10-02,AMZN,222.41000366210938,41258600
2025-10-03,AMZN,219.50999450683594,43639000
2025-10-06,AMZN,220.89999389648438,43690900
2025-10-07,AMZN,221.77999877929688,31194700
2025-10-08,AMZN,225.22000122070312,46686000
2025-10-09,AMZN,227.74000549316406,46412100
2025-10-10,AMZN,216.3699951171875,72367500
2025-10-13,AMZN,220.07000732421875,37809700
2025-10-14,AMZN,216.38999938964844,45665600
2025-10-15,AMZN,215.57000732421875,45909500
2025-10-16,AMZN,214.47000122070312,42414600
2025-10-17,AMZN,213.0399932861328,45986900
2025-10-20,AMZN,216.47999572753906,38882800
2025-10-21,AMZN,222.02999877929688,50494600
2025-10-22,AMZN,217.9499969482422,44308500
2025-10-23,AMZN,221.08999633789062,31540000
2025-10-24,AMZN,224.2100067138672,38685100
2025-10-27,AMZN,226.97000122070312,38267000
2025-10-28,AMZN,229.25,47100000
2025-10-29,AMZN,230.3000030517578,52036200
2025-10-30,AMZN,222.86000061035156,102252900
2025-10-31,AMZN,244.22000122070312,166340800
2025-11-03,AMZN,254.0,95997800
2025-11-04,AMZN,249.32000732421875,51546300
2025-11-05,AMZN,250.1999969482422,40610700
2025-11-06,AMZN,243.0399932861328,46004200
2025-11-07,AMZN,244.41000366210938,46374300
2025-11-10,AMZN,248.39999389648438,36476500
2025-11-11,AMZN,249.10000610351562,23564100
2025-11-12,AMZN,244.1999969482422,31190100
2025-11-13,AMZN,237.5800018310547,41401700
2025-11-14,AMZN,234.69000244140625,38956700
2025-11-17,AMZN,232.8699951171875,59919000
2025-11-18,AMZN,222.5500030517578,60608400
2025-11-19,AMZN,222.69000244140625,58335600
2025-11-20,AMZN,217.13999938964844,50309000
2025-11-21,AMZN,220.69000244140625,68490500
2025-11-24,AMZN,226.27999877929688,54318400
2025-11-25,AMZN,229.6699981689453,39379300
2025-11-26,AMZN,229.16000366210938,38497900
2025-11-28,AMZN,233.22000122070312,20292300
2025-12-01,AMZN,233.8800048828125,42904000
2025-12-02,AMZN,234.4199981689453,45785400
2025-12-03,AMZN,232.3800048828125,35495100
2025-12-04,AMZN,229.11000061035156,45683200
2025-12-05,AMZN,229.52999877929688,33117400
2025-12-08,AMZN,226.88999938964844,35019200
2025-12-09,AMZN,227.9199981689453,25841700
2025-12-10,AMZN,231.77999877929688,38790700
2025-12-11,AMZN,230.27999877929688,28249600
2025-12-12,AMZN,226.19000244140625,35639100
2025-12-15,AMZN,222.5399932861328,47286100
2025-12-16,AMZN,222.55999755859375,39298900
2025-12-17,AMZN,221.27000427246094,44034400
2025-12-18,AMZN,226.75999450683594,50272400
2025-12-19,AMZN,227.35000610351562,85544400
2025-12-22,AMZN,228.42999267578125,32261300
2025-12-23,AMZN,232.13999938964844,29230200
2025-12-24,AMZN,232.3800048828125,11420500
2025-12-26,AMZN,232.52000427246094,15994700
2025-12-29,AMZN,232.07000732421875,19797900
2025-12-30,AMZN,232.52999877929688,21910500
2025-12-31,AMZN,230.82000732421875,24383700
2026-01-02,AMZN,226.5,51456200
2026-01-05,AMZN,233.05999755859375,49733300
2026-01-06,AMZN,240.92999267578125,53764700
2026-01-07,AMZN,241.55999755859375,42236500
2026-01-08,AMZN,246.2899932861328,39509800
2026-01-09,AMZN,247.3800048828125,34560000
2026-01-12,AMZN,246.47000122070312,35867800
2026-01-13,AMZN,242.60000610351562,38371800
2026-01-14,AMZN,236.64999389648438,41410600
2026-01-15,AMZN,238.17999267578125,43003600
2026-01-16,AMZN,239.1199951171875,45888300
2026-01-20,AMZN,231.0,47737900
2026-01-21,AMZN,231.30999755859375,47276100
2026-01-22,AMZN,234.33999633789062,31913300
2026-01-23,AMZN,239.16000366210938,33778500
2026-01-26,AMZN,238.4199981689453,32825500
2026-01-27,AMZN,244.67999267578125,38029200
2026-01-28,AMZN,243.00999450683594,40882700
2026-01-29,AMZN,241.72999572753906,47229600
2026-01-30,AMZN,239.3000030517578,46585000
2026-02-02,AMZN,242.9600067138672,37546100
2026-02-03,AMZN,238.6199951171875,53831300
2026-02-04,AMZN,232.99000549316406,51299900
2026-02-05,AMZN,222.69000244140625,103509200
2026-02-06,AMZN,210.32000732421875,179210900
2026-02-09,AMZN,208.72000122070312,91178400
2026-02-10,AMZN,206.9600067138672,67175000
2026-02-11,AMZN,204.0800018310547,65545500
2026-02-12,AMZN,199.60000610351562,83975400
2026-02-13,AMZN,198.7899932861328,66321600
2026-02-17,AMZN,201.14999389648438,69879200
2026-02-18,AMZN,204.7899932861328,51003300
2026-02-19,AMZN,204.86000061035156,35669600
2026-02-20,AMZN,210.11000061035156,65881600
2026-02-23,AMZN,205.27000427246094,53581500
2026-02-24,AMZN,208.55999755859375,41137200
2026-02-25,AMZN,210.63999938964844,41346400
2026-02-26,AMZN,207.9199981689453,47756800
2026-02-27,AMZN,210.0,57422800
2026-03-02,AMZN,208.38999938964844,46001000
2026-03-03,AMZN,208.72999572753906,43184900
2026-03-04,AMZN,216.82000732421875,54731100
2026-03-05,AMZN,218.94000244140625,60943400
2026-03-06,AMZN,213.2100067138672,51152700
2026-03-09,AMZN,213.49000549316406,54642900
2026-03-10,AMZN,214.3300018310547,35678800
2026-03-11,AMZN,212.64999389648438,34199300
2026-03-12,AMZN,209.52999877929688,44349500
2026-03-13,AMZN,207.6699981689453,35662100
2026-03-16,AMZN,211.74000549316406,42209300
2026-03-17,AMZN,215.1999969482422,44969900
2026-03-18,AMZN,209.8699951171875,37846600
2026-03-19,AMZN,208.75999450683594,36440600
2026-03-20,AMZN,205.3699951171875,63694600
2026-03-23,AMZN,210.13999938964844,44277400
2026-03-24,AMZN,207.24000549316406,35351400
2026-03-25,AMZN,211.7100067138672,36388800
2026-03-26,AMZN,207.5399932861328,46746000
2026-03-27,AMZN,199.33999633789062,56009800
2026-03-30,AMZN,200.9499969482422,46373800
2026-03-31,AMZN,208.27000427246094,58470100
2026-04-01,AMZN,210.57000732421875,45955400
2026-04-02,AMZN,209.77000427246094,31453000
2026-04-06,AMZN,212.7899932861328,25385500
2026-04-07,AMZN,213.77000427246094,28154600
2026-04-08,AMZN,221.25,51092700
2026-04-09,AMZN,233.64999389648438,65964200
2026-04-10,AMZN,238.3800048828125,56912800
2026-04-13,AMZN,239.88999938964844,42166200
2026-04-14,AMZN,249.02000427246094,72685000
2026-04-15,AMZN,248.5,43045200
2026-04-16,AMZN,249.6999969482422,41895700
2026-04-17,AMZN,250.55999755859375,52029300
2026-04-20,AMZN,248.27999877929688,39463100
2026-04-21,AMZN,249.91000366210938,42922400
2026-04-22,AMZN,255.36000061035156,36065100
2026-04-23,AMZN,255.0800018310547,39091400
2026-04-24,AMZN,263.989990234375,53777400
2026-04-27,AMZN,261.1199951171875,44906800
2026-04-28,AMZN,259.70001220703125,42204400
2026-04-29,AMZN,263.0400085449219,72367900
2026-04-30,AMZN,265.05999755859375,100974900
2026-05-01,AMZN,268.260009765625,50825200
2026-05-04,AMZN,272.04998779296875,49083700
2026-05-05,AMZN,273.54998779296875,41908500
2026-05-06,AMZN,274.989990234375,44552000
2026-05-07,AMZN,271.1700134277344,35892900
2026-05-08,AMZN,272.67999267578125,34732700
2026-05-11,AMZN,268.989990234375,38176700
2026-05-12,AMZN,265.82000732421875,36776200
2026-05-13,AMZN,270.1300048828125,39670900
2026-05-14,AMZN,267.2200012207031,31338400
2026-05-15,AMZN,264.1400146484375,40770300
2026-05-18,AMZN,264.8599853515625,33690800
2026-05-19,AMZN,259.3399963378906,40340700
2026-05-20,AMZN,265.010009765625,34933200
2026-05-21,AMZN,268.4599914550781,36591700
2026-05-22,AMZN,266.32000732421875,27535500
2026-05-26,AMZN,265.2900085449219,38028100
2026-05-27,AMZN,271.8500061035156,40061900
2026-05-28,AMZN,274.0,40630400
2026-05-29,AMZN,270.6400146484375,54749600
2026-06-01,AMZN,261.260009765625,53604400
2026-06-02,AMZN,256.5199890136719,41811000
2026-06-03,AMZN,250.02000427246094,51394200
2026-06-04,AMZN,253.7899932861328,35609800
2026-06-05,AMZN,246.02999877929688,55607800
2026-06-08,AMZN,245.22000122070312,33899500
2026-06-09,AMZN,244.19000244140625,44425400
2026-06-10,AMZN,238.0,38590200
2026-06-11,AMZN,241.50999450683594,41335400
2026-06-12,AMZN,238.5500030517578,51186600
2026-06-15,AMZN,246.02000427246094,41711600
2026-06-16,AMZN,246.0,35187400
2026-06-17,AMZN,237.5,44780800
2026-06-18,AMZN,244.38999938964844,75624400
2026-06-22,AMZN,232.7899932861328,68388500
2026-06-23,AMZN,234.11000061035156,60492600
2026-06-24,AMZN,234.27000427246094,70282600
2026-06-25,AMZN,227.00999450683594,77674100
2026-06-26,AMZN,232.69000244140625,248372100
2026-06-29,AMZN,240.13999938964844,77619200
2026-06-30,AMZN,238.33999633789062,66228300
2026-07-01,AMZN,241.6999969482422,53829900
2026-07-02,AMZN,242.6699981689453,48246400
2026-07-06,AMZN,244.16000366210938,40044000
2026-07-07,AMZN,245.97999572753906,40579600
2026-07-08,AMZN,243.6199951171875,29653000
2026-07-09,AMZN,247.0399932861328,38091700
2026-07-10,AMZN,245.33999633789062,31654000
2026-07-13,AMZN,247.30999755859375,34636100
2026-07-14,AMZN,247.49000549316406,30108100
2026-07-15,AMZN,254.9600067138672,45240600
2026-07-16,AMZN,249.88999938964844,45343700
2026-07-17,AMZN,247.22999572753906,43572400
2026-07-20,AMZN,249.99000549316406,32406500
2026-07-21,AMZN,247.5500030517578,27732100
2026-07-22,AMZN,244.85000610351562,34112700
2026-07-23,AMZN,233.66000366210938,47465300
2026-07-24,AMZN,232.11000061035156,35017400
2026-07-27,AMZN,231.38999938964844,34999500
2026-07-28,AMZN,230.86000061035156,44521600
2026-07-29,AMZN,226.64999389648438,44957500
2026-07-30,AMZN,235.5,101839800
2026-07-31,AMZN,271.5799865722656,129054800
2026-08-03,AMZN,284.0199890136719,90830200
2026-08-04,AMZN,277.4200134277344,69748100
2026-08-05,AMZN,272.6499938964844,45119800
2026-08-06,AMZN,272.260009765625,30672900
2026-08-07,AMZN,274.4800109863281,33861400
2026-08-10,AMZN,278.0899963378906,35731900
2026-08-11,AMZN,272.2699890136719,31895700
2026-08-12,AMZN,267.2799987792969,29941100
2026-08-13,AMZN,265.1300048828125,32170200
2026-08-14,AMZN,262.6499938964844,27251700
2026-08-17,AMZN,261.30999755859375,43896500
2026-08-18,AMZN,259.45001220703125,33171300
2026-08-19,AMZN,265.8399963378906,35762400
2026-08-20,AMZN,260.1099853515625,28374100
2026-08-21,AMZN,258.6300048828125,35723000
2026-08-24,AMZN,262.07000732421875,28070500
2026-08-25,AMZN,261.05999755859375,25550200
2026-08-26,AMZN,260.2799987792969,21528400
2026-08-27,AMZN,256.260009765625,35927800
2026-08-28,AMZN,266.42999267578125,49547400
2026-08-31,AMZN,259.7699890136719,46089400
2026-09-01,AMZN,254.9199981689453,31700100
2026-09-02,AMZN,254.97999572753906,24013300
2026-09-03,AMZN,258.8999938964844,26891500
2026-09-04,AMZN,258.510009765625,30749900
2026-09-08,AMZN,256.9700012207031,29398000
2026-09-09,AMZN,252.39999389648438,33055500
2026-09-10,AMZN,251.88999938964844,25484800
2026-09-11,AMZN,256.7799987792969,26724100
2026-09-14,AMZN,253.5399932861328,34352800
2026-09-15,AMZN,248.4199981689453,36275400
2026-09-16,AMZN,245.9600067138672,33488500
2026-09-17,AMZN,251.19000244140625,30438800
2026-09-18,AMZN,253.7100067138672,52274700
2026-09-21,AMZN,258.45001220703125,42979400
2026-09-22,AMZN,254.97999572753906,41982600
2026-09-23,AMZN,249.27000427246094,44209200
2026-09-24,AMZN,249.3800048828125,32986900
2025-09-25,AAPL,255.92459106445312,55202100
2025-09-26,AAPL,254.51980590820312,46076300
2025-09-29,AAPL,253.4936065673828,40127700
2025-09-30,AAPL,253.69287109375,37704300
2025-10-01,AAPL,254.5098419189453,48713900
2025-10-02,AAPL,256.1836853027344,42630200
2025-10-03,AAPL,257.07037353515625,49155600
2025-10-06,AAPL,255.7452850341797,44664100
2025-10-07,AAPL,255.53607177734375,31955800
2025-10-08,AAPL,257.1102600097656,36496900
2025-10-09,AAPL,253.1050262451172,38322000
2025-10-10,AAPL,244.3673095703125,61999100
2025-10-13,AAPL,246.74851989746094,38142900
2025-10-14,AAPL,246.85812377929688,35478000
2025-10-15,AAPL,248.4223175048828,33893600
2025-10-16,AAPL,246.53927612304688,39777000
2025-10-17,AAPL,251.36148071289062,49147000
2025-10-20,AAPL,261.27484130859375,90483000
2025-10-21,AAPL,261.8028869628906,46695900
2025-10-22,AAPL,257.4988098144531,45015300
2025-10-23,AAPL,258.6246032714844,32754900
2025-10-24,AAPL,261.85272216796875,38253700
2025-10-27,AAPL,267.8206787109375,44888200
2025-10-28,AAPL,268.00994873046875,41534800
2025-10-29,AAPL,268.7074279785156,51086700
2025-10-30,AAPL,270.4011535644531,69886500
2025-10-31,AAPL,269.37493896484375,86167100
2025-11-03,AAPL,268.0597839355469,50194600
2025-11-04,AAPL,269.0461730957031,49274800
2025-11-05,AAPL,269.14581298828125,43683100
2025-11-06,AAPL,268.7771301269531,51204000
2025-11-07,AAPL,267.48193359375,48227400
2025-11-10,AAPL,268.6985778808594,41312400
2025-11-11,AAPL,274.5028076171875,46208300
2025-11-12,AAPL,272.7276611328125,48398000
2025-11-13,AAPL,272.2090759277344,49602800
2025-11-14,AAPL,271.6705322265625,47431300
2025-11-17,AAPL,266.7339782714844,45018300
2025-11-18,AAPL,266.7139892578125,45677300
2025-11-19,AAPL,267.83099365234375,40424500
2025-11-20,AAPL,265.5272521972656,45823600
2025-11-21,AAPL,270.75299072265625,59030800
2025-11-24,AAPL,275.1710205078125,65585800
2025-11-25,AAPL,276.2181396484375,46914200
2025-11-26,AAPL,276.79656982421875,33431400
2025-11-28,AAPL,278.0930480957031,20135600
2025-12-01,AAPL,282.33148193359375,46587700
2025-12-02,AAPL,285.4131164550781,53669500
2025-12-03,AAPL,283.378662109375,43538700
2025-12-04,AAPL,279.93804931640625,43989100
2025-12-05,AAPL,278.0232238769531,47265800
2025-12-08,AAPL,277.1356506347656,38211800
2025-12-09,AAPL,276.42755126953125,32193300
2025-12-10,AAPL,278.0232238769531,33038300
2025-12-11,AAPL,277.2752380371094,33248000
2025-12-12,AAPL,277.52459716796875,39532900
2025-12-15,AAPL,273.3658752441406,50409100
2025-12-16,AAPL,273.8645324707031,37648600
2025-12-17,AAPL,271.1020812988281,50138700
2025-12-18,AAPL,271.45111083984375,51630700
2025-12-19,AAPL,272.9271545410156,144632000
2025-12-22,AAPL,270.23443603515625,36571800
2025-12-23,AAPL,271.62066650390625,29642000
2025-12-24,AAPL,273.06671142578125,17910600
2025-12-26,AAPL,272.6578369140625,21521800
2025-12-29,AAPL,273.0168762207031,23715200
2025-12-30,AAPL,272.33868408203125,22139600
2025-12-31,AAPL,271.12200927734375,27293600
2026-01-02,AAPL,270.27435302734375,37838100
2026-01-05,AAPL,266.5345458984375,45647200
2026-01-06,AAPL,261.64776611328125,52352100
2026-01-07,AAPL,259.6233215332031,48309800
2026-01-08,AAPL,258.33685302734375,50419300
2026-01-09,AAPL,258.6659240722656,39997000
2026-01-12,AAPL,259.54351806640625,45263800
2026-01-13,AAPL,260.34136962890625,45730800
2026-01-14,AAPL,259.25433349609375,40019400
2026-01-15,AAPL,257.5090637207031,39388600
2026-01-16,AAPL,254.83636474609375,72142800
2026-01-20,AAPL,246.0303192138672,80267500
2026-01-21,AAPL,246.97775268554688,54641700
2026-01-22,AAPL,247.67584228515625,39708300
2026-01-23,AAPL,247.36668395996094,41689000
2026-01-26,AAPL,254.7166748046875,55969200
2026-01-27,AAPL,257.56890869140625,49648300
2026-01-28,AAPL,255.74388122558594,41288000
2026-01-29,AAPL,257.578857421875,67253000
2026-01-30,AAPL,258.775634765625,92443400
2026-02-02,AAPL,269.2770690917969,73913400
2026-02-03,AAPL,268.7485046386719,64394700
2026-02-04,AAPL,275.73944091796875,90545700
2026-02-05,AAPL,275.1610107421875,52977400
2026-02-06,AAPL,277.36505126953125,50453400
2026-02-09,AAPL,274.13079833984375,44623400
2026-02-10,AAPL,273.19244384765625,34376900
2026-02-11,AAPL,275.00921630859375,51931300
2026-02-12,AAPL,261.2637634277344,81077200
2026-02-13,AAPL,255.32435607910156,56290700
2026-02-17,AAPL,263.4099426269531,58469100
2026-02-18,AAPL,263.8791198730469,34203300
2026-02-19,AAPL,260.11578369140625,30845300
2026-02-20,AAPL,264.1086730957031,42070500
2026-02-23,AAPL,265.705810546875,37308200
2026-02-24,AAPL,271.6552429199219,47014600
2026-02-25,AAPL,273.74151611328125,33714300
2026-02-26,AAPL,272.4637756347656,32345100
2026-02-27,AAPL,263.70941162109375,72366500
2026-03-02,AAPL,264.2484130859375,41827900
2026-03-03,AAPL,263.2801818847656,38568900
2026-03-04,AAPL,262.0523376464844,39803100
2026-03-05,AAPL,259.8263244628906,49658600
2026-03-06,AAPL,257.0013427734375,41120000
2026-03-09,AAPL,259.41705322265625,38218500
2026-03-10,AAPL,260.3653564453125,30590800
2026-03-11,AAPL,260.34539794921875,26218900
2026-03-12,AAPL,255.3043975830078,40794000
2026-03-13,AAPL,249.6744384765625,36930000
2026-03-16,AAPL,252.36964416503906,32074200
2026-03-17,AAPL,253.77711486816406,32361600
2026-03-18,AAPL,249.49476623535156,35757900
2026-03-19,AAPL,248.5165252685547,34864100
2026-03-20,AAPL,247.54823303222656,88331100
2026-03-23,AAPL,251.04200744628906,40546100
2026-03-24,AAPL,251.1917266845703,45152300
2026-03-25,AAPL,252.16998291015625,28476700
2026-03-26,AAPL,252.43951416015625,41796700
2026-03-27,AAPL,248.35679626464844,47900000
2026-03-30,AAPL,246.19065856933594,39446200
2026-03-31,AAPL,253.33790588378906,49598100
2026-04-01,AAPL,255.1746368408203,40059400
2026-04-02,AAPL,255.464111328125,31289400
2026-04-06,AAPL,258.39886474609375,29329900
2026-04-07,AAPL,253.0484161376953,62148000
2026-04-08,AAPL,258.4388122558594,41032800
2026-04-09,AAPL,260.0259704589844,28121600
2026-04-10,AAPL,260.0159912109375,31291500
2026-04-13,AAPL,258.73828125,36234700
2026-04-14,AAPL,258.3689270019531,48370700
2026-04-15,AAPL,265.95538330078125,49913500
2026-04-16,AAPL,262.9307861328125,43323100
2026-04-17,AAPL,269.7486267089844,61436200
2026-04-20,AAPL,272.5635681152344,36590200
2026-04-21,AAPL,265.69586181640625,50209800
2026-04-22,AAPL,272.68341064453125,43249200
2026-04-23,AAPL,272.9429016113281,33399600
2026-04-24,AAPL,270.5771179199219,38157100
2026-04-27,AAPL,267.1332702636719,41466800
2026-04-28,AAPL,270.2277526855469,40018900
2026-04-29,AAPL,269.688720703125,30047900
2026-04-30,AAPL,270.86663818359375,91848200
2026-05-01,AAPL,279.6409912109375,79915400
2026-05-04,AAPL,276.3368225097656,46668400
2026-05-05,AAPL,283.67376708984375,49311700
2026-05-06,AAPL,286.99786376953125,58336100
2026-05-07,AAPL,286.927978515625,45224300
2026-05-08,AAPL,292.7974853515625,52692800
2026-05-11,AAPL,292.42779541015625,42247300
2026-05-12,AAPL,294.54595947265625,45748100
2026-05-13,AAPL,298.6124572753906,52684300
2026-05-14,AAPL,297.9530334472656,35324900
2026-05-15,AAPL,299.9713134765625,54862800
2026-05-18,AAPL,297.5833435058594,34483000
2026-05-19,AAPL,298.7123718261719,42243600
2026-05-20,AAPL,301.98956298828125,38229800
2026-05-21,AAPL,304.7271728515625,42965100
2026-05-22,AAPL,308.55389404296875,43670200
2026-05-26,AAPL,308.0643005371094,48000500
2026-05-27,AAPL,310.5821533203125,50430900
2026-05-28,AAPL,312.24072265625,48220400
2026-05-29,AAPL,311.7911071777344,70026800
2026-06-01,AAPL,306.0460510253906,48849900
2026-06-02,AAPL,314.92840576171875,44534700
2026-06-03,AAPL,309.9926452636719,50836700
2026-06-04,AAPL,310.9618225097656,44869100
2026-06-05,AAPL,307.0751647949219,65310500
2026-06-08,AAPL,301.2801818847656,77949100
2026-06-09,AAPL,290.29962158203125,70108800
2026-06-10,AAPL,291.3287353515625,52793300
2026-06-11,AAPL,295.375244140625,42572500
2026-06-12,AAPL,290.879150390625,38742100
2026-06-15,AAPL,296.1645812988281,45732600
2026-06-16,AAPL,298.9821472167969,39874400
2026-06-17,AAPL,295.6949768066406,42745100
2026-06-18,AAPL,297.7532043457031,85962200
2026-06-22,AAPL,296.75408935546875,44879900
2026-06-23,AAPL,294.04638671875,52010900
2026-06-24,AAPL,292.8274230957031,53081900
2026-06-25,AAPL,274.91290283203125,107013700
2026-06-26,AAPL,283.53546142578125,261775500
2026-06-29,AAPL,281.4972229003906,66427000
2026-06-30,AAPL,289.11065673828125,65100200
2026-07-01,AAPL,294.1263427734375,50164200
2026-07-02,AAPL,308.3640441894531,75352800
2026-07-06,AAPL,312.3905944824219,53590000
2026-07-07,AAPL,310.3923034667969,42490000
2026-07-08,AAPL,313.1199645996094,41323500
2026-07-09,AAPL,315.947509765625,48124500
2026-07-10,AAPL,315.0483093261719,34132300
2026-07-13,AAPL,317.03656005859375,43257800
2026-07-14,AAPL,314.58868408203125,36336800
2026-07-15,AAPL,327.2178039550781,60957600
2026-07-16,AAPL,332.97283935546875,62970600
2026-07-17,AAPL,333.452392578125,63407100
2026-07-20,AAPL,326.3085632324219,53468000
2026-07-21,AAPL,327.45758056640625,41338900
2026-07-22,AAPL,325.60919189453125,38755900
2026-07-23,AAPL,321.3828430175781,40840800
2026-07-24,AAPL,332.7330322265625,47489400
2026-07-27,AAPL,336.61968994140625,49604300
2026-07-28,AAPL,339.78692626953125,51859000
2026-07-29,AAPL,337.8985900878906,56090800
2026-07-30,AAPL,333.1426696777344,74817800
2026-07-31,AAPL,308.6438293457031,132489100
2026-08-03,AAPL,303.1585693359375,75052000
2026-08-04,AAPL,309.1134033203125,68001000
2026-08-05,AAPL,310.7320251464844,49438800
2026-08-06,AAPL,312.14080810546875,46139900
2026-08-07,AAPL,313.05999755859375,34437200
2026-08-10,AAPL,308.260009765625,44812500
2026-08-11,AAPL,304.9100036621094,37476700
2026-08-12,AAPL,302.25,41657800
2026-08-13,AAPL,305.260009765625,40349300
2026-08-14,AAPL,305.92999267578125,28229400
2026-08-17,AAPL,305.5899963378906,38169300
2026-08-18,AAPL,310.0299987792969,53424500
2026-08-19,AAPL,316.8299865722656,50505600
2026-08-20,AAPL,311.29998779296875,40959200
2026-08-21,AAPL,309.3500061035156,46876800
2026-08-24,AAPL,310.3399963378906,34673600
2026-08-25,AAPL,309.8999938964844,25869800
2026-08-26,AAPL,313.45001220703125,34024500
2026-08-27,AAPL,314.5799865722656,32419200
2026-08-28,AAPL,319.70001220703125,38649400
2026-08-31,AAPL,316.8500061035156,41242700
2026-09-01,AAPL,325.1300048828125,53167400
2026-09-02,AAPL,324.9599914550781,33776400
2026-09-03,AAPL,328.2099914550781,37225800
2026-09-04,AAPL,319.9700012207031,39606900
2026-09-08,AAPL,316.2200012207031,35477100
2026-09-09,AAPL,315.3399963378906,65640000
2026-09-10,AAPL,326.57000732421875,70011900
2026-09-11,AAPL,332.2699890136719,50716900
2026-09-14,AAPL,333.0799865722656,39269100
2026-09-15,AAPL,331.3399963378906,31748200
2026-09-16,AAPL,332.4100036621094,35981000
2026-09-17,AAPL,337.0,36700200
2026-09-18,AAPL,336.1300048828125,86588200
2026-09-21,AAPL,338.9800109863281,34999200
2026-09-22,AAPL,339.75,40711800
2026-09-23,AAPL,337.0199890136719,31658800
2026-09-24,AAPL,335.9200134277344,24686400
2025-09-25,MU,156.5786895751953,32209200
2025-09-26,MU,157.01797485351562,24045000
2025-09-29,MU,163.63735961914062,26506500
2025-09-30,MU,167.0518798828125,20092500
2025-10-01,MU,181.85809326171875,41674800
2025-10-02,MU,183.45555114746094,25122200
2025-10-03,MU,187.64645385742188,29399300
2025-10-06,MU,190.7733917236328,36392300
2025-10-07,MU,185.508544921875,27828200
2025-10-08,MU,196.34793090820312,26833900
2025-10-09,MU,192.1420440673828,19721500
2025-10-10,MU,181.4225311279297,26990300
2025-10-13,MU,192.58163452148438,20928400
2025-10-14,MU,186.877197265625,15912400
2025-10-15,MU,191.75242614746094,17793100
2025-10-16,MU,202.3320770263672,42041300
2025-10-17,MU,202.18223571777344,23283100
2025-10-20,MU,206.5679473876953,23268400
2025-10-21,MU,202.09231567382812,13717300
2025-10-22,MU,198.2760467529297,21949800
2025-10-23,MU,206.50799560546875,19397900
2025-10-24,MU,218.8059844970703,25821800
2025-10-27,MU,219.8849334716797,23873100
2025-10-28,MU,221.69314575195312,14957500
2025-10-29,MU,226.40853881835938,23217300
2025-10-30,MU,223.79107666015625,14795100
2025-10-31,MU,223.55133056640625,16320000
2025-11-03,MU,234.47064208984375,21199300
2025-11-04,MU,217.81692504882812,23696200
2025-11-05,MU,237.2678985595703,28617400
2025-11-06,MU,238.0970916748047,32016800
2025-11-07,MU,237.6875,30613800
2025-11-10,MU,253.05245971679688,27870600
2025-11-11,MU,240.8743896484375,22622500
2025-11-12,MU,244.66065979003906,17263100
2025-11-13,MU,236.71844482421875,32324600
2025-11-14,MU,246.58877563476562,36171100
2025-11-17,MU,241.7135772705078,30304400
2025-11-18,MU,228.27670288085938,33843900
2025-11-19,MU,225.69923400878906,35256600
2025-11-20,MU,201.17320251464844,47420700
2025-11-21,MU,207.16734313964844,36679700
2025-11-24,MU,223.71116638183594,33052800
2025-11-25,MU,224.31057739257812,17441600
2025-11-26,MU,230.03497314453125,17817600
2025-11-28,MU,236.2489013671875,12914700
2025-12-01,MU,240.22503662109375,18238200
2025-12-02,MU,239.25596618652344,18166200
2025-12-03,MU,233.93118286132812,19188200
2025-12-04,MU,226.4285125732422,23513900
2025-12-05,MU,236.98818969726562,21161000
2025-12-08,MU,246.6787109375,20495400
2025-12-09,MU,252.17333984375,17067100
2025-12-10,MU,263.4522705078125,21960700
2025-12-11,MU,258.2074279785156,18867000
2025-12-12,MU,240.90435791015625,25936900
2025-12-15,MU,237.2678985595703,27483600
2025-12-16,MU,232.28277587890625,22577300
2025-12-17,MU,225.29962158203125,41957100
2025-12-18,MU,248.30711364746094,65006100
2025-12-19,MU,265.66015625,62312100
2025-12-22,MU,276.3197021484375,30961900
2025-12-23,MU,276.0000305175781,20767600
2025-12-24,MU,286.39984130859375,18592600
2025-12-26,MU,284.5116882324219,17878500
2025-12-29,MU,294.2011413574219,26642900
2025-12-30,MU,292.4621276855469,23056400
2025-12-31,MU,285.24627685546875,17573800
2026-01-02,MU,315.23907470703125,42604300
2026-01-05,MU,311.970947265625,34608600
2026-01-06,MU,343.23297119140625,48732400
2026-01-07,MU,339.355224609375,32781100
2026-01-08,MU,326.8323974609375,33897700
2026-01-09,MU,344.8920593261719,33387500
2026-01-12,MU,345.6716003417969,23152600
2026-01-13,MU,337.93603515625,23881300
2026-01-14,MU,333.1587829589844,20277200
2026-01-15,MU,336.4368896484375,25370200
2026-01-16,MU,362.54193115234375,47901900
2026-01-20,MU,364.7906494140625,49744900
2026-01-21,MU,388.88677978515625,56712800
2026-01-22,MU,397.3518981933594,39607600
2026-01-23,MU,399.4207458496094,35404200
2026-01-26,MU,388.8667907714844,29193900
2026-01-27,MU,410.0046691894531,36212100
2026-01-28,MU,435.03033447265625,42725700
2026-01-29,MU,435.5400390625,42675700
2026-01-30,MU,414.6419982910156,51022900
2026-02-02,MU,437.5488586425781,37771200
2026-02-03,MU,419.19940185546875,42763300
2026-02-04,MU,379.182373046875,58074900
2026-02-05,MU,382.6703796386719,38899500
2026-02-06,MU,394.4635925292969,37196000
2026-02-09,MU,383.2799987792969,31009600
2026-02-10,MU,373.035888671875,35433800
2026-02-11,MU,410.1046142578125,48475000
2026-02-12,MU,413.7325439453125,45639100
2026-02-13,MU,411.4238586425781,33807600
2026-02-17,MU,399.5506591796875,28549500
2026-02-18,MU,420.70855712890625,32306600
2026-02-19,MU,417.110595703125,21651300
2026-02-20,MU,427.92437744140625,29894900
2026-02-23,MU,420.7285461425781,25426600
2026-02-24,MU,417.7702331542969,33389200
2026-02-25,MU,428.75390625,27296300
2026-02-26,MU,415.3216247558594,35433500
2026-02-27,MU,412.1334533691406,28653900
2026-03-02,MU,412.43328857421875,30049200
2026-03-03,MU,379.46221923828125,39010900
2026-03-04,MU,400.5400695800781,32644900
2026-03-05,MU,396.8222351074219,29960100
2026-03-06,MU,370.08758544921875,34458800
2026-03-09,MU,389.0966796875,35547200
2026-03-10,MU,402.8787536621094,33745400
2026-03-11,MU,418.4498291015625,30191400
2026-03-12,MU,405.1174621582031,31720900
2026-03-13,MU,425.8855895996094,39261000
2026-03-16,MU,441.54656982421875,43067600
2026-03-17,MU,461.4251403808594,43017900
2026-03-18,MU,461.46514892578125,58973700
2026-03-19,MU,444.01513671875,74591900
2026-03-20,MU,422.65740966796875,64224900
2026-03-23,MU,404.1180419921875,54807300
2026-03-24,MU,395.3031311035156,44975100
2026-03-25,MU,381.8708190917969,55328700
2026-03-26,MU,355.256103515625,54515900
2026-03-27,MU,357.0151062011719,45806700
2026-03-30,MU,321.75048828125,73833200
2026-03-31,MU,337.7880554199219,73551800
2026-04-01,MU,367.7934265136719,74429800
2026-04-02,MU,366.18365478515625,51498700
2026-04-06,MU,377.701904296875,41414900
2026-04-07,MU,377.52191162109375,40224100
2026-04-08,MU,406.6674499511719,49216600
2026-04-09,MU,421.4451904296875,43101000
2026-04-10,MU,420.52532958984375,36377600
2026-04-13,MU,426.4944152832031,37015800
2026-04-14,MU,465.5884094238281,52534900
2026-04-15,MU,456.15985107421875,40370100
2026-04-16,MU,457.1596984863281,33626400
2026-04-17,MU,455.0000305175781,33405000
2026-04-20,MU,448.3510437011719,32013600
2026-04-21,MU,449.3109130859375,27734000
2026-04-22,MU,487.4050598144531,45998100
2026-04-23,MU,481.64593505859375,38178000
2026-04-24,MU,496.64361572265625,35379600
2026-04-27,MU,524.4793090820312,41298800
2026-04-28,MU,504.21246337890625,44816600
2026-04-29,MU,518.3803100585938,36248500
2026-04-30,MU,517.0804443359375,36554400
2026-05-01,MU,542.1266479492188,40215300
2026-05-04,MU,576.3613891601562,46043700
2026-05-05,MU,640.1015625,64268500
2026-05-06,MU,666.487548828125,55725800
2026-05-07,MU,646.5305786132812,47527500
2026-05-08,MU,746.6951293945312,65130900
2026-05-11,MU,795.2077026367188,70972900
2026-05-12,MU,766.462158203125,73743000
2026-05-13,MU,803.5064086914062,54875100
2026-05-14,MU,775.8906860351562,42142700
2026-05-15,MU,724.5485229492188,48519000
2026-05-18,MU,681.4351806640625,60042500
2026-05-19,MU,698.632568359375,61792100
2026-05-20,MU,731.87744140625,48827400
2026-05-21,MU,761.9827880859375,42461500
2026-05-22,MU,750.884521484375,36002900
2026-05-26,MU,895.7422485351562,76560800
2026-05-27,MU,928.2672119140625,72295700
2026-05-28,MU,923.3779907226562,49694300
2026-05-29,MU,970.8507080078125,60498600
2026-06-01,MU,1035.3408203125,46552100
2026-06-02,MU,1063.936279296875,47555400
2026-06-03,MU,1079.4039306640625,40324200
2026-06-04,MU,995.8468627929688,54917200
2026-06-05,MU,863.8771362304688,77250500
2026-06-08,MU,949.134033203125,54097800
2026-06-09,MU,935.74609375,73448600
2026-06-10,MU,891.7428588867188,55712600
2026-06-11,MU,995.7168579101562,59418900
2026-06-12,MU,981.4590454101562,40785200
2026-06-15,MU,1087.8226318359375,44994600
2026-06-16,MU,1020.60302734375,45499800
2026-06-17,MU,1043.029541015625,46149200
2026-06-18,MU,1133.8155517578125,64642500
2026-06-22,MU,1211.1937255859375,53140800
2026-06-23,MU,1051.6082763671875,60243300
2026-06-24,MU,1048.3487548828125,68935700
2026-06-25,MU,1213.3734130859375,82143900
2026-06-26,MU,1132.1558837890625,86405300
2026-06-29,MU,1145.1038818359375,60694100
2026-06-30,MU,1154.112548828125,42152600
2026-07-01,MU,1032.121337890625,51328100
2026-07-02,MU,975.4099731445312,61316900
2026-07-06,MU,984.75,37115800
2026-07-07,MU,938.3800048828125,52367500
2026-07-08,MU,948.7999877929688,42979000
2026-07-09,MU,991.6400146484375,41110700
2026-07-10,MU,979.2999877929688,31768100
2026-07-13,MU,937.0,35536200
2026-07-14,MU,983.1199951171875,30835200
2026-07-15,MU,904.280029296875,54779200
2026-07-16,MU,853.2000122070312,46718000
2026-07-17,MU,848.9500122070312,63346300
2026-07-20,MU,865.4600219726562,37705200
2026-07-21,MU,970.8200073242188,49369000
2026-07-22,MU,959.47998046875,31588600
2026-07-23,MU,990.2100219726562,40196300
2026-07-24,MU,920.9500122070312,40803100
2026-07-27,MU,900.2000122070312,47591200
2026-07-28,MU,820.530029296875,61039300
2026-07-29,MU,739.0,69846000
2026-07-30,MU,874.6599731445312,63075300
2026-07-31,MU,823.030029296875,54538600
2026-08-03,MU,829.5,42607100
2026-08-04,MU,892.6699829101562,37478600
2026-08-05,MU,893.1900024414062,34720300
2026-08-06,MU,881.469970703125,35784100
2026-08-07,MU,877.5700073242188,34568500
2026-08-10,MU,861.0,27818600
2026-08-11,MU,868.52001953125,29438300
2026-08-12,MU,911.2899780273438,36804900
2026-08-13,MU,949.8300170898438,36704700
2026-08-14,MU,971.6599731445312,27881100
2026-08-17,MU,1011.75,33430500
2026-08-18,MU,940.760009765625,37306000
2026-08-19,MU,937.1099853515625,26901900
2026-08-20,MU,974.3300170898438,25212200
2026-08-21,MU,966.780029296875,21823400
2026-08-24,MU,910.4299926757812,30012600
2026-08-25,MU,932.969970703125,19163200
2026-08-26,MU,938.4000244140625,18721700
2026-08-27,MU,935.3900146484375,28838500
2026-08-28,MU,932.8599853515625,22890100
2026-08-31,MU,958.72998046875,22569500
2026-09-01,MU,933.4400024414062,27762200
2026-09-02,MU,956.0800170898438,21440500
2026-09-03,MU,958.1599731445312,24175900
2026-09-04,MU,1016.5900268554688,35249500
2026-09-08,MU,1000.260009765625,26604900
2026-09-09,MU,1027.77001953125,23812000
2026-09-10,MU,977.4099731445312,26230400
2026-09-11,MU,975.260009765625,21740300
2026-09-14,MU,924.030029296875,27141900
2026-09-15,MU,927.5999755859375,20434700
2026-09-16,MU,926.5499877929688,20213000
2026-09-17,MU,977.5,22091600
2026-09-18,MU,1015.7999877929688,35803500
2026-09-21,MU,1043.9599609375,28174400
2026-09-22,MU,1096.1600341796875,29189700
2026-09-23,MU,1071.8800048828125,21572800
2026-09-24,MU,1080.530029296875,22001600
2025-09-25,LITE,159.11000061035156,4751700
2025-09-26,LITE,160.75,2310000
2025-09-29,LITE,162.5800018310547,2385200
2025-09-30,LITE,162.7100067138672,1709600
2025-10-01,LITE,171.39999389648438,3262200
2025-10-02,LITE,169.75,2194600
2025-10-03,LITE,163.80999755859375,3197400
2025-10-06,LITE,160.60000610351562,3114100
2025-10-07,LITE,157.14999389648438,2523900
2025-10-08,LITE,163.08999633789062,2258200
2025-10-09,LITE,159.75999450683594,1854400
2025-10-10,LITE,149.61000061035156,3375900
2025-10-13,LITE,160.55999755859375,2837900
2025-10-14,LITE,156.77999877929688,2444000
2025-10-15,LITE,156.57000732421875,2393300
2025-10-16,LITE,163.22999572753906,2608200
2025-10-17,LITE,164.77000427246094,2075300
2025-10-20,LITE,161.0,2675000
2025-10-21,LITE,162.9499969482422,2416700
2025-10-22,LITE,158.05999755859375,2407300
2025-10-23,LITE,168.5,2404400
2025-10-24,LITE,179.3000030517578,4055500
2025-10-27,LITE,193.8000030517578,5437800
2025-10-28,LITE,198.38999938964844,3168800
2025-10-29,LITE,214.27999877929688,6030200
2025-10-30,LITE,200.1300048828125,4242400
2025-10-31,LITE,201.55999755859375,3449900
2025-11-03,LITE,199.5800018310547,5246900
2025-11-04,LITE,188.36000061035156,5864300
2025-11-05,LITE,232.75,11152700
2025-11-06,LITE,239.67999267578125,7209900
2025-11-07,LITE,240.11000061035156,5621300
2025-11-10,LITE,259.8900146484375,7156800
2025-11-11,LITE,252.47000122070312,3518500
2025-11-12,LITE,253.80999755859375,4959800
2025-11-13,LITE,226.86000061035156,5436500
2025-11-14,LITE,232.14999389648438,4483900
2025-11-17,LITE,242.07000732421875,4212300
2025-11-18,LITE,247.42999267578125,5416400
2025-11-19,LITE,268.9200134277344,6481800
2025-11-20,LITE,233.24000549316406,7680900
2025-11-21,LITE,255.58999633789062,7714600
2025-11-24,LITE,299.3599853515625,7586200
2025-11-25,LITE,291.2699890136719,6371900
2025-11-26,LITE,308.2799987792969,4184500
2025-11-28,LITE,325.1600036621094,2194000
2025-12-01,LITE,317.92999267578125,4932900
2025-12-02,LITE,302.80999755859375,5794700
2025-12-03,LITE,302.9800109863281,3207400
2025-12-04,LITE,327.8500061035156,4444500
2025-12-05,LITE,331.4100036621094,3542600
2025-12-08,LITE,342.55999755859375,3269700
2025-12-09,LITE,360.3299865722656,4494300
2025-12-10,LITE,366.0,5333100
2025-12-11,LITE,372.0899963378906,3394000
2025-12-12,LITE,324.3500061035156,6869100
2025-12-15,LITE,334.69000244140625,4708500
2025-12-16,LITE,316.1499938964844,4921000
2025-12-17,LITE,320.25,4164200
2025-12-18,LITE,337.1300048828125,3966400
2025-12-19,LITE,371.42999267578125,4410200
2025-12-22,LITE,389.8800048828125,3125500
2025-12-23,LITE,387.4100036621094,1627000
2025-12-24,LITE,395.9200134277344,1522400
2025-12-26,LITE,390.7699890136719,1585300
2025-12-29,LITE,372.6099853515625,2965700
2025-12-30,LITE,371.17999267578125,1610100
2025-12-31,LITE,368.5899963378906,1595000
2026-01-02,LITE,386.1099853515625,2819300
2026-01-05,LITE,357.04998779296875,5787800
2026-01-06,LITE,397.4200134277344,5619700
2026-01-07,LITE,392.8800048828125,4716300
2026-01-08,LITE,348.260009765625,5137300
2026-01-09,LITE,351.4200134277344,5914400
2026-01-12,LITE,339.8699951171875,5803900
2026-01-13,LITE,361.3299865722656,3834500
2026-01-14,LITE,331.6199951171875,3665000
2026-01-15,LITE,343.2699890136719,3651700
2026-01-16,LITE,324.25,3780700
2026-01-20,LITE,356.8299865722656,5318000
2026-01-21,LITE,362.44000244140625,4969400
2026-01-22,LITE,354.489990234375,4465600
2026-01-23,LITE,339.19000244140625,3469400
2026-01-26,LITE,332.45001220703125,2726800
2026-01-27,LITE,370.6600036621094,3618600
2026-01-28,LITE,385.0,4356800
2026-01-29,LITE,381.44000244140625,4006600
2026-01-30,LITE,391.8399963378906,7098800
2026-02-02,LITE,423.4200134277344,5799100
2026-02-03,LITE,435.1000061035156,8109400
2026-02-04,LITE,465.5400085449219,12144900
2026-02-05,LITE,504.4200134277344,8673000
2026-02-06,LITE,551.989990234375,6735500
2026-02-09,LITE,577.1500244140625,5903800
2026-02-10,LITE,561.1300048828125,4787700
2026-02-11,LITE,574.1099853515625,4011200
2026-02-12,LITE,583.4600219726562,4605700
2026-02-13,LITE,562.739990234375,4973000
2026-02-17,LITE,600.4199829101562,5625000
2026-02-18,LITE,594.260009765625,2995100
2026-02-19,LITE,635.6400146484375,4206200
2026-02-20,LITE,667.77001953125,4289500
2026-02-23,LITE,674.72998046875,4493000
2026-02-24,LITE,688.27001953125,3573400
2026-02-25,LITE,723.3900146484375,4667700
2026-02-26,LITE,677.0,5468000
2026-02-27,LITE,700.9099731445312,8912200
2026-03-02,LITE,783.25,6888700
2026-03-03,LITE,694.4299926757812,7208700
2026-03-04,LITE,680.7999877929688,7905300
2026-03-05,LITE,650.8200073242188,6743800
2026-03-06,LITE,558.4400024414062,8754300
2026-03-09,LITE,640.6900024414062,7822700
2026-03-10,LITE,672.0,7129000
2026-03-11,LITE,672.0,4080600
2026-03-12,LITE,616.0900268554688,4922500
2026-03-13,LITE,622.5,3849700
2026-03-16,LITE,624.8400268554688,5036600
2026-03-17,LITE,649.5599975585938,9003700
2026-03-18,LITE,700.8099975585938,9636400
2026-03-19,LITE,772.1300048828125,7567000
2026-03-20,LITE,706.3499755859375,22868800
2026-03-23,LITE,728.9500122070312,7352900
2026-03-24,LITE,801.989990234375,6993700
2026-03-25,LITE,777.1699829101562,4969400
2026-03-26,LITE,688.7999877929688,6305600
2026-03-27,LITE,702.72998046875,5275100
2026-03-30,LITE,654.7899780273438,7436400
2026-03-31,LITE,702.760009765625,6115900
2026-04-01,LITE,764.6500244140625,6911900
2026-04-02,LITE,826.8800048828125,7886200
2026-04-06,LITE,772.280029296875,5809700
2026-04-07,LITE,815.75,5486600
2026-04-08,LITE,896.02001953125,7025400
2026-04-09,LITE,894.1300048828125,7034600
2026-04-10,LITE,897.2999877929688,7136100
2026-04-13,LITE,871.1799926757812,6558600
2026-04-14,LITE,852.7899780273438,5461900
2026-04-15,LITE,824.010009765625,5994400
2026-04-16,LITE,891.219970703125,6115700
2026-04-17,LITE,894.0700073242188,4343900
2026-04-20,LITE,895.1099853515625,3337500
2026-04-21,LITE,836.9199829101562,5725500
2026-04-22,LITE,873.5999755859375,4635200
2026-04-23,LITE,846.8900146484375,3756400
2026-04-24,LITE,881.6400146484375,4205800
2026-04-27,LITE,859.6799926757812,5289700
2026-04-28,LITE,791.3699951171875,5547700
2026-04-29,LITE,858.3200073242188,6179900
2026-04-30,LITE,902.3200073242188,6148500
2026-05-01,LITE,949.9299926757812,4774700
2026-05-04,LITE,976.1799926757812,5445800
2026-05-05,LITE,994.5599975585938,6588100
2026-05-06,LITE,944.280029296875,9902100
2026-05-07,LITE,892.5800170898438,7268200
2026-05-08,LITE,903.7999877929688,6727600
2026-05-11,LITE,1053.0899658203125,9550900
2026-05-12,LITE,992.3699951171875,7562700
2026-05-13,LITE,1030.3699951171875,4398500
2026-05-14,LITE,1001.8099975585938,3557100
2026-05-15,LITE,970.7000122070312,10141800
2026-05-18,LITE,884.97998046875,7197500
2026-05-19,LITE,890.0900268554688,5025800
2026-05-20,LITE,868.0700073242188,5195000
2026-05-21,LITE,964.5,5781900
2026-05-22,LITE,946.9000244140625,3076900
2026-05-26,LITE,910.8099975585938,5212200
2026-05-27,LITE,902.3099975585938,4236000
2026-05-28,LITE,860.6199951171875,6128600
2026-05-29,LITE,854.9600219726562,6364000
2026-06-01,LITE,905.0,7932700
2026-06-02,LITE,1029.1500244140625,8154600
2026-06-03,LITE,938.0,6202200
2026-06-04,LITE,945.0800170898438,6060900
2026-06-05,LITE,863.6599731445312,7543900
2026-06-08,LITE,895.4000244140625,5097100
2026-06-09,LITE,821.760009765625,7966100
2026-06-10,LITE,853.260009765625,5839500
2026-06-11,LITE,889.5900268554688,4672200
2026-06-12,LITE,921.5599975585938,4553700
2026-06-15,LITE,957.239990234375,5266100
2026-06-16,LITE,875.3599853515625,6070800
2026-06-17,LITE,869.97998046875,5148200
2026-06-18,LITE,850.0,8360800
2026-06-22,LITE,893.9299926757812,6909900
2026-06-23,LITE,827.9199829101562,4817100
2026-06-24,LITE,842.530029296875,4452700
2026-06-25,LITE,861.969970703125,4522200
2026-06-26,LITE,816.97998046875,9122000
2026-06-29,LITE,851.4000244140625,5604200
2026-06-30,LITE,858.0599975585938,4246600
2026-07-01,LITE,801.1599731445312,4202800
2026-07-02,LITE,728.3200073242188,5217800
2026-07-06,LITE,731.25,3805500
2026-07-07,LITE,698.9099731445312,3750800
2026-07-08,LITE,707.0999755859375,2586200
2026-07-09,LITE,785.77001953125,5520000
2026-07-10,LITE,802.010009765625,3675800
2026-07-13,LITE,768.1500244140625,3694400
2026-07-14,LITE,814.7999877929688,3768900
2026-07-15,LITE,752.0,4205400
2026-07-16,LITE,706.22998046875,3984900
2026-07-17,LITE,732.8200073242188,4940200
2026-07-20,LITE,765.5499877929688,4428700
2026-07-21,LITE,837.5599975585938,4043600
2026-07-22,LITE,829.7000122070312,3876200
2026-07-23,LITE,833.6400146484375,4547400
2026-07-24,LITE,762.989990234375,3651200
2026-07-27,LITE,711.9600219726562,3744200
2026-07-28,LITE,651.9299926757812,5642300
2026-07-29,LITE,602.3499755859375,6388600
2026-07-30,LITE,693.239990234375,5621200
2026-07-31,LITE,713.9400024414062,4550400
2026-08-03,LITE,779.8900146484375,4198400
2026-08-04,LITE,849.469970703125,6642900
2026-08-05,LITE,826.260009765625,3421900
2026-08-06,LITE,838.0599975585938,4140200
2026-08-07,LITE,890.1699829101562,5818800
2026-08-10,LITE,813.510009765625,6155000
2026-08-11,LITE,820.5900268554688,5985700
2026-08-12,LITE,932.469970703125,11774600
2026-08-13,LITE,880.4099731445312,4646000
2026-08-14,LITE,926.1400146484375,4251900
2026-08-17,LITE,968.9000244140625,5388200
2026-08-18,LITE,873.3099975585938,6012800
2026-08-19,LITE,827.5999755859375,4409400
2026-08-20,LITE,879.280029296875,4260100
2026-08-21,LITE,866.7100219726562,3660700
2026-08-24,LITE,830.1699829101562,3919000
2026-08-25,LITE,885.5650024414062,3240600
2026-08-26,LITE,939.030029296875,4511400
2026-08-27,LITE,956.1400146484375,4119600
2026-08-28,LITE,895.0,3442100
2026-08-31,LITE,914.760009765625,3206500
2026-09-01,LITE,868.9500122070312,3834300
2026-09-02,LITE,870.5800170898438,2791300
2026-09-03,LITE,847.3699951171875,3301500
2026-09-04,LITE,881.2550048828125,3558500
2026-09-08,LITE,978.5349731445312,7390800
2026-09-09,LITE,988.97998046875,4539800
2026-09-10,LITE,935.7000122070312,3962400
2026-09-11,LITE,927.030029296875,3396700
2026-09-14,LITE,835.030029296875,4919200
2026-09-15,LITE,838.9600219726562,2893700
2026-09-16,LITE,919.4000244140625,6482700
2026-09-17,LITE,893.6099853515625,4902900
2026-09-18,LITE,930.9099731445312,9259400
2026-09-21,LITE,954.489990234375,4713600
2026-09-22,LITE,945.6699829101562,4333900
2026-09-23,LITE,937.0,3271500
2026-09-24,LITE,929.0399780273438,3671300
2025-09-25,ANET,143.05999755859375,6325300
2025-09-26,ANET,142.5,4867700
2025-09-29,ANET,143.3699951171875,6183600
2025-09-30,ANET,145.7100067138672,5828900
2025-10-01,ANET,149.27000427246094,7820700
2025-10-02,ANET,144.4600067138672,9473800
2025-10-03,ANET,145.5,7178600
2025-10-06,ANET,149.5,7277600
2025-10-07,ANET,145.2899932861328,7348700
2025-10-08,ANET,157.36000061035156,11283400
2025-10-09,ANET,158.22999572753906,8459900
2025-10-10,ANET,154.10000610351562,10459300
2025-10-13,ANET,147.4499969482422,14233900
2025-10-14,ANET,138.7899932861328,13672400
2025-10-15,ANET,143.3800048828125,8687000
2025-10-16,ANET,146.00999450683594,6909500
2025-10-17,ANET,143.10000610351562,6533900
2025-10-20,ANET,146.47999572753906,6120700
2025-10-21,ANET,145.94000244140625,3648900
2025-10-22,ANET,146.58999633789062,7349200
2025-10-23,ANET,152.75999450683594,7327400
2025-10-24,ANET,153.82000732421875,5170800
2025-10-27,ANET,156.80999755859375,5509100
2025-10-28,ANET,156.77000427246094,5037400
2025-10-29,ANET,162.02999877929688,6901400
2025-10-30,ANET,158.44000244140625,6911300
2025-10-31,ANET,157.69000244140625,6209300
2025-11-03,ANET,157.58999633789062,6422600
2025-11-04,ANET,153.5500030517578,9026400
2025-11-05,ANET,140.4199981689453,15901000
2025-11-06,ANET,134.02000427246094,13296100
2025-11-07,ANET,134.64999389648438,11341600
2025-11-10,ANET,137.25999450683594,6974300
2025-11-11,ANET,134.92999267578125,7189300
2025-11-12,ANET,134.97999572753906,6471400
2025-11-13,ANET,130.3000030517578,10471400
2025-11-14,ANET,131.3699951171875,10672500
2025-11-17,ANET,127.26000213623047,12455900
2025-11-18,ANET,123.44999694824219,12561100
2025-11-19,ANET,124.80999755859375,7703500
2025-11-20,ANET,119.58999633789062,12642000
2025-11-21,ANET,117.43000030517578,16704100
2025-11-24,ANET,122.16999816894531,12758600
2025-11-25,ANET,125.04000091552734,7143400
2025-11-26,ANET,127.6500015258789,5995000
2025-11-28,ANET,130.67999267578125,3895000
2025-12-01,ANET,128.11000061035156,4690600
2025-12-02,ANET,127.22000122070312,5619000
2025-12-03,ANET,127.80000305175781,5286300
2025-12-04,ANET,128.5500030517578,4516400
2025-12-05,ANET,128.58999633789062,5166300
2025-12-08,ANET,129.11000061035156,7813800
2025-12-09,ANET,130.0399932861328,5227900
2025-12-10,ANET,132.36000061035156,5921300
2025-12-11,ANET,134.38999938964844,6679500
2025-12-12,ANET,124.76000213623047,8508700
2025-12-15,ANET,125.88999938964844,6441900
2025-12-16,ANET,126.12999725341797,6656100
2025-12-17,ANET,122.36000061035156,8589200
2025-12-18,ANET,124.62000274658203,5515200
2025-12-19,ANET,131.1199951171875,12713100
2025-12-22,ANET,130.72999572753906,5547300
2025-12-23,ANET,131.32000732421875,2884300
2025-12-24,ANET,130.77000427246094,1642400
2025-12-26,ANET,131.83999633789062,2308400
2025-12-29,ANET,134.14999389648438,6199700
2025-12-30,ANET,132.44000244140625,4081100
2025-12-31,ANET,131.02999877929688,3821600
2026-01-02,ANET,133.60000610351562,4707400
2026-01-05,ANET,137.19000244140625,9691900
2026-01-06,ANET,132.5800018310547,8004000
2026-01-07,ANET,130.0800018310547,7550700
2026-01-08,ANET,123.72000122070312,8944200
2026-01-09,ANET,122.88999938964844,8989700
2026-01-12,ANET,123.41999816894531,8795900
2026-01-13,ANET,129.92999267578125,8638900
2026-01-14,ANET,125.08999633789062,7414600
2026-01-15,ANET,130.58999633789062,8562300
2026-01-16,ANET,129.8300018310547,5987000
2026-01-20,ANET,127.5199966430664,6371300
2026-01-21,ANET,127.29000091552734,5931000
2026-01-22,ANET,138.41000366210938,14906700
2026-01-23,ANET,136.33999633789062,8053900
2026-01-26,ANET,143.72000122070312,10658200
2026-01-27,ANET,146.69000244140625,8697000
2026-01-28,ANET,150.14999389648438,8568200
2026-01-29,ANET,148.14999389648438,8915300
2026-01-30,ANET,141.74000549316406,6364000
2026-02-02,ANET,138.3699951171875,7719200
2026-02-03,ANET,139.38999938964844,8202300
2026-02-04,ANET,130.27999877929688,13313800
2026-02-05,ANET,128.6699981689453,9640500
2026-02-06,ANET,137.49000549316406,8986800
2026-02-09,ANET,141.74000549316406,6801400
2026-02-10,ANET,143.4499969482422,6138100
2026-02-11,ANET,140.66000366210938,6942400
2026-02-12,ANET,135.1199951171875,16322100
2026-02-13,ANET,141.58999633789062,21823000
2026-02-17,ANET,142.5800018310547,8724200
2026-02-18,ANET,139.5399932861328,9955700
2026-02-19,ANET,137.22999572753906,5260600
2026-02-20,ANET,132.7899932861328,8309000
2026-02-23,ANET,127.43000030517578,9706800
2026-02-24,ANET,128.77000427246094,8120000
2026-02-25,ANET,132.88999938964844,7611600
2026-02-26,ANET,130.25,6360700
2026-02-27,ANET,133.5,9043300
2026-03-02,ANET,129.3000030517578,6875000
2026-03-03,ANET,124.5999984741211,6119700
2026-03-04,ANET,134.8300018310547,6897700
2026-03-05,ANET,139.39999389648438,8384600
2026-03-06,ANET,132.88999938964844,6282000
2026-03-09,ANET,137.1699981689453,6715200
2026-03-10,ANET,139.6199951171875,5435800
2026-03-11,ANET,138.22999572753906,4165100
2026-03-12,ANET,134.02999877929688,5494200
2026-03-13,ANET,133.57000732421875,5364800
2026-03-16,ANET,135.35000610351562,7884200
2026-03-17,ANET,133.07000732421875,5959000
2026-03-18,ANET,136.07000732421875,5264100
2026-03-19,ANET,136.25999450683594,4418900
2026-03-20,ANET,131.22000122070312,11351600
2026-03-23,ANET,135.8800048828125,6402200
2026-03-24,ANET,130.8000030517578,7858900
2026-03-25,ANET,135.00999450683594,5353300
2026-03-26,ANET,122.55000305175781,7553500
2026-03-27,ANET,120.7699966430664,5940200
2026-03-30,ANET,116.12999725341797,7540500
2026-03-31,ANET,122.77999877929688,7837700
2026-04-01,ANET,124.8499984741211,5037700
2026-04-02,ANET,126.68000030517578,5125100
2026-04-06,ANET,126.25,3033100
2026-04-07,ANET,133.63999938964844,5758000
2026-04-08,ANET,145.07000732421875,12136800
2026-04-09,ANET,146.0500030517578,7266100
2026-04-10,ANET,147.35000610351562,7054100
2026-04-13,ANET,152.02000427246094,7217900
2026-04-14,ANET,154.3699951171875,7114000
2026-04-15,ANET,154.3300018310547,5835300
2026-04-16,ANET,161.00999450683594,7205600
2026-04-17,ANET,164.22999572753906,8216400
2026-04-20,ANET,166.85000610351562,6113300
2026-04-21,ANET,172.86000061035156,8918900
2026-04-22,ANET,177.72999572753906,8699400
2026-04-23,ANET,172.5500030517578,7428000
2026-04-24,ANET,176.91000366210938,7508000
2026-04-27,ANET,172.47000122070312,6782500
2026-04-28,ANET,165.2899932861328,7414100
2026-04-29,ANET,168.67999267578125,6270500
2026-04-30,ANET,172.7100067138672,6141700
2026-05-01,ANET,172.6999969482422,7652400
2026-05-04,ANET,172.6199951171875,7167900
2026-05-05,ANET,170.22000122070312,15684800
2026-05-06,ANET,147.05999755859375,35627200
2026-05-07,ANET,141.75,18255700
2026-05-08,ANET,141.77000427246094,20371600
2026-05-11,ANET,136.42999267578125,18520900
2026-05-12,ANET,142.5399932861328,12796100
2026-05-13,ANET,140.69000244140625,14164600
2026-05-14,ANET,147.80999755859375,15728200
2026-05-15,ANET,141.97000122070312,10833000
2026-05-18,ANET,141.7100067138672,8634500
2026-05-19,ANET,141.5800018310547,8800800
2026-05-20,ANET,140.49000549316406,9617000
2026-05-21,ANET,148.58999633789062,11620600
2026-05-22,ANET,154.02999877929688,10554600
2026-05-26,ANET,158.00999450683594,11835300
2026-05-27,ANET,154.30999755859375,6982200
2026-05-28,ANET,155.27000427246094,7194300
2026-05-29,ANET,159.47000122070312,15385900
2026-06-01,ANET,170.67999267578125,9991500
2026-06-02,ANET,175.3300018310547,9144300
2026-06-03,ANET,174.3699951171875,8069700
2026-06-04,ANET,166.00999450683594,10214000
2026-06-05,ANET,154.27000427246094,9094700
2026-06-08,ANET,156.39999389648438,6043100
2026-06-09,ANET,152.16000366210938,7334100
2026-06-10,ANET,151.75999450683594,6867400
2026-06-11,ANET,156.39999389648438,5326700
2026-06-12,ANET,163.24000549316406,6052500
2026-06-15,ANET,169.08999633789062,7240800
2026-06-16,ANET,168.00999450683594,8090900
2026-06-17,ANET,164.92999267578125,6229500
2026-06-18,ANET,169.6699981689453,11130400
2026-06-22,ANET,174.55999755859375,9494400
2026-06-23,ANET,162.1999969482422,7770100
2026-06-24,ANET,161.74000549316406,6350600
2026-06-25,ANET,165.4499969482422,8231200
2026-06-26,ANET,157.60000610351562,11865200
2026-06-29,ANET,164.10000610351562,8535700
2026-06-30,ANET,169.8800048828125,10281800
2026-07-01,ANET,166.6199951171875,9098200
2026-07-02,ANET,159.99000549316406,9764500
2026-07-06,ANET,173.27999877929688,8509300
2026-07-07,ANET,166.4600067138672,8969200
2026-07-08,ANET,181.0500030517578,11912800
2026-07-09,ANET,184.69000244140625,9932000
2026-07-10,ANET,186.9600067138672,5592500
2026-07-13,ANET,181.14999389648438,9149500
2026-07-14,ANET,182.57000732421875,7566300
2026-07-15,ANET,171.9199981689453,8095900
2026-07-16,ANET,168.55999755859375,8412300
2026-07-17,ANET,168.61000061035156,7560400
2026-07-20,ANET,169.35000610351562,6025900
2026-07-21,ANET,174.5800018310547,6357800
2026-07-22,ANET,174.8699951171875,3342900
2026-07-23,ANET,176.61000061035156,4338800
2026-07-24,ANET,173.99000549316406,4721500
2026-07-27,ANET,170.75999450683594,6023000
2026-07-28,ANET,169.7100067138672,8561600
2026-07-29,ANET,157.97000122070312,8189500
2026-07-30,ANET,171.02000427246094,7284700
2026-07-31,ANET,180.35000610351562,8472300
2026-08-03,ANET,184.88999938964844,8335700
2026-08-04,ANET,190.50999450683594,14097400
2026-08-05,ANET,197.30999755859375,20227000
2026-08-06,ANET,192.32000732421875,7774600
2026-08-07,ANET,188.6699981689453,7208500
2026-08-10,ANET,191.52000427246094,5434100
2026-08-11,ANET,197.85000610351562,6277300
2026-08-12,ANET,210.5,10008600
2026-08-13,ANET,203.6199951171875,7907800
2026-08-14,ANET,198.82000732421875,4707400
2026-08-17,ANET,201.8000030517578,5683900
2026-08-18,ANET,193.17999267578125,8886900
2026-08-19,ANET,186.4499969482422,5740500
2026-08-20,ANET,183.75,4207300
2026-08-21,ANET,188.64999389648438,8123600
2026-08-24,ANET,188.14999389648438,5306400
2026-08-25,ANET,190.94000244140625,4385100
2026-08-26,ANET,202.25,7664600
2026-08-27,ANET,201.08999633789062,4692700
2026-08-28,ANET,195.3800048828125,3063000
2026-08-31,ANET,195.69000244140625,5021700
2026-09-01,ANET,189.25999450683594,4369200
2026-09-02,ANET,186.10000610351562,4363800
2026-09-03,ANET,191.44000244140625,4108500
2026-09-04,ANET,193.77999877929688,4204100
2026-09-08,ANET,194.9600067138672,4741600
2026-09-09,ANET,192.92999267578125,3673900
2026-09-10,ANET,188.99000549316406,2810900
2026-09-11,ANET,199.58999633789062,4638000
2026-09-14,ANET,187.80999755859375,5673800
2026-09-15,ANET,192.83999633789062,4909600
2026-09-16,ANET,197.5399932861328,4470600
2026-09-17,ANET,199.52999877929688,7162400
2026-09-18,ANET,199.38999938964844,10722300
2026-09-21,ANET,205.4199981689453,4998500
2026-09-23,ANET,203.47000122070312,3965900
2026-09-24,ANET,205.6999969482422,3556900
2025-09-25,CEG,324.5158996582031,2447800
2025-09-26,CEG,329.41851806640625,1263500
2025-09-29,CEG,332.4068298339844,2286700
2025-09-30,CEG,327.2406921386719,2159600
2025-10-01,CEG,348.9493408203125,2818400
2025-10-02,CEG,355.4728698730469,2161800
2025-10-03,CEG,357.998779296875,3355200
2025-10-06,CEG,362.0759582519531,2159900
2025-10-07,CEG,356.1689758300781,2167700
2025-10-08,CEG,368.9375915527344,3342800
2025-10-09,CEG,381.099609375,2888800
2025-10-10,CEG,366.4415283203125,3084600
2025-10-13,CEG,378.7925109863281,3270500
2025-10-14,CEG,387.3944091796875,3110900
2025-10-15,CEG,401.70440673828125,3537700
2025-10-16,CEG,394.3257141113281,3062300
2025-10-17,CEG,384.3514404296875,2882900
2025-10-20,CEG,367.94317626953125,3072900
2025-10-21,CEG,356.79547119140625,2753700
2025-10-22,CEG,348.1140441894531,3571800
2025-10-23,CEG,363.7664794921875,2317500
2025-10-24,CEG,387.0265197753906,2999900
2025-10-27,CEG,388.9755554199219,2642300
2025-10-28,CEG,382.8100891113281,2865600
2025-10-29,CEG,399.19842529296875,2615900
2025-10-30,CEG,380.35382080078125,2218200
2025-10-31,CEG,374.90423583984375,2383800
2025-11-03,CEG,375.61029052734375,2506700
2025-11-04,CEG,360.8031005859375,3192200
2025-11-05,CEG,361.2306823730469,3228300
2025-11-06,CEG,349.34710693359375,3909800
2025-11-07,CEG,356.397705078125,5775300
2025-11-10,CEG,358.923583984375,2436300
2025-11-11,CEG,349.7150573730469,1830100
2025-11-12,CEG,352.0519714355469,1994300
2025-11-13,CEG,333.8736267089844,3604300
2025-11-14,CEG,336.6381530761719,2732800
2025-11-17,CEG,337.1737976074219,2129500
2025-11-18,CEG,337.85076904296875,3209900
2025-11-19,CEG,355.9006652832031,3337700
2025-11-20,CEG,344.2523498535156,4415000
2025-11-21,CEG,336.6162414550781,2948300
2025-11-24,CEG,352.54058837890625,2388300
2025-11-25,CEG,350.04168701171875,1635800
2025-11-26,CEG,357.5035705566406,1396100
2025-11-28,CEG,362.7502746582031,1073000
2025-12-01,CEG,357.4637145996094,2012500
2025-12-02,CEG,362.0633544921875,1974000
2025-12-03,CEG,359.6639709472656,1559500
2025-12-04,CEG,366.991455078125,2029800
2025-12-05,CEG,358.2303466796875,2018200
2025-12-08,CEG,356.08984375,1637900
2025-12-09,CEG,357.56329345703125,1359900
2025-12-10,CEG,360.47039794921875,2382200
2025-12-11,CEG,376.9273681640625,2530300
2025-12-12,CEG,350.4249572753906,3778600
2025-12-15,CEG,355.56219482421875,2628800
2025-12-16,CEG,364.0096740722656,2496800
2025-12-17,CEG,339.4635925292969,4598000
2025-12-18,CEG,359.45489501953125,3773200
2025-12-19,CEG,353.829833984375,5429500
2025-12-22,CEG,356.2292175292969,1390300
2025-12-23,CEG,359.7336120605469,1404300
2025-12-24,CEG,362.34210205078125,628400
2025-12-26,CEG,358.8675231933594,758100
2025-12-29,CEG,356.7469177246094,1575600
2025-12-30,CEG,355.5422668457031,1198700
2025-12-31,CEG,351.70928955078125,1234600
2026-01-02,CEG,364.6319580078125,2330100
2026-01-05,CEG,353.3719177246094,3097300
2026-01-06,CEG,353.0134582519531,2448400
2026-01-07,CEG,337.13397216796875,2812100
2026-01-08,CEG,321.11505126953125,4114300
2026-01-09,CEG,341.0067443847656,5908000
2026-01-12,CEG,334.37615966796875,2485200
2026-01-13,CEG,332.0565185546875,2754400
2026-01-14,CEG,328.9204406738281,2448400
2026-01-15,CEG,339.6925964355469,3054000
2026-01-16,CEG,306.35052490234375,9206900
2026-01-20,CEG,294.0949401855469,6079600
2026-01-21,CEG,293.0694885253906,5711800
2026-01-22,CEG,286.08050537109375,4771600
2026-01-23,CEG,287.782958984375,3785200
2026-01-26,CEG,284.00970458984375,3344100
2026-01-27,CEG,287.4842834472656,5963900
2026-01-28,CEG,286.6778564453125,3279700
2026-01-29,CEG,286.1800537109375,3141900
2026-01-30,CEG,279.4399719238281,2756300
2026-02-02,CEG,269.6832580566406,4044500
2026-02-03,CEG,267.2640075683594,3584200
2026-02-04,CEG,249.35348510742188,7172000
2026-02-05,CEG,245.96849060058594,4001600
2026-02-06,CEG,260.26507568359375,6306500
2026-02-09,CEG,270.9476623535156,4182000
2026-02-10,CEG,269.942138671875,4603800
2026-02-11,CEG,275.62689208984375,3862100
2026-02-12,CEG,274.9001159667969,4893400
2026-02-13,CEG,287.15570068359375,5450300
2026-02-17,CEG,301.67132568359375,5259200
2026-02-18,CEG,292.7508850097656,3794400
2026-02-19,CEG,290.3714599609375,2550000
2026-02-20,CEG,293.53741455078125,3134000
2026-02-23,CEG,292.50201416015625,3223200
2026-02-24,CEG,311.2587890625,4652100
2026-02-25,CEG,324.40045166015625,4999700
2026-02-26,CEG,322.13055419921875,3960900
2026-02-27,CEG,328.4226379394531,3439500
2026-03-02,CEG,325.7146301269531,3539400
2026-03-03,CEG,323.4347229003906,4260300
2026-03-04,CEG,321.4236755371094,2342500
2026-03-05,CEG,330.60296630859375,3129200
2026-03-06,CEG,317.650390625,3432400
2026-03-09,CEG,321.99395751953125,2736900
2026-03-10,CEG,316.1121826171875,2316600
2026-03-11,CEG,299.7627258300781,4343200
2026-03-12,CEG,300.6200866699219,2750500
2026-03-13,CEG,300.8393859863281,1988600
2026-03-16,CEG,304.6376647949219,2208300
2026-03-17,CEG,306.74114990234375,2007400
2026-03-18,CEG,316.24176025390625,2634700
2026-03-19,CEG,315.49407958984375,2386900
2026-03-20,CEG,281.1203918457031,6107400
2026-03-23,CEG,288.866455078125,2717900
2026-03-24,CEG,293.9407653808594,2405900
2026-03-25,CEG,302.3846435546875,2424400
2026-03-26,CEG,294.2796936035156,3129200
2026-03-27,CEG,300.5602722167969,2495200
2026-03-30,CEG,297.68914794921875,2675000
2026-03-31,CEG,278.38885498046875,6205200
2026-04-01,CEG,278.5981750488281,3560400
2026-04-02,CEG,271.97869873046875,3256700
2026-04-06,CEG,274.31146240234375,2470900
2026-04-07,CEG,271.7394104003906,2829300
2026-04-08,CEG,283.39337158203125,2584900
2026-04-09,CEG,279.3857727050781,3002400
2026-04-10,CEG,285.61651611328125,2691800
2026-04-13,CEG,290.8204040527344,2696000
2026-04-14,CEG,295.6953125,2284800
2026-04-15,CEG,293.8211364746094,1930300
2026-04-16,CEG,298.217529296875,2897400
2026-04-17,CEG,295.2965393066406,2266600
2026-04-20,CEG,286.6732482910156,2479700
2026-04-21,CEG,276.8436584472656,3395800
2026-04-22,CEG,286.27447509765625,2581900
2026-04-23,CEG,291.8671569824219,2767900
2026-04-24,CEG,312.5631408691406,3609900
2026-04-27,CEG,314.1980895996094,2372600
2026-04-28,CEG,304.7672424316406,2631200
2026-04-29,CEG,296.0841369628906,2732900
2026-04-30,CEG,312.0347900390625,2906400
2026-05-01,CEG,306.86077880859375,2102500
2026-05-04,CEG,320.0599365234375,2833800
2026-05-05,CEG,319.4319152832031,1895500
2026-05-06,CEG,321.78460693359375,3062200
2026-05-07,CEG,310.320068359375,2630200
2026-05-08,CEG,302.6936950683594,2948600
2026-05-11,CEG,298.76580810546875,6274200
2026-05-12,CEG,292.6946105957031,3761500
2026-05-13,CEG,274.0423278808594,6653700
2026-05-14,CEG,274.4111633300781,3655500
2026-05-15,CEG,266.7898864746094,3835700
2026-05-18,CEG,261.5978698730469,3435800
2026-05-19,CEG,260.2699279785156,3935800
2026-05-20,CEG,280.82830810546875,4095600
2026-05-21,CEG,285.3912658691406,2366000
2026-05-22,CEG,293.61865234375,2877600
2026-05-26,CEG,301.1071472167969,3606900
2026-05-27,CEG,288.2369079589844,3345800
2026-05-28,CEG,285.87054443359375,2378300
2026-05-29,CEG,287.308349609375,2491200
2026-06-01,CEG,265.2922058105469,11480600
2026-06-02,CEG,272.23150634765625,7774700
2026-06-03,CEG,266.8298034667969,4373100
2026-06-04,CEG,264.1838684082031,3467200
2026-06-05,CEG,254.43887329101562,4130700
2026-06-08,CEG,250.28524780273438,3629400
2026-06-09,CEG,251.2637481689453,3546000
2026-06-10,CEG,241.9281005859375,4071700
2026-06-11,CEG,246.33132934570312,5104100
2026-06-12,CEG,253.37049865722656,3409500
2026-06-15,CEG,261.94732666015625,3832700
2026-06-16,CEG,267.5886535644531,3798600
2026-06-17,CEG,266.75994873046875,3356300
2026-06-18,CEG,273.63934326171875,6986000
2026-06-22,CEG,275.1070861816406,2749100
2026-06-23,CEG,269.8451843261719,3387400
2026-06-24,CEG,267.5586853027344,2677100
2026-06-25,CEG,268.277587890625,3541200
2026-06-26,CEG,263.61474609375,3922200
2026-06-29,CEG,258.9219970703125,3031600
2026-06-30,CEG,247.98878479003906,5108300
2026-07-01,CEG,236.1370086669922,8689500
2026-07-02,CEG,238.88278198242188,4267000
2026-07-06,CEG,245.49261474609375,3362900
2026-07-07,CEG,239.3420867919922,3586400
2026-07-08,CEG,244.1446990966797,2784000
2026-07-09,CEG,250.3551483154297,2807000
2026-07-10,CEG,250.99417114257812,2002900
2026-07-13,CEG,257.1746826171875,2754200
2026-07-14,CEG,256.0364074707031,3217100
2026-07-15,CEG,257.71881103515625,2119800
2026-07-16,CEG,251.38356018066406,2858300
2026-07-17,CEG,252.0026092529297,2317000
2026-07-20,CEG,253.11090087890625,2234000
2026-07-21,CEG,261.8175354003906,2494700
2026-07-22,CEG,274.4780578613281,3305600
2026-07-23,CEG,275.177001953125,2574400
2026-07-24,CEG,273.9289245605469,2670000
2026-07-27,CEG,269.5855712890625,3081700
2026-07-28,CEG,259.42120361328125,2966200
2026-07-29,CEG,257.5540771484375,2855000
2026-07-30,CEG,263.15545654296875,3262100
2026-07-31,CEG,262.3467102050781,1852800
2026-08-03,CEG,273.2898864746094,2329800
2026-08-04,CEG,266.8398132324219,3817900
2026-08-05,CEG,264.71307373046875,3154700
2026-08-06,CEG,260.6992492675781,4860000
2026-08-07,CEG,269.47576904296875,2606100
2026-08-10,CEG,270.0149230957031,1931300
2026-08-11,CEG,277.9327392578125,2717700
2026-08-12,CEG,278.25225830078125,2931000
2026-08-13,CEG,278.21234130859375,2264000
2026-08-14,CEG,282.06640625,2021300
2026-08-17,CEG,277.77301025390625,2196400
2026-08-18,CEG,266.8299865722656,3755800
2026-08-19,CEG,274.1700134277344,2431900
2026-08-20,CEG,272.9200134277344,2175700
2026-08-21,CEG,272.8800048828125,2034000
2026-08-24,CEG,273.42999267578125,2623400
2026-08-25,CEG,278.4200134277344,2513500
2026-08-26,CEG,279.5199890136719,1942500
2026-08-27,CEG,282.4100036621094,1771000
2026-08-28,CEG,276.75,1771800
2026-08-31,CEG,274.7699890136719,2574100
2026-09-01,CEG,280.30999755859375,2411800
2026-09-02,CEG,290.0400085449219,2929000
2026-09-03,CEG,285.04998779296875,3137200
2026-09-04,CEG,298.9599914550781,2896300
2026-09-08,CEG,299.04998779296875,3830600
2026-09-09,CEG,293.9049987792969,2244400
2026-09-10,CEG,285.9700012207031,2351200
2026-09-11,CEG,284.75,1719500
2026-09-14,CEG,264.57000732421875,3706900
2026-09-15,CEG,259.8900146484375,2957000
2026-09-16,CEG,259.5299987792969,2740800
2026-09-17,CEG,262.79998779296875,3418600
2026-09-18,CEG,254.7100067138672,6538500
2026-09-21,CEG,262.1099853515625,3398800
2026-09-23,CEG,263.8800048828125,2983100
2026-09-24,CEG,261.6199951171875,1685900
2025-09-25,META,746.3782348632812,10591100
2025-09-26,META,741.2356567382812,9696300
2025-09-29,META,740.8869018554688,9246800
2025-09-30,META,731.8973388671875,16226800
2025-10-01,META,714.9150390625,20419600
2025-10-02,META,724.5921020507812,11415300
2025-10-03,META,708.1578369140625,16154300
2025-10-06,META,713.2406005859375,21654700
2025-10-07,META,710.6693725585938,12062900
2025-10-08,META,715.4132690429688,10790600
2025-10-09,META,731.0303344726562,12717200
2025-10-10,META,702.9156494140625,16980100
2025-10-13,META,713.280517578125,9251800
2025-10-14,META,706.25439453125,8829800
2025-10-15,META,715.1242065429688,10246800
2025-10-16,META,709.6627197265625,9017000
2025-10-17,META,714.4963989257812,12232400
2025-10-20,META,729.6947631835938,8900200
2025-10-21,META,730.7911376953125,7647300
2025-10-22,META,730.9306030273438,8734500
2025-10-23,META,731.5186767578125,9856000
2025-10-24,META,735.8638305664062,9151300
2025-10-27,META,748.2817993164062,11321100
2025-10-28,META,748.8997192382812,12193800
2025-10-29,META,749.12890625,26818600
2025-10-30,META,664.2169189453125,88440100
2025-10-31,META,646.1581420898438,56953200
2025-11-03,META,635.55419921875,33003600
2025-11-04,META,625.1993408203125,27356600
2025-11-05,META,633.8001098632812,20219900
2025-11-06,META,616.8475952148438,23628800
2025-11-07,META,619.6082763671875,29946800
2025-11-10,META,629.624267578125,19245000
2025-11-11,META,624.9601440429688,13302200
2025-11-12,META,606.9512329101562,24493300
2025-11-13,META,607.8281860351562,20973800
2025-11-14,META,607.3997192382812,20724100
2025-11-17,META,599.974853515625,16501300
2025-11-18,META,595.66943359375,25500600
2025-11-19,META,588.3244018554688,24744700
2025-11-20,META,587.1583862304688,20603000
2025-11-21,META,592.2410278320312,21052600
2025-11-24,META,610.9775390625,23554900
2025-11-25,META,634.0691528320312,25213000
2025-11-26,META,631.468017578125,15209500
2025-11-28,META,645.759521484375,11033200
2025-12-01,META,638.7034912109375,13029900
2025-12-02,META,644.9122924804688,11640900
2025-12-03,META,637.437744140625,11134300
2025-12-04,META,659.2936401367188,29874600
2025-12-05,META,671.1434326171875,21207900
2025-12-08,META,664.5457763671875,13161000
2025-12-09,META,654.7390747070312,12997100
2025-12-10,META,647.93212890625,16910900
2025-12-11,META,650.5034790039062,13056700
2025-12-12,META,642.0521240234375,14016900
2025-12-15,META,645.8473510742188,15549100
2025-12-16,META,655.462646484375,14309100
2025-12-17,META,647.8322143554688,15598500
2025-12-18,META,662.7438354492188,20260300
2025-12-19,META,657.0784301757812,49977100
2025-12-22,META,659.8014526367188,15659400
2025-12-23,META,663.2325439453125,8486800
2025-12-24,META,665.8358764648438,5627500
2025-12-26,META,661.5868530273438,7133800
2025-12-29,META,656.9986572265625,8506500
2025-12-30,META,664.239990234375,9187500
2025-12-31,META,658.39501953125,7940400
2026-01-02,META,648.7398681640625,13726500
2026-01-05,META,657.098388671875,12213700
2026-01-06,META,658.9236450195312,11074400
2026-01-07,META,647.0242919921875,12846300
2026-01-08,META,644.4010620117188,11921700
2026-01-09,META,651.3831176757812,11634900
2026-01-12,META,640.321533203125,14797200
2026-01-13,META,629.4695434570312,18030400
2026-01-14,META,613.9395141601562,15527900
2026-01-15,META,619.2059326171875,13076100
2026-01-16,META,618.6573486328125,17012500
2026-01-20,META,602.5687866210938,15169600
2026-01-21,META,611.3861083984375,14494700
2026-01-22,META,645.967041015625,21394700
2026-01-23,META,657.0684814453125,22797700
2026-01-26,META,670.6334838867188,16327400
2026-01-27,META,671.241943359375,13297400
2026-01-28,META,667.0127563476562,25709600
2026-01-29,META,736.4141845703125,59852900
2026-01-30,META,714.66015625,23744600
2026-02-02,META,704.5960083007812,14365200
2026-02-03,META,689.923828125,13760700
2026-02-04,META,667.272216796875,16882800
2026-02-05,META,668.4890747070312,17131800
2026-02-06,META,659.7615356445312,18159300
2026-02-09,META,675.4810180664062,14837500
2026-02-10,META,668.9976806640625,10455800
2026-02-11,META,666.9729614257812,14323800
2026-02-12,META,648.1414184570312,14960100
2026-02-13,META,638.127197265625,12336400
2026-02-17,META,637.6484375,12674700
2026-02-18,META,641.5682983398438,14649200
2026-02-19,META,643.1243286132812,10035700
2026-02-20,META,653.9764404296875,14183500
2026-02-23,META,635.6137084960938,8605900
2026-02-24,META,637.658447265625,10135600
2026-02-25,META,652.0114135742188,11330700
2026-02-26,META,655.322998046875,10637700
2026-02-27,META,646.5155639648438,15703000
2026-03-02,META,651.8817749023438,9816100
2026-03-03,META,653.3978881835938,12263800
2026-03-04,META,666.015380859375,10810100
2026-03-05,META,658.8738403320312,13341400
2026-03-06,META,643.2041015625,13159400
2026-03-09,META,645.7276611328125,13489700
2026-03-10,META,652.3905639648438,9859300
2026-03-11,META,653.178466796875,8977200
2026-03-12,META,636.5413208007812,11617500
2026-03-13,META,612.1340942382812,18957600
2026-03-16,META,626.3746948242188,15134900
2026-03-17,META,621.5928955078125,10348800
2026-03-18,META,614.6248779296875,11726300
2026-03-19,META,605.6602783203125,13247700
2026-03-20,META,592.642578125,21214900
2026-03-23,META,603.0247802734375,13638000
2026-03-24,META,591.9038696289062,10739700
2026-03-25,META,593.8704833984375,12585000
2026-03-26,META,546.6015625,35780100
2026-03-27,META,524.8189697265625,30133000
2026-03-30,META,535.4607543945312,22795200
2026-03-31,META,571.1494750976562,32898300
2026-04-01,META,578.2373046875,23608100
2026-04-02,META,573.4755249023438,13518500
2026-04-06,META,572.0379638671875,9515700
2026-04-07,META,574.064453125,9580800
2026-04-08,META,611.3704223632812,32036600
2026-04-09,META,627.3131103515625,19012900
2026-04-10,META,628.780517578125,13294800
2026-04-13,META,633.442626953125,9538900
2026-04-14,META,661.3546142578125,17818000
2026-04-15,META,670.4290771484375,14952600
2026-04-16,META,675.7099609375,9544800
2026-04-17,META,687.3699340820312,16283500
2026-04-20,META,669.7601928710938,12534000
2026-04-21,META,667.6937866210938,8660100
2026-04-22,META,673.5636596679688,9215600
2026-04-23,META,658.0203857421875,11667000
2026-04-24,META,673.8731689453125,13348300
2026-04-27,META,677.4569702148438,12805200
2026-04-28,META,670.189453125,10606800
2026-04-29,META,667.9732666015625,18947500
2026-04-30,META,610.8612670898438,52765000
2026-05-01,META,607.7067260742188,21404000
2026-05-04,META,609.3638916015625,16203900
2026-05-05,META,603.9232177734375,17171300
2026-05-06,META,611.8296508789062,19915500
2026-05-07,META,615.7528686523438,12307400
2026-05-08,META,608.585205078125,13557000
2026-05-11,META,597.8336791992188,15940600
2026-05-12,META,601.9666137695312,11351600
2026-05-13,META,615.5732421875,14634400
2026-05-14,META,617.3701171875,10651200
2026-05-15,META,613.1773681640625,13272600
2026-05-18,META,610.1625366210938,13772400
2026-05-19,META,601.5772705078125,11749900
2026-05-20,META,604.0230712890625,11329700
2026-05-21,META,606.3390502929688,13476100
2026-05-22,META,609.2141723632812,11688600
2026-05-26,META,611.2905883789062,12234200
2026-05-27,META,634.1713256835938,23143600
2026-05-28,META,634.2012329101562,16772400
2026-05-29,META,631.426025390625,19806500
2026-06-01,META,599.4408569335938,29138800
2026-06-02,META,596.6057739257812,18252000
2026-06-03,META,621.912353515625,23020100
2026-06-04,META,626.4944458007812,21469200
2026-06-05,META,591.9837646484375,30091600
2026-06-08,META,584.3867797851562,19512400
2026-06-09,META,583.588134765625,16977400
2026-06-10,META,570.00146484375,17064000
2026-06-11,META,567.455810546875,17628000
2026-06-12,META,566.0082397460938,14326400
2026-06-15,META,593.011962890625,17653300
2026-06-16,META,599.7366943359375,11344400
2026-06-17,META,567.1324462890625,20478300
2026-06-18,META,576.7647705078125,28824600
2026-06-22,META,563.4053344726562,15405500
2026-06-23,META,561.7566528320312,13103300
2026-06-24,META,557.230224609375,13963600
2026-06-25,META,542.44189453125,16968600
2026-06-26,META,549.8161010742188,18867700
2026-06-29,META,562.1563110351562,15011400
2026-06-30,META,562.8457641601562,18111100
2026-07-01,META,612.4266357421875,45536300
2026-07-02,META,582.4403686523438,21705900
2026-07-06,META,599.8165893554688,17674100
2026-07-07,META,615.0946044921875,18560800
2026-07-08,META,602.6444091796875,13606500
2026-07-09,META,630.9819946289062,26579700
2026-07-10,META,668.6823120117188,40608900
2026-07-13,META,656.2120971679688,19840700
2026-07-14,META,660.5186767578125,16748200
2026-07-15,META,680.7727661132812,19003400
2026-07-16,META,664.0159301757812,15816000
2026-07-17,META,645.5006103515625,22267900
2026-07-20,META,645.3406982421875,10225200
2026-07-21,META,643.3023071289062,9140500
2026-07-22,META,626.6754150390625,11019600
2026-07-23,META,605.6220092773438,15494800
2026-07-24,META,594.7206420898438,11503500
2026-07-27,META,593.4016723632812,11195300
2026-07-28,META,592.9420166015625,12009300
2026-07-29,META,585.148193359375,22371100
2026-07-30,META,538.60498046875,42271500
2026-07-31,META,556.27099609375,24261500
2026-08-03,META,589.7745361328125,25938100
2026-08-04,META,587.4763793945312,17959200
2026-08-05,META,588.3057250976562,14897200
2026-08-06,META,589.4348754882812,11811500
2026-08-07,META,591.633056640625,11250300
2026-08-10,META,594.4508666992188,14967300
2026-08-11,META,598.6475219726562,13146900
2026-08-12,META,578.3934936523438,16186900
2026-08-13,META,594.5007934570312,11164200
2026-08-14,META,589.3848266601562,8758000
2026-08-17,META,568.5213012695312,17225600
2026-08-18,META,543.2412719726562,27094900
2026-08-19,META,545.5994262695312,16971700
2026-08-20,META,545.3995971679688,13872200
2026-08-21,META,549.4663696289062,13848000
2026-08-24,META,558.5792236328125,12990600
2026-08-25,META,569.6004638671875,9769100
2026-08-26,META,575.6856689453125,31416300
2026-08-27,META,570.6495971679688,15221400
2026-08-28,META,577.564208984375,16042400
2026-08-31,META,571.888671875,13383800
2026-09-01,META,578.083740234375,15796900
2026-09-02,META,592.3824462890625,16552700
2026-09-03,META,610.1984252929688,19737100
2026-09-04,META,616.2836303710938,15966200
2026-09-08,META,612.9962158203125,18909700
2026-09-09,META,653.1744995117188,35900700
2026-09-10,META,643.8718872070312,21531900
2026-09-11,META,647.51904296875,16925000
2026-09-14,META,665.0751342773438,19332300
2026-09-15,META,669.7114868164062,19502800
2026-09-16,META,672.779052734375,17217800
2026-09-17,META,681.77197265625,15928000
2026-09-18,META,665.2250366210938,27596400
2026-09-21,META,741.25,48720500
2026-09-22,META,736.5999755859375,28122100
2026-09-23,META,744.0999755859375,30829200
2026-09-24,META,777.5900268554688,34744400
2025-09-25,MRVL,83.63182067871094,43286000
2025-09-26,MRVL,82.99317932128906,26715100
2025-09-29,MRVL,82.21482849121094,20468300
2025-09-30,MRVL,83.89126586914062,18751700
2025-10-01,MRVL,83.7116470336914,20038400
2025-10-02,MRVL,86.01673126220703,21698700
2025-10-03,MRVL,86.03669738769531,15679200
2025-10-06,MRVL,88.73095703125,20580500
2025-10-07,MRVL,86.78511047363281,17609500
2025-10-08,MRVL,92.3033447265625,20451000
2025-10-09,MRVL,90.48721313476562,14868400
2025-10-10,MRVL,85.48455810546875,30545700
2025-10-13,MRVL,89.25901794433594,20563500
2025-10-14,MRVL,86.09365844726562,15447600
2025-10-15,MRVL,88.75975036621094,15202200
2025-10-16,MRVL,88.10071563720703,12988900
2025-10-17,MRVL,87.82112121582031,13244000
2025-10-20,MRVL,85.7142105102539,16137500
2025-10-21,MRVL,84.13652801513672,13242100
2025-10-22,MRVL,80.93124389648438,19218600
2025-10-23,MRVL,82.64871215820312,10335800
2025-10-24,MRVL,84.00672149658203,11661400
2025-10-27,MRVL,88.58001708984375,16331600
2025-10-28,MRVL,88.33037567138672,13029300
2025-10-29,MRVL,90.01789855957031,13399900
2025-10-30,MRVL,88.44021606445312,11903800
2025-10-31,MRVL,93.6026382446289,29320800
2025-11-03,MRVL,90.23757934570312,14308700
2025-11-04,MRVL,87.4616470336914,13630000
2025-11-05,MRVL,92.76387023925781,17194500
2025-11-06,MRVL,93.1932373046875,28022500
2025-11-07,MRVL,90.78677368164062,20898700
2025-11-10,MRVL,93.09339904785156,14570700
2025-11-11,MRVL,89.19910430908203,13538500
2025-11-12,MRVL,89.19910430908203,11846700
2025-11-13,MRVL,87.39175415039062,17226600
2025-11-14,MRVL,86.32332611083984,12414100
2025-11-17,MRVL,83.32771301269531,16548600
2025-11-18,MRVL,78.56471252441406,23426900
2025-11-19,MRVL,81.20083618164062,13688200
2025-11-20,MRVL,76.56764221191406,23315900
2025-11-21,MRVL,77.33650970458984,16211000
2025-11-24,MRVL,83.66722106933594,23945100
2025-11-25,MRVL,83.30774688720703,11667900
2025-11-26,MRVL,87.59146881103516,15019100
2025-11-28,MRVL,89.26900482177734,11235600
2025-12-01,MRVL,90.96650695800781,18143400
2025-12-02,MRVL,92.75389099121094,38231100
2025-12-03,MRVL,100.05317687988281,52833700
2025-12-04,MRVL,98.04612731933594,23981800
2025-12-05,MRVL,98.76506805419922,22219900
2025-12-08,MRVL,91.86518859863281,40731000
2025-12-09,MRVL,88.76973724365234,23037400
2025-12-10,MRVL,92.3344955444336,22573600
2025-12-11,MRVL,89.29895782470703,16593500
2025-12-12,MRVL,84.30628204345703,21576300
2025-12-15,MRVL,84.13652801513672,11953300
2025-12-16,MRVL,83.94680786132812,9483800
2025-12-17,MRVL,81.58027648925781,16662700
2025-12-18,MRVL,84.34622955322266,12732100
2025-12-19,MRVL,83.96678161621094,21722200
2025-12-22,MRVL,84.67574310302734,9871000
2025-12-23,MRVL,87.55152130126953,12334100
2025-12-24,MRVL,86.3632583618164,5335300
2025-12-26,MRVL,86.2134780883789,5001000
2025-12-29,MRVL,85.63433837890625,9677700
2025-12-30,MRVL,86.63288116455078,9583000
2025-12-31,MRVL,84.85547637939453,7234100
2026-01-02,MRVL,89.25901794433594,14987500
2026-01-05,MRVL,90.09779357910156,21328400
2026-01-06,MRVL,88.10071563720703,24322700
2026-01-07,MRVL,84.5159683227539,17230800
2026-01-08,MRVL,83.32771301269531,10695900
2026-01-09,MRVL,83.15785217285156,13486300
2026-01-12,MRVL,82.82809448242188,10146600
2026-01-13,MRVL,82.98797607421875,9133500
2026-01-14,MRVL,81.14934539794922,15295700
2026-01-15,MRVL,80.3199691772461,16593500
2026-01-16,MRVL,80.39990997314453,15011200
2026-01-20,MRVL,79.74040985107422,18688000
2026-01-21,MRVL,82.48835754394531,17134300
2026-01-22,MRVL,83.03793334960938,12997600
2026-01-23,MRVL,80.17008972167969,13924600
2026-01-26,MRVL,81.70893096923828,12464600
2026-01-27,MRVL,82.8680648803711,11307900
2026-01-28,MRVL,83.55754852294922,10311000
2026-01-29,MRVL,81.27925109863281,13944900
2026-01-30,MRVL,78.8610610961914,12581400
2026-02-02,MRVL,78.60125732421875,14513000
2026-02-03,MRVL,75.48358154296875,22563900
2026-02-04,MRVL,73.67494201660156,17506200
2026-02-05,MRVL,74.15457153320312,19202000
2026-02-06,MRVL,80.22003936767578,22581800
2026-02-09,MRVL,82.28849792480469,13775400
2026-02-10,MRVL,81.9487533569336,10561400
2026-02-11,MRVL,81.27925109863281,11636700
2026-02-12,MRVL,78.17157745361328,13643800
2026-02-13,MRVL,78.5512924194336,7615400
2026-02-17,MRVL,78.95099639892578,10568500
2026-02-18,MRVL,79.03092193603516,8408200
2026-02-19,MRVL,79.55054473876953,6512200
2026-02-20,MRVL,79.42064666748047,8795300
2026-02-23,MRVL,77.73190307617188,11622600
2026-02-24,MRVL,78.33145141601562,8396200
2026-02-25,MRVL,80.85955810546875,10524700
2026-02-26,MRVL,79.23078155517578,12326500
2026-02-27,MRVL,81.62899017333984,20253800
2026-03-02,MRVL,80.79960632324219,15228500
2026-03-03,MRVL,77.45211791992188,15826400
2026-03-04,MRVL,78.03167724609375,14677500
2026-03-05,MRVL,75.62348175048828,42620200
2026-03-06,MRVL,89.50310516357422,90071100
2026-03-09,MRVL,92.58080291748047,38873500
2026-03-10,MRVL,93.2303237915039,26499500
2026-03-11,MRVL,90.3724594116211,18446200
2026-03-12,MRVL,87.60452270507812,16854400
2026-03-13,MRVL,87.79438018798828,14108100
2026-03-16,MRVL,91.51160430908203,15875500
2026-03-17,MRVL,90.7221908569336,11622600
2026-03-18,MRVL,87.5545654296875,16096700
2026-03-19,MRVL,89.463134765625,13388800
2026-03-20,MRVL,87.84434509277344,25570400
2026-03-23,MRVL,90.09266662597656,14126700
2026-03-24,MRVL,92.29102325439453,13731200
2026-03-25,MRVL,98.37647247314453,22562400
2026-03-26,MRVL,97.60704803466797,26078500
2026-03-27,MRVL,94.80913543701172,16507100
2026-03-30,MRVL,87.74442291259766,21463200
2026-03-31,MRVL,98.97602844238281,51286100
2026-04-01,MRVL,106.63030242919922,44072500
2026-04-02,MRVL,107.0300064086914,23667100
2026-04-06,MRVL,109.42822265625,22700500
2026-04-07,MRVL,109.29830932617188,18965200
2026-04-08,MRVL,114.3645248413086,29455900
2026-04-09,MRVL,119.8404312133789,32718500
2026-04-10,MRVL,128.45831298828125,41187000
2026-04-13,MRVL,131.2676239013672,31264700
2026-04-14,MRVL,133.7969970703125,33600700
2026-04-15,MRVL,134.56680297851562,23450100
2026-04-16,MRVL,133.33709716796875,20830200
2026-04-17,MRVL,139.65554809570312,26341300
2026-04-20,MRVL,147.80352783203125,39548500
2026-04-21,MRVL,151.27267456054688,31901100
2026-04-22,MRVL,157.2812042236328,30765800
2026-04-23,MRVL,165.5191650390625,36938700
2026-04-24,MRVL,164.26947021484375,37599100
2026-04-27,MRVL,158.17098999023438,30281800
2026-04-28,MRVL,153.19219970703125,27128700
2026-04-29,MRVL,156.53138732910156,20649000
2026-04-30,MRVL,165.10926818847656,20327000
2026-05-01,MRVL,164.90931701660156,13071700
2026-05-04,MRVL,163.61964416503906,14547000
2026-05-05,MRVL,168.7083740234375,22284400
2026-05-06,MRVL,172.10752868652344,23205300
2026-05-07,MRVL,159.9705352783203,23683600
2026-05-08,MRVL,170.08804321289062,20589000
2026-05-11,MRVL,170.79786682128906,22947600
2026-05-12,MRVL,164.4594268798828,21367800
2026-05-13,MRVL,177.90611267089844,31862600
2026-05-14,MRVL,182.53497314453125,32661100
2026-05-15,MRVL,176.84637451171875,24757300
2026-05-18,MRVL,168.88832092285156,24439000
2026-05-19,MRVL,176.22653198242188,25003300
2026-05-20,MRVL,186.75393676757812,29808100
2026-05-21,MRVL,190.64297485351562,21506100
2026-05-22,MRVL,196.28158569335938,19823200
2026-05-26,MRVL,208.20863342285156,42558200
2026-05-27,MRVL,198.65098571777344,54198500
2026-05-28,MRVL,204.77947998046875,52624900
2026-05-29,MRVL,204.94943237304688,34024700
2026-06-01,MRVL,219.37586975097656,32926900
2026-06-02,MRVL,290.7182922363281,112646200
2026-06-03,MRVL,301.5755920410156,115542800
2026-06-04,MRVL,316.3519592285156,86903500
2026-06-05,MRVL,263.405029296875,93976400
2026-06-08,MRVL,288.7787780761719,84575500
2026-06-09,MRVL,266.8141784667969,94754500
2026-06-10,MRVL,252.52769470214844,54175100
2026-06-11,MRVL,280.6407470703125,57254500
2026-06-12,MRVL,279.6310119628906,42047300
2026-06-15,MRVL,308.8038330078125,54963600
2026-06-16,MRVL,278.6012878417969,59201300
2026-06-17,MRVL,289.4685974121094,50607300
2026-06-18,MRVL,310.5033874511719,250989400
2026-06-22,MRVL,307.7840576171875,49225100
2026-06-23,MRVL,278.97119140625,46361100
2026-06-24,MRVL,276.63177490234375,35747400
2026-06-25,MRVL,281.1906433105469,39131600
2026-06-26,MRVL,266.7041931152344,41986200
2026-06-29,MRVL,277.6814880371094,31749200
2026-06-30,MRVL,297.8165283203125,37520100
2026-07-01,MRVL,271.9828796386719,33822700
2026-07-02,MRVL,245.2294921875,38435900
2026-07-06,MRVL,249.20852661132812,25703100
2026-07-07,MRVL,230.64309692382812,36163800
2026-07-08,MRVL,231.65286254882812,25541800
2026-07-09,MRVL,243.2100067138672,21245300
2026-07-10,MRVL,235.80999755859375,15106000
2026-07-13,MRVL,217.52999877929688,25615300
2026-07-14,MRVL,222.44000244140625,20705500
2026-07-15,MRVL,206.25999450683594,26827600
2026-07-16,MRVL,188.3000030517578,34893000
2026-07-17,MRVL,188.67999267578125,29656300
2026-07-20,MRVL,194.94000244140625,25070600
2026-07-21,MRVL,207.9600067138672,22153600
2026-07-22,MRVL,210.99000549316406,16890300
2026-07-23,MRVL,209.32000732421875,16359900
2026-07-24,MRVL,194.22999572753906,19837100
2026-07-27,MRVL,189.1699981689453,21637700
2026-07-28,MRVL,174.47000122070312,29188500
2026-07-29,MRVL,163.39999389648438,25708900
2026-07-30,MRVL,183.3000030517578,29861700
2026-07-31,MRVL,187.55999755859375,26835500
2026-08-03,MRVL,193.77999877929688,21015800
2026-08-04,MRVL,218.58999633789062,33923400
2026-08-05,MRVL,211.02000427246094,16884600
2026-08-06,MRVL,210.5399932861328,16804200
2026-08-07,MRVL,218.72000122070312,19663400
2026-08-10,MRVL,208.55999755859375,20948500
2026-08-11,MRVL,212.30999755859375,15429200
2026-08-12,MRVL,217.0800018310547,25134300
2026-08-13,MRVL,222.17999267578125,19255500
2026-08-14,MRVL,222.02000427246094,14487800
2026-08-17,MRVL,234.3300018310547,21113500
2026-08-18,MRVL,216.0,25860700
2026-08-19,MRVL,237.27000427246094,44011800
2026-08-20,MRVL,251.00999450683594,29226500
2026-08-21,MRVL,237.0399932861328,25526600
2026-08-24,MRVL,229.2899932861328,18791400
2026-08-25,MRVL,240.3800048828125,21347000
2026-08-26,MRVL,245.11000061035156,17107000
2026-08-27,MRVL,241.4499969482422,41014700
2026-08-28,MRVL,216.6199951171875,48979900
2026-08-31,MRVL,211.66000366210938,23650800
2026-09-01,MRVL,210.38999938964844,22284200
2026-09-02,MRVL,206.47999572753906,15224800
2026-09-03,MRVL,208.8300018310547,18768900
2026-09-04,MRVL,223.5500030517578,21218100
2026-09-08,MRVL,225.41000366210938,20618200
2026-09-09,MRVL,235.00999450683594,20477900
2026-09-10,MRVL,226.9600067138672,16467600
2026-09-11,MRVL,236.10000610351562,17310200
2026-09-14,MRVL,218.82000732421875,22196800
2026-09-15,MRVL,221.6999969482422,12742900
2026-09-16,MRVL,229.7100067138672,16377400
2026-09-17,MRVL,240.75999450683594,20969900
2026-09-18,MRVL,244.25,23635600
2026-09-21,MRVL,257.3800048828125,21466200
2026-09-22,MRVL,262.3599853515625,19926600
2026-09-23,MRVL,260.8999938964844,13683600
2026-09-24,MRVL,258.95001220703125,13378300
